duration,fwd_mean_header_bytes,packets_IAT_mean,fwd_packets_IAT_median,total_header_bytes,fwd_median_header_bytes,packet_IAT_max,fwd_packets_IAT_mode,max_header_bytes,fwd_mode_header_bytes,packet_IAT_min,bwd_packets_IAT_total,min_header_bytes,fwd_init_win_bytes,packet_IAT_total,handshake_duration,mean_header_bytes,packets_rate,packets_IAT_median,mean_packets_delta_time,median_header_bytes,bwd_packets_rate,packets_IAT_mode,variance_packets_delta_time,mode_header_bytes,fwd_packets_rate,fwd_packets_IAT_mean,std_packets_delta_time,fwd_total_header_bytes,syn_flag_percentage_in_total,fwd_packets_IAT_max,median_packets_delta_time,fwd_max_header_bytes,ack_flag_percentage_in_total,fwd_packets_IAT_min,median_bwd_packets_delta_time,fwd_min_header_bytes,fwd_syn_flag_percentage_in_total,fwd_packets_IAT_total,median_fwd_packets_delta_time,label,activity
0.13945507,0.024687115,0.0,0.0,20,0.018298399,375979.06,573871.6,20,0.0,-1.1920929e-06,0.0,20,0,131961.94,-0.9996465,20.003077,5.3898,0.0,109.839554,20.0,14.135318,0.0,0.0,20.0,4.006628,0.0,0.0,19,9.9880905e-05,0.0,110.950325,0,0.5009589,654317.8,109.66837,0,0.00020230463,695394.25,0.0,Attack,Attack-TCP-Flag-ACK-PSH
0.0,20.001764,397796.97,1702860500.0,32,20.001509,285745.6,1702987800.0,20,20.0,373956.2,1701994200.0,20,1119,494602.03,-1.0,20.0,18605.604,106575.41,0.11149194,20.0,6476.806,334252.0,1.8593189,20.0,8283.38,1703014700.0,0.014535076,7,0.5000915,1703023200.0,0.11989503,20,0.49970883,1702726000.0,0.0,20,0.500087,1702699400.0,0.0050447285,Benign,Benign
0.0,39.981052,1702845300.0,1702658400.0,20,39.98448,1702659100.0,1702826800.0,40,40.0,1703023200.0,0.0,40,64203,1703023200.0,-1.0,39.9975,0.0,1702476700.0,0.006066947,40.0,1.5775955,1702865300.0,0.0,40.0,0.0,1702964100.0,0.017730469,18,1.0,1703023200.0,0.0,40,7.746586e-06,1703023200.0,0.0,40,1.0,1703023200.0,0.0061177523,Attack,Attack-TCP-BYPass-V1
0.0,32.109684,322048.66,1703023200.0,20,31.834942,839224.4,1702963500.0,32,32.0,-1.1920929e-06,1701396700.0,20,6194,0.0,-1.0,24.5659,20441.635,0.0,0.14548345,26.0,6151.3555,632978.56,0.0,20.0,7770.864,1702805800.0,0.0,11,0.50005376,1703023200.0,0.11782499,32,0.50068694,1703023200.0,0.0,32,0.5002993,1702846100.0,0.05461238,Attack,Attack-TCP-SYN
0.0,32.096977,631383.7,1702782100.0,20,31.81447,0.0,1703023200.0,32,32.0,391803.12,1702346400.0,20,65535,0.0,-0.99966353,26.881647,15285.32,0.0,0.076814994,26.0,8722.257,755659.75,1.2090317,20.0,10181.358,1702551400.0,0.0,66,0.4999627,1703023200.0,0.1165829,32,0.50062215,1703003300.0,0.0,32,0.4991861,1702533500.0,0.0,Benign,Benign
14.1947775,0.41771248,0.0,0.0,397,0.41775045,0.0,160475.0,44,44.0,-1.1920929e-06,0.0,44,64072,326495.44,-0.9998243,43.775417,19.009901,230135.02,167.21649,44.0,6.818743,379506.6,48.06627,44.0,2.9463859,0.0,0.22240584,319,0.9997659,9128.133,0.952629,44,0.0004718437,1708430.6,0.03835039,44,0.99991834,0.0,100.53257,Suspicious,Suspicious
0.0,24.008114,1702879200.0,1702888000.0,20,23.994247,1702880300.0,1702799400.0,24,24.0,1703023200.0,0.0,24,65329,1702965400.0,-0.99971604,23.995562,0.0,1702607600.0,0.0,24.0,12.219455,1702839900.0,4.152124,24.0,8.095599,1702635000.0,0.032365132,26,0.9999308,1703023200.0,0.0,24,0.0,1702920300.0,0.014208611,24,1.0,1702835500.0,0.01773601,Suspicious,Suspicious
24.380016,19.998,0.0,406373.62,392,19.989685,422574.97,403956.2,20,20.0,-1.1920929e-06,0.0,20,941,149301.19,-0.9982189,20.0,40.027096,0.0,135.68507,20.0,17.548965,212956.27,44.609585,20.0,17.427038,0.0,0.22079754,168,0.00230968,224841.95,0.20117705,20,1.0,266907.62,0.09233785,20,0.000906328,133588.28,0.23077708,Benign,Benign-Web_Browsing_HTTP-S
0.12447284,0.0,318591.47,0.0,20,0.07988466,0.0,945444.6,20,0.0,-1.1920929e-06,35225.742,20,65,138114.92,-1.0,20.002384,20.53492,0.0,109.412056,20.0,20.400312,252314.14,0.0,20.0,4.73155,0.0,0.0,0,0.0,0.0,110.13857,0,0.5003708,484153.53,108.04084,0,0.0,0.0,0.0,Attack,Attack-TCP-Flag-SYN-ACK
0.115286484,0.0,233678.8,159911.44,20,0.025797952,483375.25,0.0,20,0.0,-1.1920929e-06,0.0,20,0,363854.9,-0.99967515,20.003607,24.373894,0.0,109.74244,20.0,26.693962,0.0,0.0,20.0,7.2128024,0.0,0.0,2,0.0,0.0,110.415886,0,0.5009336,1173083.9,108.63465,0,0.0,0.0,0.014064084,Attack,Attack-Killer-TCP
0.0,23.994978,1702743300.0,1702979000.0,20,23.991228,1702609900.0,1702575200.0,24,24.0,1703023200.0,0.0,24,64163,1702659000.0,-1.0,24.002352,0.0,1702533100.0,0.0,24.0,8.143444,1702799400.0,0.0,24.0,6.7324324,1702352300.0,0.0,4,0.99963063,1702872700.0,0.0,24,0.00021792181,1702806700.0,0.0,24,1.0,1702651100.0,0.00037767272,Benign,Benign
0.123162255,0.0,425676.1,60413.562,20,0.04402011,185307.6,481887.22,20,0.0,849694.94,0.0,20,115,197822.2,-0.99963033,20.007101,2.546944,0.0,109.78138,20.0,25.10487,1702673500.0,0.0,20.0,0.0,0.0,0.016270386,21,0.0,178391.39,0.0650283,0,0.5006363,273097.47,108.519806,0,0.00029020273,732484.56,0.0042355154,Suspicious,Suspicious
0.00036086643,23.98246,0.0,0.0,20,24.021646,1060422.4,526487.94,24,24.0,-1.1920929e-06,18415.803,24,966,393144.7,-1.0,24.01754,5578.456,412210.06,0.20688343,24.0,0.0,0.0,0.0,24.0,8696.196,0.0,0.17413093,31,0.999558,673390.3,0.19086768,24,0.0005026825,1131737.5,0.008650444,24,0.9995767,1255554.6,0.21020669,Benign,Benign
14.640194,31.36933,514135.94,1703023200.0,31,31.616665,0.0,1702698400.0,32,28.0,110394.85,0.0,20,8008,0.0,-0.9996571,30.06289,0.0,703086.1,16.797314,32.0,0.0,388321.34,40.27061,32.0,0.0,1702789800.0,0.22070718,0,0.5065515,1702719900.0,7.9938965,32,0.50602573,1702901100.0,103.26538,28,0.4936122,1702847600.0,0.17492919,Attack,Attack-TCP-Flag-OSYNP
0.0,40.02675,1702606700.0,1703023200.0,20,39.99759,1702607100.0,1702664300.0,40,40.0,1703023200.0,96147.98,40,64213,1702877000.0,-0.99990934,40.003994,0.0,1703023200.0,0.0,40.0,0.0,1702928400.0,0.0,40.0,0.0,1702507900.0,0.0019372412,40,0.9998054,1702887200.0,0.025685087,40,4.2112682e-05,1702885800.0,0.0,40,0.9999868,1703023200.0,0.030897856,Attack,Attack-TCP-BYPass-V1
0.0066561033,0.0,1702430100.0,187852.88,48,0.0,1702329600.0,0.0,20,0.0,1702673000.0,1702667900.0,20,25,1702994300.0,-0.99993813,20.0,0.0,1702692400.0,0.0157752,20.0,4.1099515,1702411300.0,0.0,20.0,0.0,0.0,0.0,2,0.0,0.0,0.027601793,0,1.0,-9.536743e-07,0.017949777,0,0.0,168226.69,0.0,Benign,Benign
0.005026206,24.013376,577450.8,1702624800.0,61,23.984295,555970.7,1703002100.0,24,24.0,-1.1920929e-06,1702256600.0,20,1047,0.0,-0.9998221,21.998276,11385.1455,0.0,0.14462243,22.0,6428.302,0.0,2.0563571,20.0,6806.9517,1702514300.0,0.0,18,0.4992431,1702814500.0,0.1586339,24,0.5005051,1703023200.0,0.0064369105,24,0.5004357,1702852000.0,0.0,Benign,Benign
7.412315,32.719784,0.0,0.0,296,0.4175575,403091.72,0.0,36,36.0,-1.1920929e-06,0.0,36,29089,86267.016,-1.0,36.895893,61.924362,8201.412,112.12334,36.0,25.251772,0.0,9.965048,36.0,0.0,0.0,0.105411656,199,0.9999144,0.0,11.23619,36,0.0,121558.32,0.0,36,1.0,0.0,113.27951,Benign,Benign-Telnet
0.0,0.4176932,0.0,1702408800.0,149,20.112005,0.0,1702899600.0,28,28.0,126525.16,1701971600.0,20,10012,306366.75,-1.0,24.015734,16623.152,0.0,0.1635397,24.0,2431.1506,309439.84,4.410129,20.0,4505.7324,1702276400.0,0.0,71,0.49841467,1703023200.0,0.17208448,28,0.4995136,1703023200.0,0.03835849,28,0.5006351,1702435000.0,0.0,Benign,Benign
0.0025217878,0.0,1702988000.0,0.0,56,0.0,1702738000.0,0.0,20,0.0,1701743400.0,1702056000.0,20,29,1702561700.0,-0.99976975,20.000072,23.248335,1702321900.0,0.0,20.0,0.0,1702735500.0,0.0,20.0,2.8777754,0.0,0.015372874,11,0.0,0.0,0.000364686,0,0.9981387,-9.536743e-07,0.0,0,0.0,0.0,0.0,Benign,Benign-Email-Send
0.0,23.98601,1702974100.0,1702839200.0,20,23.98927,1702417300.0,1702585700.0,24,24.0,1703023200.0,0.0,24,1034,1703023200.0,-1.0,23.994417,0.0,1702497700.0,0.0056391177,24.0,0.0,1702635000.0,0.015624903,24.0,2.9939413,1702454000.0,0.005897704,33,0.9999402,1702772500.0,0.0,24,0.00017722898,1702860800.0,0.0,24,0.9998539,1702497700.0,0.012067278,Benign,Benign
0.0,20.018005,626768.44,0.0,50,20.002016,0.0,608908.4,20,20.0,423298.6,1701542100.0,20,1169,0.0,-1.0,20.0,32879.99,270429.78,0.035592914,20.0,15561.85,254630.7,8.096001,20.0,19325.143,0.0,0.0076463516,34,0.49987394,982666.75,0.060091812,20,0.5007885,-9.536743e-07,0.008142483,20,0.49885988,0.0,0.011438125,Benign,Benign
8.900482,39.78652,0.0,0.0,305,0.41718176,0.0,0.0,36,36.0,-1.1920929e-06,0.0,36,29708,407652.4,-1.0,35.755997,0.0,0.0,111.92564,36.0,0.62588084,0.0,12.094565,36.0,0.0,0.0,0.12182025,222,1.0,0.0,2.766355,36,0.0,-9.536743e-07,0.0,36,1.0,0.0,111.29205,Benign,Benign-SSH
0.0005899536,40.025417,1703023200.0,1702929800.0,66,40.023663,1702716500.0,1702929500.0,40,40.0,1703023200.0,0.0,40,64312,1702966800.0,-0.99982524,39.985424,0.0,1702870800.0,0.0,40.0,0.0,1702902900.0,0.0,40.0,0.0,1702843600.0,0.003580843,37,1.0,1702759300.0,0.014899499,40,0.00044038778,1702900700.0,0.0,40,0.99987096,1703023200.0,0.011243337,Attack,Attack-TCP-BYPass-V1
0.0,39.99525,1702779500.0,1702888100.0,20,39.988518,1702827100.0,1702544500.0,40,40.0,1702866400.0,0.0,40,64178,1702982400.0,-0.99990034,40.000935,0.0,1703023200.0,0.0,40.0,0.54982024,1702933100.0,0.58972883,40.0,0.0,1702944500.0,0.0,38,1.0,1702894700.0,0.016741628,40,0.0,1702988700.0,0.0,40,1.0,1702760100.0,0.0208058,Attack,Attack-TCP-BYPass-V1
0.0025112866,20.006441,1702850200.0,1702965200.0,20,19.996782,1703010200.0,1702597400.0,20,20.0,1702789400.0,0.0,20,195,1702555400.0,-1.0,20.00225,20.989708,1702760100.0,0.0,20.0,2.6652703,1702392600.0,0.0,20.0,5.617037,1702606100.0,0.0,18,0.0004907858,1702898000.0,0.0,20,0.0006933729,1702787100.0,0.0,20,0.0,1702986100.0,0.0,Attack,Attack-TCP-Valid-SYN
0.0014169423,24.01691,32261.637,1702772700.0,87,23.976261,0.0,1703023200.0,24,24.0,-1.1920929e-06,1700408600.0,20,65535,0.0,-1.0,21.999037,19218.547,133658.19,0.08419257,22.0,13658.64,0.0,4.263833,20.0,10917.645,1702535600.0,0.006738247,45,0.49993247,1703023200.0,0.08137146,24,0.50035506,1702981600.0,0.0,24,0.49942526,1702610300.0,0.0,Benign,Benign
0.005685895,20.032385,1702872400.0,1702914400.0,20,19.973532,1702819800.0,1702610400.0,20,20.0,1703023200.0,0.0,20,1168,1702997600.0,-1.0,20.004797,0.0,1702661900.0,0.007176874,20.0,0.0,1702882800.0,4.787239,20.0,9.460453,1702740700.0,0.01613184,43,0.0,1702954200.0,0.02985645,20,0.99868363,1703023200.0,0.0,20,0.0,1702251600.0,0.0,Suspicious,Suspicious
0.00408055,32.091133,1702645900.0,1702735500.0,50,31.963598,1702688800.0,1702573400.0,32,32.0,1702811400.0,0.0,32,324,1702564000.0,-0.99969125,31.756472,15.646961,1702932200.0,0.0,32.0,2.4885004,1702826400.0,0.0,32.0,1.573345,1702718200.0,0.022935238,19,0.0009813864,1702767600.0,0.0048133866,32,0.9997952,1702448800.0,0.0,32,0.0,1702456200.0,0.0076244227,Benign,Benign-Web_Browsing_HTTP-S
11.257752,31.76626,0.0,54892.285,182,31.9148,30597.176,260686.47,32,32.0,-1.1920929e-06,0.0,32,328,0.0,-0.9996823,33.02426,0.0,72319.28,10.411877,32.0,0.0,310005.62,13.810715,32.0,0.0,0.0,0.14849614,174,0.0017119367,0.0,75.62005,32,0.99655193,210939.12,0.03459005,32,0.0011896342,0.0,0.19446546,Benign,Benign-SSH
0.0,23.988634,1703023200.0,1702863500.0,20,23.994009,1702675100.0,1702556000.0,24,24.0,1703023200.0,0.0,24,1085,1702556700.0,-1.0,24.001852,7.9827857,1702934100.0,0.0,24.0,0.0,1703023200.0,1.251139,24.0,9.108654,1702657800.0,0.0,0,0.9996561,1702587500.0,0.0,24,0.00024795337,1702439000.0,0.025733432,24,1.0,1702554800.0,0.0048295767,Benign,Benign
0.0,24.001001,1702881300.0,1703023200.0,20,23.999971,1703023200.0,1703023200.0,24,24.0,1702971100.0,0.0,24,1159,1703023200.0,-1.0,24.003244,0.0,1702987300.0,0.0026710862,24.0,2.169661,1702960800.0,0.0,24.0,7.8749514,1702883500.0,0.0,0,0.0007233967,1703023200.0,0.0,24,0.00019964694,1703023200.0,0.0,24,0.0,1702915800.0,0.0,Benign,Benign-Web_Browsing_HTTP-S
0.00055357255,0.006722662,1702705300.0,0.0,20,0.0,1702670000.0,0.0,20,0.0,1702723200.0,1702162800.0,20,60,1702664800.0,-0.9998695,20.0,0.0,1702928300.0,0.018280154,20.0,0.0,1702946400.0,0.0,20.0,0.10300601,0.0,0.0007255998,0,0.00018362145,355899.25,0.0,0,0.998508,389710.06,0.008837706,0,0.00013720208,0.0,0.0005858412,Benign,Benign
0.0036400026,23.993565,1702704600.0,1702950800.0,20,23.988586,1702506000.0,1702506800.0,24,24.0,1702920700.0,0.0,24,1022,1702744800.0,-0.9999447,23.995926,2.2071574,1702266800.0,0.0,24.0,1.0577325,1702766500.0,0.60821277,24.0,8.332316,1702317800.0,0.0010227374,25,0.9998718,1702689800.0,0.013378331,24,0.0,1702644600.0,0.0,24,1.0,1702950700.0,0.011115469,Attack,Benign-FTP
0.0,40.01235,1702945200.0,1702905900.0,20,39.980175,1703023200.0,1702696600.0,40,40.0,1703023200.0,0.0,40,64174,1703023200.0,-1.0,40.00532,0.0,1702922200.0,0.0,40.0,2.4746222,1702935800.0,0.0,40.0,0.0,1703023200.0,0.004478004,39,0.99991494,1703023200.0,0.0,40,0.00010793779,1703023200.0,0.0,40,0.9998081,1702929500.0,0.012563519,Attack,Attack-TCP-BYPass-V1
0.007112073,24.016085,0.0,1702868000.0,32,23.986027,401378.28,1702819100.0,24,24.0,339698.34,1703023200.0,20,1043,365300.1,-0.9998864,22.00016,20830.094,0.0,0.05764633,20.0,10438.56,0.0,3.8999436,20.0,10027.777,1702772700.0,0.029273404,39,0.49943194,1703023200.0,0.06836773,24,0.5004895,1703011300.0,0.0,20,0.50053066,1702943600.0,0.0,Suspicious,Suspicious
0.09668782,23.999128,0.0,0.0,23,24.003416,0.0,440258.94,24,24.0,-1.1920929e-06,15884.344,24,1076,46880.96,-0.9999538,23.987394,9098.113,20188.705,0.12285448,24.0,0.0,0.0,0.0,24.0,9772.769,0.0,0.14466189,68,0.99888873,537924.94,0.14907031,24,0.00020619278,760404.7,0.0,24,0.9988505,632328.9,0.18130544,Benign,Benign
0.0,31.93814,1702943900.0,1703023200.0,20,31.872974,1702606600.0,1702708000.0,32,32.0,1702381800.0,11507.025,32,1201,1702575700.0,-0.99992156,31.558615,0.0,1702647200.0,0.027104912,32.0,0.0,1702758700.0,0.8016243,32.0,1.8306667,1702366700.0,0.0,22,0.00037089808,1702676200.0,0.011192933,32,1.0,1702830800.0,0.0,32,0.0,1702712300.0,0.010906977,Benign,Benign
0.0,20.003374,282581.78,1702637800.0,51,20.00281,0.0,1702748000.0,20,20.0,592011.6,0.0,20,1118,0.0,-1.0,20.00016,90066.84,0.0,0.012573198,20.0,72974.98,684804.5,3.894136,20.0,37857.645,1702565000.0,0.02612217,12,0.6670004,1702837800.0,0.036564153,20,0.3334398,1702783700.0,0.05231066,20,0.33145103,1702624100.0,0.003029629,Benign,Benign
0.0,0.41756618,0.0,1702440100.0,75,0.4176324,0.0,1702647400.0,28,28.0,37254.39,1701851100.0,20,9764,0.0,-1.0,28.795515,5758.386,0.0,0.07879061,24.0,5699.593,619283.7,0.0,20.0,5400.5933,1702435500.0,0.0,26,0.4975059,1702883000.0,1.0607039,28,0.49879318,1702980900.0,0.030839121,28,0.5003662,1702892900.0,0.0,Attack,Attack-TCP-Flag-RST-ACK
11.501979,39.783493,0.0,1702782200.0,162,0.33195528,0.0,1702828300.0,28,28.0,-1.1920929e-06,227812.92,20,8231,232593.8,-0.9998626,29.777504,0.0,0.0,8.52323,28.0,0.0,192498.84,32.018444,28.0,2.5577593,1702374700.0,0.20619042,47,0.9960051,1703023200.0,3.6779041,28,0.0,1702868400.0,0.036031805,28,0.99860454,1703023200.0,0.0,Attack,Attack-TCP-Flag-SYN-TIME
0.0,23.991983,1702783000.0,1702929000.0,20,23.991337,1702975100.0,1702873500.0,24,24.0,1702968600.0,0.0,24,1113,1702836900.0,-0.9999896,23.99931,0.0,1702742400.0,0.0,24.0,4.2211056,1702880600.0,0.4776778,24.0,3.9060774,1702705800.0,0.0,1,0.9997588,1703004000.0,0.009979644,24,6.99225e-05,1702921700.0,0.0,24,0.99986964,1702671400.0,0.009835104,Attack,Attack-TCP-Flag-ACK-PSH
13.429712,0.39832723,0.0,816942.25,53,39.803764,0.0,897711.9,32,28.0,-1.1920929e-06,0.0,20,72,0.0,-1.0,29.629278,0.0,0.0,115.096344,32.0,0.0,188769.31,17.872536,32.0,12.331807,0.0,0.16343696,59,0.9991337,583578.56,13.453285,32,0.9921804,859502.5,0.07455949,28,0.9999826,127505.445,112.55147,Attack,Attack-TCP-Flag-OSYN
0.0,39.87619,1702819500.0,1703023200.0,20,39.96939,1702779600.0,1702500100.0,40,40.0,1703023200.0,0.0,40,64157,1702928800.0,-0.9997257,39.994614,28.466908,1702676200.0,0.0,40.0,3.1301115,1702874100.0,0.0,40.0,0.0,1702479700.0,0.0019344721,52,1.0,1702658400.0,0.0,40,3.407571e-05,1702745700.0,0.0,40,1.0,1703023200.0,0.0063157114,Attack,Attack-TCP-BYPass-V1
0.0014403374,20.02481,1702711400.0,1702869100.0,20,19.992458,1702508800.0,1702362800.0,20,20.0,1702431900.0,84756.87,20,1109,1703023200.0,-1.0,20.00081,0.0,1702530600.0,0.021064134,20.0,0.0,1702421500.0,0.0,20.0,4.0905757,1702469000.0,0.0022741929,0,0.00045405256,1702899600.0,0.019537503,20,0.00067363266,1702971600.0,0.010930126,20,0.0,1702747600.0,0.0,Benign,Benign
0.0028768394,19.991869,1702566900.0,1702992300.0,20,19.996181,1702985700.0,1702736800.0,20,20.0,1702366500.0,150599.7,20,1223,1702902800.0,-1.0,20.003088,0.0,1702639600.0,0.0,20.0,4.802636,1702952300.0,0.0,20.0,3.2963946,1702940200.0,0.0013062131,0,0.0004744791,1702973300.0,0.0,20,0.9995849,1702654300.0,0.0,20,0.0,1702725900.0,0.008071893,Benign,Benign-Systemic
0.0026670494,32.110153,0.0,1702774900.0,142,31.820309,336516.94,1703023200.0,32,32.0,68347.766,1702485900.0,32,229,0.0,-0.99901086,30.450037,3652.6394,0.0,0.081425115,32.0,5174.117,131581.02,5.4620795,32.0,4328.945,1702720100.0,0.06943325,85,0.50029624,1703023200.0,0.11395561,32,0.5006246,1703023200.0,0.0,32,0.50053257,0.0,0.02256991,Benign,Benign-SSH
0.0,24.015623,0.0,1702757800.0,20,0.0,217488.2,1702683900.0,24,24.0,236484.06,1702317200.0,20,1090,579885.94,-0.9996361,21.989723,22212.723,149459.39,0.12806708,22.0,10890.169,0.0,0.39097154,20.0,7340.196,1702467800.0,0.009666951,0,0.4987479,1703023200.0,0.09874669,24,0.5004959,1703023200.0,0.00673414,24,0.5006986,1702744200.0,0.0,Benign,Benign
0.00037561153,39.98917,0.0,1702939000.0,46,40.01107,211956.86,1702782300.0,40,40.0,425367.34,1702520000.0,20,29034,0.0,-1.0,30.033222,34318.34,525544.94,0.048811123,30.0,12813.422,0.0,3.7430775,20.0,10254.73,1702972800.0,0.012845904,34,0.49986207,1703023200.0,0.028311428,40,0.4995938,1702925200.0,0.007922194,40,0.49977374,1702919300.0,0.0,Attack,Attack-TCP-Flag-SYN-TIME
0.0027809686,39.791676,1702215600.0,1702815100.0,20,39.795322,1702289000.0,1702709600.0,28,28.0,1702524300.0,0.0,28,65535,1703023200.0,-0.9999961,27.197584,0.0,1703006800.0,0.0030313255,28.0,0.0,1703023200.0,0.0,28.0,0.0,1702404200.0,0.0071156677,0,1.0,1702841700.0,0.0011706173,28,0.000596527,1702637200.0,0.016355122,28,0.99964607,1702338700.0,0.0,Benign,Benign-Systemic
0.0020099687,20.009792,0.0,1702841200.0,25,19.99652,0.0,1702680800.0,20,20.0,366192.12,1702336100.0,20,65535,116524.914,-0.99980587,20.004787,18583.566,0.0,0.097966515,20.0,7089.809,25067.809,0.0,20.0,10047.692,1702765400.0,0.026982266,16,0.5007206,1702833700.0,0.12531927,20,0.49989742,1702897000.0,0.0,20,0.49979553,1702766000.0,0.0,Benign,Benign
0.00748061,0.010926831,1702547300.0,1702667100.0,20,0.0,1702757900.0,1702143700.0,20,0.0,1702462800.0,1701472400.0,20,66,1702693800.0,-1.0,20.0045,9.898875,1702346400.0,0.0737808,20.0,0.0,1702712200.0,0.95106477,20.0,0.0,1702523400.0,0.027192783,2,0.0,408603.84,0.04871149,0,0.999584,1702954800.0,0.0068999873,20,0.0013024603,1702558800.0,0.011423893,Benign,Benign-Email-Send
0.0,23.982002,1702585600.0,1702705400.0,20,24.007988,1702650500.0,1702548200.0,24,24.0,1702365200.0,0.0,24,1238,1702540300.0,-1.0,23.997421,0.0,1702764800.0,0.0,24.0,0.0,1702695300.0,0.0,24.0,6.638391,1702465300.0,0.0,0,9.076944e-05,1702859800.0,0.0,24,0.00010603475,1702688900.0,0.0,24,0.00026089652,1702607400.0,0.013158507,Benign,Benign
0.05606001,32.727974,0.0,0.0,693,24.130432,0.0,732226.0,44,44.0,-1.1920929e-06,136678.47,28,65428,0.0,-0.9995684,44.0,16.76876,0.0,125.7014,44.0,23.647118,328143.2,48.076336,44.0,37.286144,54896.914,0.22248572,311,1.0,0.0,0.30067784,44,0.0014718779,1789470.4,0.0,28,0.9999676,0.0,0.26249164,Benign,Benign-SSH
0.0053557334,23.985685,369946.84,0.0,107,23.994902,204381.14,324839.03,24,24.0,-1.1920929e-06,249825.5,24,65516,0.0,-0.9996804,23.998379,7902.5894,0.0,0.16797042,24.0,0.43406785,342955.28,0.7576352,24.0,9214.393,0.0,0.15697862,81,0.99983144,0.0,0.1803187,24,0.00018817541,515342.9,0.0015415448,24,0.99979717,0.0,0.18005465,Benign,Benign-Email-Send
0.16423695,0.08462773,77662.63,0.0,31,0.089772165,0.0,435281.03,20,0.0,154996.6,164231.98,20,86,422230.88,-1.0,20.011608,6.1492195,0.0,111.11648,20.0,18.554638,0.0,0.0,20.0,4.7305117,0.0,0.0,27,0.0,0.0,110.78961,0,0.5013553,990123.6,108.42957,0,0.0,503844.78,0.0,Attack,Attack-TCP-Flag-SYN
0.002214995,0.05833945,567167.06,0.0,20,0.030063478,449277.75,0.0,24,0.0,388081.34,0.0,20,0,0.0,-0.9999516,22.021908,46573.766,399429.56,0.022832625,22.0,110123.22,103271.29,3.424862,20.0,0.21712981,0.0,0.0,0,0.4995299,712632.6,0.036019128,0,0.5012402,435791.66,0.042988833,0,0.0010665552,0.0,0.014446255,Benign,Benign
0.0,32.08767,1702666000.0,1702931500.0,20,31.902288,1702728800.0,1702407400.0,32,32.0,1702324500.0,203504.78,32,206,1702639600.0,-1.0,31.338104,0.0,1702145000.0,0.0,32.0,0.0,1703023200.0,0.0,32.0,0.0,1702353500.0,0.001834929,19,0.99897206,1702715600.0,0.024111237,32,0.0,1702578200.0,0.0,32,1.0,1702195200.0,0.021377781,Benign,Benign-SSH
0.0031003358,23.973156,1702831600.0,1702739200.0,20,23.988867,1702579300.0,1702849500.0,24,24.0,1702607200.0,0.0,24,1077,1703023200.0,-1.0,23.99634,3.3684883,1702757800.0,0.0,24.0,0.0,1702794400.0,0.0,24.0,0.0,1702621400.0,0.0041749994,25,0.9999526,1703023200.0,0.0,24,0.0002535894,1702849300.0,0.0,24,1.0,1702997200.0,0.020082701,Benign,Benign
0.055399,32.67848,0.0,0.0,611,24.128057,164960.62,156386.61,44,44.0,-1.1920929e-06,0.0,28,65488,0.0,-0.99892706,42.506554,43.293606,202124.03,0.08540544,32.0,26.343416,311706.34,42.448833,32.0,12966.234,0.0,0.22047834,279,1.0,810386.9,0.22027875,44,0.00072406256,629724.3,0.04539827,28,0.9992932,19049.824,0.24562609,Benign,Benign-SSH
0.0019174516,20.029442,1702249600.0,1702533600.0,58,19.994806,1702994800.0,1702632100.0,20,20.0,1702670300.0,0.0,20,1097,1703023200.0,-0.99983144,20.005222,0.0,1702829600.0,0.012594148,20.0,0.0,1702713300.0,0.4436564,20.0,0.0,1702496400.0,0.014392131,0,0.0,1702557400.0,0.002101906,20,0.9996625,1703023200.0,0.0,20,0.0005574493,1702481000.0,0.0,Benign,Benign
0.0,40.025436,1703023200.0,1703023200.0,20,39.98321,1703023200.0,1702662400.0,40,40.0,1702993900.0,0.0,40,64200,1703023200.0,-1.0,40.00197,6.2725406,1702578200.0,0.0045274636,40.0,11.179672,1703023200.0,0.0,40.0,0.0,1702629800.0,0.0073876763,47,0.9999667,1702990700.0,0.0,40,0.00014363123,1702755000.0,0.0,40,1.0,1702901600.0,0.02237013,Attack,Attack-TCP-BYPass-V1
0.0,40.01001,1702883200.0,1702982700.0,39,39.983,1702819600.0,1702803700.0,40,40.0,1703023200.0,0.0,40,64269,1703023200.0,-0.99993604,40.00195,3.738668,1702837800.0,0.0,40.0,5.1065316,1702921900.0,0.0,40.0,0.0,1702855600.0,0.00031663087,58,1.0,1702972900.0,0.0,40,0.0,1702939100.0,0.0,40,1.0,1702922900.0,0.0007583864,Attack,Attack-TCP-BYPass-V1
0.0,23.985336,1703023200.0,1703023200.0,20,23.991966,1702721300.0,1702718000.0,24,24.0,1702753200.0,0.0,24,1100,1703007000.0,-1.0,23.999395,0.0,1702478600.0,0.0,24.0,0.0,1703023200.0,0.0,24.0,0.0,1702550100.0,0.0,6,0.9998912,1702866000.0,0.0,24,0.0,1702680000.0,0.0,24,0.99975556,1702837600.0,0.006417501,Benign,Benign
0.0,40.010025,1703023200.0,1702940500.0,20,40.01044,1702330100.0,1702970900.0,40,40.0,1703023200.0,0.0,40,64214,1703023200.0,-1.0,39.995174,4.196256,1702936400.0,0.0,40.0,1.5146966,1702984600.0,0.39136875,40.0,0.0,1702882200.0,0.006990481,37,1.0,1703023200.0,0.0,40,7.999203e-05,1703023200.0,0.0,40,0.9998089,1702967200.0,0.027271861,Attack,Attack-TCP-BYPass-V1
0.0,32.002987,362405.22,1702652700.0,80,32.02469,0.0,1702963200.0,32,32.0,-1.1920929e-06,1701541000.0,20,1037,0.0,-0.9996097,26.32237,22392.105,0.0,0.074479945,26.0,8086.8213,172825.75,0.0,20.0,9217.41,1702373800.0,0.0,42,0.50078034,1702609000.0,0.12140815,32,0.5003333,1702710900.0,0.0,32,0.49962753,1702711800.0,0.0,Benign,Benign
0.0,20.003319,1702948000.0,0.0,33,19.997282,1702795900.0,0.0,20,20.0,1702334500.0,133496.83,20,1015,81353.24,-0.99977595,20.0,9.9951515,1702570900.0,0.048071682,20.0,2.806233,1702986200.0,2.1882124,20.0,7.649874,143822.12,0.07622889,36,0.66645414,78577.84,0.03963637,20,0.9996233,593897.7,0.0034278627,20,0.0,0.0,0.06443949,Benign,Benign
0.11921516,0.0,0.0,41689.684,20,0.021114016,0.0,231132.69,20,0.0,-1.1920929e-06,99823.42,20,0,399890.6,-1.0,20.0,5.8796563,10755.294,110.592834,20.0,8.093194,0.0,0.0,20.0,0.0,0.0,0.0,0,0.0,0.0,110.563225,0,0.5009886,153157.6,109.81161,0,0.0,798821.0,0.004452556,Attack,Attack-TCP-Control
0.0005855152,20.005753,0.0,1702555500.0,97,19.980896,0.0,1702782300.0,20,20.0,453793.47,1701738800.0,20,1217,0.0,-0.99968266,20.002573,19188.646,0.0,0.014788071,20.0,15242.699,465370.6,2.159735,20.0,10518.425,1702370400.0,0.011556735,68,0.5006777,1703023200.0,0.06477247,20,0.49960846,1702708700.0,0.0,20,0.49901477,1702459300.0,0.0,Benign,Benign
0.0,40.006073,1703023200.0,1703023200.0,20,40.00123,1702345500.0,1702877300.0,40,40.0,1702883000.0,31010.477,40,64253,1703023200.0,-1.0,39.992573,10.680504,1702955900.0,0.0,40.0,6.0175257,1702699500.0,0.0,40.0,0.0,1702783200.0,0.0030491957,25,1.0,1702950000.0,0.0,40,0.00013632982,1702869200.0,0.0,40,1.0,1702734100.0,0.016365763,Attack,Attack-TCP-BYPass-V1
0.0,40.036148,1702903800.0,1702771300.0,67,39.97871,1703023200.0,1702859900.0,40,40.0,1702844200.0,0.0,40,64253,1703023200.0,-1.0,39.99437,6.6029053,1703005700.0,0.023427114,40.0,4.771953,1702988200.0,1.6074802,40.0,0.0,1702676100.0,0.0058538346,70,0.99984396,1702913500.0,0.0,40,0.0,1703023200.0,0.0,40,0.9998648,1702712300.0,0.0,Attack,Attack-TCP-BYPass-V1
0.0,24.006773,110541.445,1702384400.0,29,23.997997,79005.92,1702882000.0,24,24.0,234793.84,1702321300.0,20,65535,0.0,-1.0,22.011587,20199.496,0.0,0.06005082,22.0,14926.875,426592.8,0.0,20.0,11123.436,1702415200.0,0.0010817283,2,0.4994778,1703023200.0,0.06751285,24,0.49989885,1702785700.0,0.0008413393,24,0.5001782,1702788200.0,0.0013552423,Benign,Benign
0.0,24.008705,1702665200.0,1703023200.0,20,23.991793,1702928900.0,1702545300.0,24,24.0,1702863400.0,0.0,24,1003,1703023200.0,-1.0,23.99528,0.0,1702293600.0,0.0,24.0,2.3297873,1702727700.0,0.0,24.0,0.0,1702310800.0,0.0029854763,0,0.99973154,1702839300.0,0.0,24,0.0,1702628600.0,0.0,24,1.0,1702760700.0,0.0,Benign,Benign
0.0,0.17662422,344904.0,0.0,20,0.05895234,0.0,120729.83,40,0.0,275390.9,0.0,20,39,0.0,-1.0,30.013237,26930.402,0.0,0.04608995,30.0,117431.39,562145.06,1.5329772,20.0,0.0,0.0,0.0,0,0.49813163,963654.7,0.04691745,0,0.5012165,11233.937,0.04772183,0,0.0006275422,0.0,0.02475213,Benign,Benign-Telnet
0.0,19.979757,1703023200.0,1703023200.0,34,19.982594,1702601100.0,1703023200.0,20,20.0,1703023200.0,0.0,20,76,1702864300.0,-1.0,20.001764,0.0,1702818700.0,0.0,20.0,3.5170782,1703023200.0,0.2681053,20.0,6.3225164,1703023200.0,0.012102078,14,0.00026765655,1703023200.0,0.0,20,0.0005621195,1703023200.0,0.0,20,0.0010297812,1703023200.0,0.0,Attack,Attack-TCP-Flag-SYN-TFO
0.0,24.002892,0.0,1702945800.0,30,23.98826,0.0,1702922100.0,24,24.0,595381.94,0.0,20,65449,350481.34,-0.99982387,22.00859,149991.12,0.0,0.050811652,24.0,101073.07,329820.97,2.9469097,24.0,13.76721,1702859500.0,0.01375214,18,0.5004384,1702866600.0,0.040465765,24,0.33402777,1702777700.0,0.01437725,24,0.33478573,1702745600.0,0.0,Benign,Benign
0.0,23.994232,124096.81,1702882000.0,59,23.987251,0.0,1702798500.0,24,24.0,-1.1920929e-06,1702407600.0,20,1033,104348.92,-0.9997445,22.005331,5183.0312,0.0,0.7720081,22.0,5339.7715,0.0,0.0,20.0,3456.945,1702731600.0,0.0,17,0.501112,1702913800.0,3.92432,24,0.5004047,1702894100.0,0.012109537,24,0.49989572,1702727300.0,0.0,Benign,Benign
0.0,39.989464,1703023200.0,1702476400.0,50,40.02353,1703023200.0,1702640600.0,40,40.0,1702622800.0,0.0,40,64298,1702929300.0,-0.99994624,39.988056,0.0,1702525000.0,0.012724011,40.0,0.0,1702918800.0,0.0,40.0,3.5985007,1702680000.0,0.0,45,0.99974996,1702970900.0,0.013329692,40,3.3737073e-05,1702831400.0,0.0,40,0.99985886,1703013000.0,0.0,Attack,Attack-TCP-BYPass-V1
0.0,40.00614,1702805500.0,1702801700.0,54,39.98829,1702823000.0,1702699400.0,40,40.0,1703023200.0,0.0,40,64311,1702915000.0,-0.9998403,39.995255,0.0,1702532100.0,0.0,40.0,0.0,1702821500.0,1.297951,40.0,0.0,1702839300.0,0.0,60,1.0,1702941600.0,0.0,40,0.00010437041,1702937100.0,0.008578177,40,1.0,1702820200.0,0.032314252,Attack,Attack-TCP-BYPass-V1
0.00049429253,40.00507,1703023200.0,1702762800.0,20,40.001408,1702549900.0,1702863500.0,40,40.0,1703023200.0,38730.805,40,64243,1703023200.0,-1.0,40.00845,0.0,1702674800.0,0.058074825,40.0,0.0,1702566000.0,0.0,40.0,0.0,1702784300.0,0.0,28,1.0,1702767000.0,0.0031282133,40,0.00021434795,1702555100.0,0.0,40,1.0,1703023200.0,0.012143756,Attack,Attack-TCP-BYPass-V1
0.0,20.015675,708581.2,1702397000.0,20,19.995937,0.0,1702890400.0,20,20.0,580314.1,0.0,20,1056,89043.945,-1.0,20.000525,90704.18,134705.03,0.039929215,20.0,41110.613,646258.25,2.0008454,20.0,27044.48,1702396400.0,0.019358184,0,0.66699606,1702843400.0,0.022332316,20,0.3327993,1702478800.0,0.06798068,20,0.33192432,1702555300.0,0.0,Benign,Benign
0.0,20.045553,1702749200.0,1703001500.0,20,19.987633,1702905600.0,1702726100.0,20,20.0,1702625200.0,169180.25,20,1118,1702942200.0,-1.0,20.002289,0.0,1702675700.0,0.0,20.0,0.0,1702980000.0,0.0,20.0,5.7541,1702599400.0,0.01601338,0,0.999787,1702908500.0,0.0,20,0.000105083986,1702691300.0,0.0,20,0.99947244,1702589800.0,0.00865326,Attack,Attack-TCP-Flag-ACK
0.0054934965,40.04854,31768.818,1702721900.0,92,39.99263,0.0,1702798800.0,40,40.0,672686.1,1702098200.0,20,29040,0.0,-0.99986917,30.080603,19614.574,0.0,0.09062038,30.0,11405.762,411072.25,2.6402,20.0,10472.856,1702620200.0,0.0019019179,74,0.50014096,1703023200.0,0.10548429,40,0.50054,1702920700.0,0.007491278,40,0.49931455,1702735500.0,0.020401273,Benign,Benign-Web_Browsing_HTTP-S
0.0,24.002434,158708.62,1702934000.0,20,24.000114,0.0,1703023200.0,24,24.0,-1.1920929e-06,1702202600.0,20,65535,5773.537,-0.9999114,22.004438,18352.146,70178.95,0.08428267,22.0,11548.313,441997.84,0.0,20.0,9996.046,1702954800.0,0.0,1,0.50051445,1702955400.0,0.05216286,24,0.5005211,1702832500.0,0.0,24,0.4997159,1702767100.0,0.0,Benign,Benign
0.0,31.920715,53378.67,1702742800.0,20,32.013165,97725.09,1703004300.0,32,32.0,208076.72,1702301700.0,20,65535,0.0,-1.0,25.88879,37348.973,0.0,0.047564737,26.0,11148.658,219638.47,0.0,20.0,10377.534,1702606100.0,0.0,44,0.4992532,1702934500.0,0.086174905,32,0.5006239,1703023200.0,0.0,32,0.49925599,1702908800.0,4.0033257e-05,Benign,Benign
0.0,40.022957,1702522500.0,1702841600.0,31,40.025436,1702521900.0,1702945900.0,40,40.0,1702996100.0,0.0,40,64187,1703023200.0,-1.0,40.00371,0.0,1702839800.0,0.03642057,40.0,7.486664,1702611300.0,0.0,40.0,0.0,1702514600.0,0.0015727916,43,1.0,1703023200.0,0.0,40,0.00066740415,1703023200.0,0.010541709,40,0.9998519,1703023200.0,0.009194159,Attack,Attack-TCP-BYPass-V1
0.0007497318,19.99547,245071.34,1702659200.0,69,20.00532,453186.62,1703023200.0,20,20.0,121352.69,1702865400.0,20,16270,0.0,-1.0,20.0,19799.121,0.0,0.043794535,20.0,10481.818,482100.94,0.901861,20.0,10256.321,1702730400.0,0.0127142705,26,0.50030696,1702828500.0,0.098984286,20,0.5001627,1702951000.0,0.0,20,0.49989414,1702883600.0,0.0,Attack,Attack-TCP-Flag-SYN-ACK
0.0,23.989138,0.0,99574.63,45,23.992445,0.0,658569.25,24,24.0,-1.1920929e-06,7298.8765,24,1053,386312.22,-0.999522,24.008202,8311.961,78549.58,0.21018238,24.0,0.0,0.0,0.0,24.0,8730.896,0.0,0.16244124,74,0.9997558,918868.75,0.18089493,24,0.00071998517,1217061.5,0.014153496,24,1.0,342745.5,0.19131866,Benign,Benign
0.0,23.990925,460548.3,1703023200.0,20,23.986927,0.0,1703023200.0,24,24.0,-1.1920929e-06,1702189800.0,20,65531,183051.7,-0.9998212,22.002323,23491.736,0.0,0.1369918,22.0,11053.416,168066.56,0.0,20.0,10618.412,1702644400.0,0.0,21,0.49984843,1702759200.0,0.118379325,24,0.50061053,1702894700.0,0.019236239,24,0.50043553,1702947800.0,0.0,Benign,Benign
0.0002451961,39.997192,0.0,50463.938,23,40.006783,0.0,858924.75,40,40.0,17241.14,1703023200.0,20,64387,649235.75,-1.0,39.985622,36587.39,111836.1,0.07562783,40.0,44291.99,293648.16,2.319599,40.0,20028.318,267610.12,0.0,42,0.66543597,1703023200.0,0.06257822,40,0.33333316,-9.536743e-07,0.0,40,0.3336347,615698.3,0.0,Benign,Benign-Web_Browsing_HTTP-S
9.929128,0.4131266,0.0,364384.0,111,32.372818,55101.42,862233.5,40,0.0,257912.05,1701723500.0,32,29278,0.0,-0.99745554,37.230373,0.0,0.0,131.47247,36.0,8.361205,255051.95,44.680138,32.0,5.4461813,0.0,0.21975033,138,0.50180733,0.0,0.21248311,40,0.3393185,-9.536743e-07,0.10162668,32,0.6625345,25669.945,103.928024,Benign,Benign-FTP
0.0,39.993706,1702363500.0,1702520400.0,61,39.98805,1703023200.0,1702863400.0,40,40.0,1702993300.0,0.0,40,64363,1703023200.0,-0.9998558,39.999783,0.0,1702451800.0,0.037687957,40.0,4.829291,1702713000.0,0.0,40.0,8.531764,1702677600.0,0.0,75,0.9997042,1703023200.0,0.01867558,40,3.3026026e-05,1703023200.0,0.015090012,40,0.99998033,1702838700.0,0.0,Attack,Attack-TCP-BYPass-V1
0.0,40.004173,1702889000.0,1702673400.0,47,39.997627,1702766800.0,1702482600.0,40,40.0,1702807900.0,43379.957,40,64224,1702745300.0,-0.9999385,39.99423,0.0,1702880400.0,0.011780366,40.0,4.93753,1702880100.0,0.0,40.0,0.0,1702448100.0,0.0050590825,46,1.0,1702922500.0,0.039245464,40,2.0631976e-05,1702561700.0,0.015906949,40,0.99976647,1702834400.0,0.01597327,Attack,Attack-TCP-BYPass-V1
0.0,31.981604,1702903800.0,1702986000.0,20,31.906042,1702813800.0,1702438000.0,32,32.0,1702808400.0,0.0,32,1225,1702366200.0,-0.9999652,31.661306,0.0,1702323700.0,0.0283866,32.0,0.0,1703023200.0,0.0,32.0,0.27343178,1702201100.0,0.0,17,0.9997917,1702915800.0,0.0076112226,32,0.0,1702932900.0,0.0,32,0.99954844,1702779400.0,0.012056436,Benign,Benign
0.005299891,20.009394,1702748900.0,1702643600.0,25,19.97987,1702554200.0,1702653200.0,20,20.0,1702953900.0,1702807900.0,20,48,1702815600.0,-0.9999211,20.000273,0.0,1702851100.0,0.011151279,20.0,0.0,1702657300.0,0.97632605,20.0,0.0,1702737000.0,0.04409788,13,0.0,1703016000.0,0.0153062055,20,0.99940574,1702911700.0,0.010033684,20,0.0003532519,1702703000.0,0.0,Benign,Benign-Web_Browsing_HTTP-S
0.0,23.989729,1702851100.0,1702679900.0,20,23.993593,1702403500.0,1702346000.0,24,24.0,1702485500.0,0.0,24,65420,1702732900.0,-1.0,23.996538,0.0,1702263300.0,0.032717183,24.0,0.0,1702483100.0,0.0,24.0,9.580341,1702459000.0,0.019390918,0,0.99934155,1703023200.0,0.020223126,24,0.0,1702949900.0,0.0,24,1.0,1702831200.0,0.024675667,Attack,Benign
0.14206134,0.0,195616.02,0.0,33,0.0139701655,84013.78,262469.97,20,0.0,766313.44,82641.38,20,64,0.0,-1.0,20.003548,19.54077,0.0,110.660034,20.0,16.699873,0.0,0.0,20.0,0.423845,0.0,0.0,36,0.0,43778.445,110.154144,0,0.5004153,213626.53,109.74117,0,0.0,71776.516,0.0,Attack,Attack-Killall-v2
0.0,23.986687,1702651300.0,1702655400.0,20,23.997717,1702243000.0,1702531100.0,24,24.0,1702173000.0,0.0,24,1048,1702218200.0,-1.0,23.992527,6.1354027,1702531100.0,0.012973462,24.0,0.0,1702817700.0,0.0,24.0,1.454439,1702740000.0,0.002779695,0,1.0,1702500500.0,0.0,24,0.0,1702881400.0,0.00086691615,24,0.99994403,1702625800.0,0.0,Benign,Benign
0.0027155764,39.783623,1702287100.0,1702809600.0,20,24.129305,1702106100.0,1702482000.0,28,28.0,1701972000.0,0.0,28,370,1702620900.0,-1.0,26.966206,0.0,1702557600.0,0.0,28.0,0.0,1702496400.0,1.0525796,28.0,0.0,1702026600.0,0.0,26,1.0,1701978900.0,0.0,28,0.00079371844,1702548200.0,0.0,28,1.0,1702002400.0,0.004301432,Benign,Benign
0.003361593,24.004923,0.0,1702852400.0,20,23.98894,198743.84,1702597100.0,24,24.0,515560.8,0.0,20,65344,560587.3,-1.0,22.000172,19662.516,0.0,0.054366164,24.0,10291.315,0.0,1.5309694,24.0,8108.2373,1702694100.0,0.00050663296,0,0.4992994,1702957000.0,0.040083453,24,0.5000358,1703023200.0,0.0,24,0.5002812,1702652400.0,0.0,Benign,Benign
0.009632691,23.9971,0.0,0.0,20,24.010237,547793.7,609104.94,24,24.0,-1.1920929e-06,471723.72,24,1094,0.0,-1.0,24.026648,4441.229,0.0,0.23797296,24.0,0.0,49302.74,0.0,24.0,7634.065,0.0,0.17992647,56,0.9994373,446143.1,0.24498801,24,0.0012126708,1218465.9,0.0,24,0.99997216,1465648.2,0.21402258,Benign,Benign
0.15826176,39.970646,244770.11,0.0,143,40.0032,350708.38,462141.28,40,40.0,-1.1920929e-06,63622.39,40,64409,1316043.8,-0.9997416,29.71932,16.189405,0.0,112.85829,40.0,12.706241,0.0,11.129116,40.0,16.923883,0.0,0.050412696,121,0.9997645,0.0,119.10221,40,0.0,-9.536743e-07,0.0019946322,40,1.0,39682.242,110.14316,Benign,Benign
0.00034857183,20.112614,0.0,1702836600.0,162,39.97581,0.0,1702666400.0,28,28.0,452752.66,1701793900.0,20,9480,0.0,-0.9998504,23.999607,18824.14,0.0,0.12276405,24.0,7358.11,467638.28,0.0,20.0,9383.4375,1702591000.0,0.0,81,0.4985884,1703018900.0,0.13110778,28,0.49970156,1702987400.0,0.0,28,0.5008164,1702462600.0,0.0,Benign,Benign
31.026304,20.112753,0.0,0.0,500,24.130442,0.0,671978.6,44,44.0,-1.1920929e-06,41217.137,28,65535,234024.3,-1.0,44.0,0.0,0.0,157.76456,44.0,0.0,204560.55,48.151382,44.0,3.6279519,0.0,0.22249022,323,0.9987491,19456.172,2.3275595,44,7.4474745e-05,705481.2,0.0054263994,28,0.99860424,0.0,114.7086,Suspicious,Suspicious
0.0076356763,0.16495882,1702914300.0,0.0,20,0.0,1702760800.0,0.0,20,0.0,1702725900.0,0.0,20,83,1702336400.0,-0.9998503,20.00232,0.0,1702785700.0,0.025332887,30.0,4.482755,1702267500.0,0.0,20.0,3.4618428,0.0,0.0,16,0.0,0.0,0.038861606,0,0.998706,-9.536743e-07,0.0,0,0.0,0.0,0.017700765,Benign,Benign-Telnet
0.0,40.019577,1702774400.0,1703023200.0,48,40.00074,1703005400.0,1702954600.0,40,40.0,1702945400.0,0.0,40,64241,1703023200.0,-1.0,40.000633,0.0,1702785000.0,0.0,40.0,0.0,1703023200.0,0.0,40.0,0.0,1702788900.0,0.0,47,0.9999629,1703023200.0,0.0089105945,40,0.00035482488,1702762500.0,0.0,40,1.0,1702938600.0,0.040112656,Attack,Attack-TCP-BYPass-V1
14.305298,31.266418,0.0,340520.94,295,32.193417,46248.1,376346.2,32,32.0,-1.1920929e-06,0.0,20,64174,0.0,-0.99850756,27.594734,0.0,0.0,172.91734,32.0,0.0,491094.62,47.920616,32.0,11.312455,0.0,0.22243282,178,0.6696041,0.0,33.751335,32,0.3401547,1208311.5,0.15396184,32,0.33223167,9800.689,0.19743885,Benign,Benign-Systemic
0.0,20.00096,1702720500.0,1702900400.0,20,19.985775,1703016800.0,1702787000.0,20,20.0,1702799700.0,72012.07,20,1098,1702597600.0,-1.0,20.0,0.0,1702931200.0,0.0,20.0,0.0,1703008800.0,0.1620707,20.0,0.932107,1702591700.0,0.0,11,0.99956954,1702929900.0,0.0024646278,20,0.0,1702943900.0,0.0,20,0.99976236,1702810000.0,0.0,Benign,Benign-Telnet
0.00063731853,20.017141,1702886800.0,1702517800.0,20,19.978252,1702839000.0,1702555300.0,20,20.0,1702408700.0,0.0,20,281,1702658000.0,-1.0,20.000519,11.933613,1703023200.0,0.0,20.0,0.0,1703023200.0,0.0,20.0,6.113164,1702665900.0,0.0010419181,0,0.0,1702865400.0,0.0,20,0.0,1702835500.0,0.0,20,1.7177756e-05,1702569900.0,0.020685768,Benign,Benign-Web_Browsing_HTTP-S
0.0033813613,24.0044,1702692600.0,1702811600.0,20,23.975649,1702522100.0,1702533800.0,24,24.0,1702892500.0,0.0,24,1047,1702586100.0,-0.99994475,23.99241,0.0,1702512500.0,0.0005199933,24.0,0.0,1702968700.0,0.45005637,24.0,2.6230083,1702502000.0,0.009751478,13,1.0,1703023200.0,0.0,24,6.500791e-06,1702414700.0,0.0033305734,24,0.9997877,1702503800.0,0.010455354,Benign,Benign
0.00218051,32.277374,145054.22,0.0,89,32.064426,0.0,882235.6,32,32.0,294814.56,1702821500.0,20,0,0.0,-1.0,28.421612,37114.156,178868.56,0.15694356,32.0,0.0,191861.86,19.904602,32.0,47248.215,591749.3,0.11911203,62,0.67019403,364626.7,0.07846943,32,0.33504346,1207925.4,0.09076546,32,0.33306292,0.0,0.0,Benign,Benign
0.0,24.00577,0.0,1702531700.0,20,24.006063,0.0,1702825300.0,24,24.0,-1.1920929e-06,0.0,20,65513,0.0,-1.0,22.673956,73088.65,98991.5,0.0,24.0,51332.055,239376.45,2.2312045,24.0,27822.88,1702638000.0,0.038715623,14,0.6670972,1702835100.0,0.00935715,24,0.33333302,1702732500.0,0.057522446,24,0.3324006,1702738800.0,0.0040681055,Benign,Benign-Systemic
3.4068196,20.110844,0.0,0.0,20,23.983393,0.0,543395.3,28,28.0,-1.1920929e-06,1702865900.0,20,8856,237135.02,-1.0,23.826097,0.0,0.0,189.114,28.0,0.91127396,0.0,35.115383,28.0,0.0,0.0,0.17367683,0,0.66764927,0.0,0.116188854,32,0.33203483,28663.875,0.080776066,28,0.6668852,0.0,0.21484473,Benign,Benign
0.0,19.98841,1702909700.0,1702558800.0,20,20.009747,1703023200.0,1702479700.0,20,20.0,1703023200.0,0.0,20,51,1702602600.0,-0.9998977,20.0,8.4211,1702554100.0,0.0,20.0,11.618362,1702825000.0,0.0,20.0,0.0,1702649900.0,0.004928988,18,0.9997029,1702805000.0,0.0,20,0.0003825709,1702988800.0,0.0,20,0.0,1702935200.0,0.0358221,Suspicious,Suspicious
0.0,32.08412,690040.4,1702636000.0,77,31.702412,256345.17,1702913300.0,32,32.0,555455.8,1702373400.0,20,64241,0.0,-0.99920887,26.721287,10347.544,0.0,0.22830763,26.0,3065.165,649051.44,0.8221946,20.0,3379.37,1702453500.0,0.0,19,0.50078356,1702667600.0,0.22642149,32,0.5000977,1702860500.0,0.00037882125,32,0.4991276,1702525300.0,0.0,Benign,Benign
0.0,0.0,1702712400.0,28986.453,20,0.0,1702891600.0,0.0,20,0.0,1702675200.0,1702574600.0,20,13,1702614000.0,-0.9999779,20.00149,0.0,1702329000.0,0.0074508837,20.0,0.0,1702776800.0,0.0,20.0,2.1091413,0.0,0.0,5,0.0,0.0,0.0031489665,0,0.9992307,183773.38,0.0,0,0.00041879158,0.0,0.0039347885,Benign,Benign
0.0,23.99824,260358.02,1702888000.0,20,23.983929,838540.25,1702831200.0,24,24.0,261203.52,1701163800.0,20,65314,17182.084,-0.99980557,21.995804,8338.298,0.0,0.1511489,22.0,10271.553,0.0,2.10328,20.0,6361.0195,1703023200.0,0.010220002,20,0.49988627,1703023200.0,0.15651704,24,0.50017834,1703023200.0,0.0,24,0.5008659,1702842100.0,0.0,Attack,Attack-TCP-Flag-RST-ACK
0.11483214,0.0,212701.98,0.0,20,0.03699156,0.0,0.0,20,0.0,-1.1920929e-06,225545.83,20,0,0.0,-0.99984676,20.004333,12.919301,0.0,110.26502,20.0,13.556315,0.0,0.0,20.0,2.910213,0.0,0.004528235,0,0.0,552799.25,110.25158,0,0.5006299,-9.536743e-07,109.07562,0,0.0,0.0,0.00044949396,Attack,Attack-TCP-Control
0.0044913674,0.0065743946,486361.38,0.0,67,0.0,134734.08,281725.72,24,0.0,-1.1920929e-06,1701555100.0,20,0,0.0,-1.0,22.00039,20312.809,0.0,0.06952684,22.0,14900.576,40502.05,1.6629592,20.0,40870.51,0.0,0.008124099,24,0.49956122,850192.94,0.006745104,0,0.5007043,74115.71,0.008671931,0,6.458352e-05,0.0,0.0,Benign,Benign
0.00083186716,23.982605,1702696100.0,1702858400.0,20,23.977654,1702382800.0,1702704300.0,24,24.0,1702857100.0,0.0,24,65535,1702881000.0,-0.999904,23.997,0.0,1702004000.0,0.0,24.0,0.0,1703023200.0,0.17404772,24.0,0.0,1702544000.0,0.008249398,12,1.0,1702713500.0,0.0,24,0.0,1702780900.0,0.0,24,0.9997054,1702758500.0,0.012150031,Benign,Benign
0.0,39.995945,1702970800.0,1703023200.0,20,40.00012,1702644700.0,1702901800.0,40,40.0,1703023200.0,0.0,40,64250,1702695700.0,-0.9998559,40.002323,0.0,1702734600.0,0.0,40.0,0.0,1703023200.0,0.0,40.0,0.0,1702899100.0,0.0028465346,51,1.0,1703023200.0,0.0,40,4.340852e-05,1703023200.0,0.0,40,0.99935776,1703023200.0,0.019242888,Attack,Attack-TCP-BYPass-V1
0.003914142,23.994087,0.0,628661.56,91,24.006086,31594.066,446220.8,24,24.0,77724.836,1703006300.0,20,65500,0.0,-1.0,22.675882,40017.7,0.0,0.077349335,24.0,13970.605,311135.12,1.2477149,24.0,31804.904,0.0,0.04403453,65,0.6664958,646880.75,0.007884469,24,0.33390245,-9.536743e-07,0.0058990177,24,0.66672635,680255.2,0.019745216,Benign,Benign
0.0014164075,24.009487,230824.17,1702741600.0,95,23.999796,42372.74,1703023200.0,24,24.0,41046.344,1701219700.0,20,65535,725948.5,-0.9998332,22.002645,43529.125,186560.12,0.05812204,22.0,17051.457,0.0,0.85187083,20.0,13430.95,1702337300.0,0.0029638957,36,0.4995173,1702788600.0,0.011955165,24,0.50015754,1702655100.0,0.0009433177,24,0.5002989,1702525300.0,0.0028476666,Benign,Benign
0.0,20.009031,0.0,1702560900.0,20,19.97959,0.0,1702750600.0,20,20.0,335383.84,1701901400.0,20,65535,0.0,-1.0,20.005226,16181.24,0.0,0.103414655,20.0,9301.666,3268.644,0.7892723,20.0,9033.327,1702420200.0,0.0,8,0.49977496,1703023200.0,0.11755095,20,0.50004524,1702900100.0,0.0019018465,20,0.49976948,1702724100.0,0.0,Benign,Benign
19.986942,20.112701,877490.8,336473.66,20,0.34967604,0.0,1357047.0,32,20.0,855231.3,0.0,20,8860,0.0,-1.0,30.116848,7.869147,318449.3,239.64235,32.0,0.0,780504.94,45.977497,32.0,0.8783848,0.0,0.22070429,0,0.009078733,0.0,15.751947,32,0.5055389,396796.88,112.95392,28,0.4947627,75719.3,0.25716677,Suspicious,Suspicious
0.0,23.992348,1702700500.0,0.0,20,23.999317,1702730800.0,0.0,24,24.0,1702397400.0,0.0,24,1036,1702375600.0,-0.99985224,24.014025,0.0,1702490900.0,0.114557914,24.0,0.05239349,1702590700.0,0.0,24.0,6.7970057,0.0,0.10008749,44,0.9999219,1702793100.0,0.050957482,24,0.00019743943,1702632000.0,0.0,24,1.0,83861.32,0.12581347,Benign,Benign
0.0,40.00456,1702707800.0,1703023200.0,20,40.019608,1702829300.0,1702506400.0,40,40.0,1702869400.0,0.0,40,64231,1703023200.0,-1.0,39.99056,5.575737,1702939800.0,0.0,40.0,2.4482393,1702826000.0,0.0,40.0,4.0977836,1702440700.0,0.0,34,0.9999068,1702853900.0,0.01459128,40,0.00015123839,1703015600.0,0.002135663,40,1.0,1702989400.0,0.03914659,Attack,Attack-TCP-BYPass-V1
0.00084421644,24.000044,0.0,0.0,58,23.98775,78963.51,156512.08,24,24.0,-1.1920929e-06,1702885800.0,20,65535,152829.22,-1.0,22.66409,41142.637,217991.12,0.044495717,24.0,13328.727,255389.83,3.728738,24.0,19355.445,0.0,0.060513996,53,0.66680354,98186.4,0.007527947,24,0.3337432,110270.61,0.0,24,0.6664322,14805.95,0.0,Benign,Benign
0.0075805336,23.986452,0.0,0.0,87,23.984758,701692.25,515101.75,24,24.0,-1.1920929e-06,336728.5,24,1049,36194.06,-0.9997907,24.005604,8732.757,46893.258,0.2164424,24.0,0.0,0.0,3.2535753,24.0,10905.325,0.0,0.16747145,83,1.0,702286.4,0.18656613,24,0.0007440619,-9.536743e-07,0.01582048,24,0.99993044,211261.03,0.15236716,Benign,Benign
0.0,31.320904,1702437500.0,1702794400.0,20,39.80177,1702068100.0,1702548600.0,28,28.0,1702237600.0,121903.95,28,139,1702968700.0,-1.0,25.755527,0.0,1703000400.0,0.0,28.0,0.0,1703023200.0,0.0,28.0,0.0,1702678000.0,0.0,0,1.0,1702739800.0,0.03129375,28,0.0007661146,1703023200.0,0.004519116,28,0.9997232,1702403100.0,0.0,Benign,Benign
0.0,19.992037,1702925700.0,1702774800.0,20,20.000683,1702671900.0,1702421200.0,20,20.0,1702559200.0,0.0,20,165,1702598000.0,-0.9999459,20.0,0.0,1702839900.0,0.0,20.0,0.0,1702764300.0,0.0,20.0,0.0,1702449200.0,0.0013074204,6,0.0006215529,1702796800.0,0.012819223,20,0.0009225863,1702874600.0,0.02566276,20,5.6913406e-05,1702725800.0,0.0,Suspicious,Suspicious
0.0,23.99518,1702782800.0,1702978400.0,20,23.990498,1702576400.0,1702625900.0,24,24.0,1702810900.0,0.0,24,65472,1702913000.0,-0.9998652,24.00223,16.871958,1702481800.0,0.0,24.0,1.5274279,1702479900.0,1.1005616,24.0,10.564993,1702597100.0,0.013691097,13,1.0,1702734600.0,0.0,24,0.0,1702868600.0,0.0,24,0.9998516,1702683300.0,0.009138386,Benign,Benign
0.0069134496,24.003157,160458.86,1703023200.0,43,23.993698,20133.496,1703023200.0,24,24.0,1068247.8,1702891000.0,20,65492,0.0,-0.9999777,21.99978,19728.174,0.0,0.09279941,22.0,11261.935,122625.59,0.0,20.0,10774.934,1703023200.0,0.01031815,11,0.50050503,1703023200.0,0.06982215,24,0.50044096,1702849200.0,0.023277441,24,0.49983305,1702903600.0,0.0,Benign,Benign
0.0,0.0,1702879000.0,0.0,20,0.0022164346,1702665600.0,0.0,20,0.0,1702434000.0,1701785100.0,20,6,1702721900.0,-1.0,20.0,0.0,1702668900.0,0.0,20.0,0.0,1702959000.0,0.0,20.0,2.832784,0.0,0.0,0,0.0,0.0,0.0,0,1.0,15720.968,0.0,0,0.0,0.0,0.022276493,Benign,Benign
0.0,39.99773,1702850300.0,1702676000.0,21,39.9907,1702757200.0,1702646300.0,40,40.0,1703023200.0,0.0,40,64240,1702885900.0,-1.0,39.999123,11.232293,1702642400.0,0.0,40.0,0.395412,1702992300.0,0.0,40.0,0.0,1702771300.0,0.0,40,1.0,1702848300.0,0.0,40,8.575306e-05,1703023200.0,0.0,40,1.0,1702933200.0,0.003591794,Attack,Attack-TCP-BYPass-V1
14.924265,31.750652,250159.14,1703023200.0,108,31.748917,431545.25,1703023200.0,32,32.0,-1.1920929e-06,56573.84,32,352,0.0,-0.9988384,31.864468,15.445309,138251.77,107.30641,32.0,8.370152,443185.8,42.513775,32.0,0.0,0.0,0.21884117,89,0.0,1702862300.0,2.9306638,32,0.4978458,1703023200.0,107.65707,32,0.0012424763,1703023200.0,0.0,Suspicious,Suspicious
12.543743,0.2244398,0.0,0.0,102,39.799316,0.0,0.0,32,28.0,-1.1920929e-06,81551.58,20,100,0.0,-1.0,28.805449,0.0,179075.48,175.50728,32.0,0.0,0.0,39.973152,32.0,5.438305,5504.65,0.21476686,69,0.9985227,0.0,10.644736,32,0.0,859761.25,0.109468825,28,0.9992353,0.0,111.56264,Attack,Suspicious
0.0,24.01984,206419.27,0.0,45,24.012514,0.0,137322.38,24,24.0,421760.38,1702707200.0,20,1022,0.0,-1.0,22.657095,37962.434,0.0,0.03915702,24.0,13949.056,630207.06,5.029691,24.0,26587.902,0.0,0.04243484,38,0.66612315,400381.62,0.0021170434,24,0.33303568,620661.9,0.02019626,24,0.6645805,0.0,0.0,Benign,Benign
0.008335715,23.994287,157001.42,1702899700.0,140,24.00912,522196.84,1703023200.0,24,24.0,317504.2,0.0,20,1080,197959.45,-0.9995593,20.0,22208.36,0.0,0.060987946,24.0,13669.492,0.0,4.73806,20.0,10688.17,1702892700.0,0.054936156,64,0.6664809,1703023200.0,0.050389584,24,0.0,1703023200.0,0.033350203,24,0.33533728,1702893000.0,0.021455351,Suspicious,Suspicious
0.0,0.0,1703023200.0,0.0,20,0.0,1702719900.0,0.0,20,0.0,1702602000.0,1701630500.0,20,27,1702869000.0,-1.0,20.0,0.0,1702554000.0,0.0,20.0,0.0,1703023200.0,0.0,20.0,1.2417818,0.0,0.0,0,0.0,482589.97,0.0,0,1.0,-9.536743e-07,0.0,0,0.00024327142,0.0,0.028656948,Benign,Benign
0.004828459,40.01647,1702767000.0,1702803500.0,22,39.99062,1702833500.0,1702863900.0,40,40.0,1703023200.0,0.0,40,64190,1703023200.0,-0.99976957,39.994137,0.0,1703023200.0,0.0,40.0,19.040955,1702739100.0,3.4760404,40.0,0.0,1702907900.0,0.0,36,0.9998654,1702963700.0,0.0,40,0.0001333817,1703023200.0,0.0,40,0.99998325,1703023200.0,0.0,Attack,Attack-TCP-BYPass-V1
13.162556,32.00829,178175.39,281129.4,247,31.907763,0.0,0.0,32,32.0,-1.1920929e-06,0.0,32,64211,386391.06,-0.99959016,35.501785,0.0,487292.2,16.599106,32.0,0.0,794671.1,47.696285,32.0,0.20374481,0.0,0.22245945,183,0.9975786,0.0,8.008299,32,0.0028529798,893115.1,0.01845278,32,1.0,117294.164,125.390076,Benign,Benign-Web_Browsing_HTTP-S
0.0,19.996775,1703023200.0,1703023200.0,55,19.99143,1703023200.0,1703023200.0,20,20.0,1702569500.0,0.0,20,215,1702950400.0,-0.99997216,20.0,0.0,1703023200.0,0.0,20.0,0.0,1703023200.0,0.0,20.0,7.7859282,1702972700.0,0.001611264,30,0.0,1702967000.0,0.0,20,0.0003301835,1702986000.0,0.007911303,20,0.0,1703008600.0,0.0,Attack,Attack-TCP-Flag-SYN
0.0,23.997314,1703023200.0,1703023200.0,20,23.989523,1702713500.0,1702714200.0,24,24.0,1703023200.0,0.0,20,1061,1702553700.0,-1.0,22.651865,7.2923107,1702491100.0,0.0,24.0,0.0,1703023200.0,2.0849648,24.0,0.12718274,1702476300.0,0.0031831686,0,0.9995428,1702837900.0,0.0,24,5.054072e-05,1702869100.0,0.019056763,24,0.9997334,1702783000.0,0.0,Benign,Benign
0.00196395,0.0,1702660000.0,0.0,20,0.0,1702850600.0,0.0,20,0.0,1702797200.0,1702013800.0,20,20,1702952300.0,-0.99988663,20.003975,0.0,1702800800.0,0.004155008,20.0,0.0,1702927400.0,1.3166138,20.0,0.0,0.0,0.0,5,8.111196e-05,106858.664,0.011508188,0,1.0,575176.3,0.0,0,0.000635117,0.0,0.016906109,Benign,Benign
0.11017702,0.039579287,956633.06,0.0,20,0.019420007,0.0,0.0,20,0.0,-1.1920929e-06,343208.8,20,0,0.0,-0.99993664,20.00643,0.0,0.0,109.94201,20.0,19.199642,0.0,0.0,20.0,0.0,0.0,0.0,0,0.00016453049,0.0,110.76229,0,0.50192446,325647.53,108.998146,0,0.0,0.0,0.010447614,Attack,Attack-Killall-v2
0.0035632704,24.006224,268326.4,1702509600.0,55,23.995064,0.0,1702926200.0,24,24.0,603872.9,0.0,20,1038,0.0,-1.0,22.66004,73105.44,0.0,0.027237367,24.0,95789.85,53989.152,0.0,24.0,40667.684,1702673000.0,0.026932625,27,0.66622275,1702739800.0,0.0,24,0.33321115,1702633200.0,0.026234912,24,0.33383358,1702610800.0,0.0,Benign,Benign
0.008331464,0.010240543,124819.164,408709.72,126,0.0,0.0,663541.6,32,0.0,285756.16,11172.301,20,0,7606.3984,-0.9997711,21.994713,114155.71,0.0,0.04275241,22.0,52265.04,0.0,1.3179297,20.0,8.223232,0.0,0.0077930423,38,0.4993537,0.0,0.028335612,0,0.5013567,743922.75,0.042294547,0,0.00062528544,0.0,0.009446453,Benign,Benign
0.0013644468,24.00091,0.0,195165.38,65,24.005756,3534.435,116208.27,24,24.0,-1.1920929e-06,0.0,24,985,239404.61,-0.9999868,24.01733,9295.512,0.0,0.18181868,24.0,5.909186,0.0,0.0,24.0,10466.897,0.0,0.15623268,85,0.99980366,76442.15,0.16788942,24,0.0,326143.25,0.0,24,0.99986166,158285.53,0.16152619,Benign,Benign
0.002925094,19.992046,1702496100.0,1702822000.0,20,19.983631,1702547100.0,1702739100.0,20,20.0,1702844000.0,15182.135,20,65535,1702520200.0,-1.0,20.0,0.0,1702562600.0,0.0,20.0,0.0,1702533500.0,0.3327811,20.0,2.8221824,1702692700.0,0.0,1,1.0,1702781200.0,0.0,20,6.3201944e-05,1702795600.0,0.0,20,0.9996772,1702738700.0,0.0,Benign,Benign-Telnet
11.7270775,31.937344,48432.086,1703023200.0,80,31.95507,73408.82,0.0,32,32.0,-1.1920929e-06,0.0,32,237,0.0,-0.99997944,32.07041,0.0,0.0,111.13496,32.0,0.0,121524.19,5.995745,32.0,2.5551457,1702672600.0,0.10750054,62,0.0,0.0,6.4047947,32,0.99723774,1702736800.0,0.0,32,0.0008454288,95345.375,113.29549,Benign,Benign-SSH
0.0013842523,40.00311,1703023200.0,1702713200.0,32,40.003902,1702765000.0,1702867500.0,40,40.0,1703023200.0,0.0,40,64222,1703011800.0,-1.0,30.058243,4.8068223,1702878300.0,0.0062282924,40.0,3.490503,1703023200.0,1.8600461,40.0,4.816572,1702901500.0,0.0,36,1.0,1702992600.0,0.020446718,40,0.0004027963,1702862700.0,0.002014134,40,1.0,1703021800.0,0.0,Attack,Attack-TCP-BYPass-V1
0.003081306,20.112734,1702374800.0,1702362900.0,227,0.41775504,1702733200.0,1702440600.0,36,36.0,1702271900.0,0.0,36,29646,1702481300.0,-1.0,38.15074,49.27433,1702249000.0,0.0,36.0,0.0,1702871400.0,5.9367623,36.0,12.544957,1702410900.0,0.01530419,172,1.0,0.0,0.039454743,36,0.0,1702807300.0,0.0,36,0.9988734,1702221300.0,0.0,Benign,Benign-Telnet
30.5837,32.303043,0.0,240687.47,530,32.172066,298642.1,811655.44,32,32.0,-1.1920929e-06,0.0,32,64458,647928.56,-0.9972773,35.60457,15.10592,127791.9,85.10892,32.0,0.0,469724.66,48.15358,32.0,17.281433,0.0,0.22249189,284,0.5061552,0.0,0.3684066,32,0.50619674,1354791.6,0.16228636,32,0.49634677,308077.0,0.26248884,Benign,Benign-SSH
0.0010685079,39.999653,0.0,1702818700.0,58,39.946274,57273.02,1702982400.0,40,40.0,620525.56,1701651700.0,20,29307,198271.47,-0.9999398,30.003979,17114.652,343008.16,0.110258065,30.0,10573.468,0.0,1.8982089,20.0,10594.276,1702626800.0,0.0,45,0.5004749,1703023200.0,0.07684638,40,0.500253,1702846800.0,0.0,40,0.49922335,1703023200.0,0.0,Attack,Attack-TCP-Flag-OSYNP
6.5971464e-05,40.019875,1703023200.0,1702877200.0,46,40.00548,1702671200.0,1702756700.0,40,40.0,1703023200.0,0.0,40,64241,1702906900.0,-1.0,40.018642,0.0,1703023200.0,0.005222257,30.0,0.0,1703023200.0,1.8627062,40.0,3.8834069,1703023200.0,0.018963967,32,1.0,1703023200.0,0.007553326,40,0.0,1703023200.0,0.021356208,40,1.0,1703014700.0,0.011042282,Attack,Attack-TCP-BYPass-V1
0.0024928164,32.58953,451611.66,1702362400.0,125,24.124914,0.0,1702963100.0,52,52.0,-1.1920929e-06,1702836600.0,20,29607,327674.28,-1.0,35.729736,11943.205,0.0,0.15074202,30.0,8147.6074,467075.66,0.0,20.0,8293.583,1702817200.0,0.009447295,50,0.5003122,1702517100.0,0.13597956,52,0.49988708,1702753000.0,0.01684257,52,0.4999634,1702742700.0,0.017777044,Suspicious,Suspicious
0.004421578,20.025436,0.0,1702959400.0,44,19.983852,11619.293,1702630000.0,20,20.0,58731.24,1701589200.0,20,1188,0.0,-1.0,20.000889,16961.86,0.0,0.07895045,20.0,11970.986,0.0,4.1686845,20.0,10387.515,1702486300.0,0.0032358158,16,0.499151,1703000200.0,0.12368064,20,0.4997886,1702378900.0,0.0,20,0.49987102,1702677400.0,0.0054128617,Benign,Benign
0.0008332511,19.997427,1703023200.0,1702839400.0,20,19.99696,1703023200.0,1702638500.0,20,20.0,1703023200.0,25308.555,20,189,1702440600.0,-1.0,20.0,1.6729804,1702963800.0,0.0,20.0,0.0,1703023200.0,0.0,20.0,16.052046,1702819700.0,0.002213384,0,0.0,1703023200.0,0.0,20,0.00029701853,1703023200.0,0.0070104455,20,0.00025759856,1702563300.0,0.0,Attack,Attack-Killer-TCP
0.0,23.998945,256657.23,1702899000.0,20,23.98613,934294.5,1703023200.0,24,24.0,-1.1920929e-06,1701465000.0,20,982,0.0,-1.0,21.994713,20244.984,0.0,0.07387405,22.0,14719.645,393027.1,0.70364356,20.0,9984.472,1702803500.0,0.0,0,0.5006214,1702901800.0,0.059229095,24,0.5007562,1703023200.0,0.0,24,0.4996463,1702800100.0,0.0,Benign,Benign
0.00065313594,31.903988,0.0,0.0,65,31.921759,0.0,244747.08,32,32.0,378119.03,1703023200.0,20,1063,0.0,-1.0,27.370346,48390.53,147096.48,0.025359115,32.0,11206.841,870230.44,0.0,32.0,36255.47,0.0,0.0,41,0.66508555,146386.62,0.06349844,32,0.33355948,114403.74,0.00907404,32,0.6662103,639183.5,0.0,Benign,Benign
0.0,0.0,1702572300.0,0.0,20,0.0,1702773100.0,0.0,20,0.0,1702478100.0,1702494600.0,20,0,1702719200.0,-1.0,20.0,0.0,1702762500.0,0.0,20.0,4.318316,1702631200.0,0.0,20.0,0.0,0.0,0.0,0,0.0,0.0,0.014286786,0,1.0,1048366.6,0.0,0,0.00051444594,0.0,0.004819773,Benign,Benign-Web_Browsing_HTTP-S
10.264893,31.346945,0.0,181203.56,295,32.048935,31634.87,504478.2,32,32.0,-1.1920929e-06,344641.97,32,64155,511950.03,-1.0,32.685272,0.0,277328.84,178.21059,32.0,0.0,279440.2,47.63535,32.0,0.0,0.0,0.22242524,253,1.0,0.0,1.3825219,32,0.0029418855,1687145.9,0.10659013,32,1.0,0.0,0.2621478,Benign,Benign-SSH
0.0,40.00869,1702897300.0,1702864300.0,20,40.008236,1703023200.0,1702916500.0,40,40.0,1702823600.0,0.0,40,64172,1703023200.0,-0.9998569,39.998894,12.84573,1702454100.0,0.0,40.0,1.1434604,1703021300.0,0.0,40.0,0.0,1702748000.0,0.0,29,0.9995922,1702894300.0,0.0,40,0.0,1703023200.0,0.0,40,0.99949145,1702882700.0,0.0,Attack,Attack-TCP-BYPass-V1
0.004077573,0.41692856,98964.86,1702310700.0,103,20.112452,0.0,1702925000.0,52,52.0,653645.1,1702379900.0,20,29207,400367.44,-0.99995756,35.135437,15859.757,0.0,0.1024434,36.0,9498.763,447968.1,1.7307359,20.0,8544.766,1702716800.0,0.0,33,0.4990296,1703023200.0,0.058245264,52,0.49963224,1703023200.0,0.00042591148,52,0.50035334,1703023200.0,0.02047301,Suspicious,Suspicious
0.012143926,32.169983,122128.28,1702890600.0,31,31.717104,1152865.5,1703023200.0,32,32.0,-1.1920929e-06,1700937600.0,20,19264,233215.52,-0.9992925,28.94447,2758.449,582002.06,0.21437073,26.0,2591.837,368523.12,0.0,20.0,543.2148,1702718200.0,0.07029559,16,0.0,1702627500.0,0.9727855,32,0.5001292,1703023200.0,0.0042338152,32,0.0028816736,1702530200.0,0.012126227,Attack,Attack-TCP-SYN
0.0024571938,20.008266,1702366500.0,1702798700.0,59,19.979221,1702677100.0,1702376300.0,20,20.0,1702554900.0,0.0,20,1191,1702761600.0,-0.99976814,20.002123,0.0,1702676400.0,0.0,20.0,0.0,1702750300.0,2.9297004,20.0,0.0,1702711400.0,0.009393295,0,0.0,1702633600.0,1.73892e-05,20,0.9981807,1702593000.0,0.0,20,0.0006600462,1702466300.0,0.0,Benign,Benign-Email-Receive
0.0,20.003267,1702774400.0,1702944900.0,20,19.982014,1702958100.0,1702713900.0,20,20.0,1702901900.0,60867.375,20,1115,1703023200.0,-1.0,20.0,0.0,1702596000.0,0.0,20.0,0.0,1702639600.0,0.8242732,20.0,0.0,1702563500.0,0.016622407,0,0.99969536,1702960000.0,0.02289562,20,0.0,1702733300.0,0.0,20,1.0,1702775300.0,0.0137509685,Benign,Benign
0.0,23.995392,1702897500.0,1703023200.0,20,23.991453,1703023200.0,1702794100.0,24,24.0,1702847600.0,0.0,24,1271,1703023200.0,-0.9998434,23.997135,0.0,1702868500.0,0.0,24.0,0.0,1703023200.0,0.0,24.0,0.0,1702656400.0,0.01511999,11,0.0010480891,1702835200.0,0.0,24,0.0,1702753400.0,0.0,24,0.00043823017,1702628100.0,0.0,Benign,Benign
11.205839,31.789444,0.0,0.0,235,31.865839,111127.21,0.0,32,32.0,-1.1920929e-06,0.0,32,7119,0.0,-0.9995005,31.271524,0.0,547203.06,9.168114,32.0,0.0,567805.06,27.601488,32.0,1.3231453,0.0,0.20790017,193,0.99852496,327291.47,1.1201012,32,0.00152047,1092885.4,0.0790451,32,1.0,0.0,112.537056,Benign,Benign-Web_Browsing_HTTP-S
0.0,32.040092,190894.31,1703023200.0,83,31.69731,0.0,1703023200.0,32,32.0,92544.95,1701845800.0,20,65535,0.0,-1.0,26.283092,19018.867,0.0,0.06778123,26.0,12145.638,511160.03,0.0,20.0,10971.004,1702710900.0,0.0,42,0.50057983,1702772600.0,0.10504253,32,0.50061536,1702894200.0,0.0,32,0.49948615,1702619000.0,0.00093516783,Benign,Benign-Systemic
0.0031666977,40.02396,399226.66,1702960300.0,47,39.969097,391990.66,1702904200.0,40,40.0,-1.1920929e-06,1702198400.0,20,28684,314219.8,-0.99981683,30.008133,11181.187,0.0,0.15246828,30.0,8922.575,88547.95,0.8941662,20.0,7882.417,1702675700.0,0.0036863212,49,0.49963483,1702882200.0,0.14060931,40,0.5003299,1702769800.0,0.01105635,40,0.5010811,1702901100.0,0.0053920066,Suspicious,Suspicious
0.0,23.986765,1703023200.0,1702926500.0,20,23.98349,1702368500.0,1702902800.0,24,24.0,1703023200.0,0.0,24,1031,1703023200.0,-1.0,23.990194,0.0,1702506900.0,0.0033691274,24.0,0.0,1703023200.0,0.0,24.0,0.9236892,1703023200.0,0.0,0,0.99989295,1702726300.0,0.031061864,24,0.0005136311,1703023200.0,0.0,24,0.9995853,1702777900.0,0.018792003,Attack,Attack-TCP-Flag-MIX
0.0035732572,20.007135,1702881900.0,1702682000.0,20,19.978003,1702617500.0,1702520600.0,20,20.0,1702328600.0,0.0,20,1198,1702828800.0,-1.0,20.0,0.0,1702739100.0,0.0,20.0,0.0,1702917600.0,0.0,20.0,0.30983484,1702537100.0,0.0,3,0.0,1702876900.0,0.0,20,0.00027877121,1702927200.0,0.0,20,0.0,1702529300.0,0.013075578,Benign,Benign
0.0017799778,39.997395,177952.16,1702763500.0,65,39.99305,345582.75,1703023200.0,40,40.0,403396.22,0.0,20,65535,850021.5,-0.9997927,30.062422,17856.23,344017.4,0.04332351,30.0,10871.474,1702825000.0,2.0233893,40.0,9744.351,1702845700.0,0.015496086,57,1.0,1702900100.0,0.008244643,40,0.0001603961,1703020000.0,0.0045855856,40,1.0,1702936700.0,0.0,Attack,Attack-Killall-v2
0.0021447279,24.000744,0.0,1702862100.0,59,23.964945,377858.34,1703023200.0,24,24.0,871768.06,1701109400.0,20,1073,0.0,-0.9993752,22.015255,18377.822,0.0,0.09066797,22.0,9718.887,0.0,1.1520478,20.0,9022.258,1702898200.0,0.006396892,45,0.5004914,1703023200.0,0.12371389,24,0.50006264,1703023200.0,0.0,24,0.4997462,1702945500.0,0.0,Suspicious,Suspicious
0.0,40.025055,1702687100.0,1702834300.0,20,39.97422,1703023200.0,1702957700.0,40,40.0,1703023200.0,0.0,40,64184,1703023200.0,-1.0,40.00185,0.0,1702791300.0,0.009532505,40.0,0.0,1702879000.0,2.3805742,40.0,0.0,1702725400.0,0.0022325264,49,0.999695,1703023200.0,0.0060424367,40,8.1251856e-05,1702909600.0,0.0,40,1.0,1702883800.0,0.02095939,Attack,Attack-TCP-BYPass-V1
0.0034219204,24.01105,288509.62,1702500600.0,46,23.975142,0.0,1703023200.0,24,24.0,60458.88,1701566300.0,20,65535,213001.78,-0.99985754,21.996195,19520.11,234172.92,0.11357315,22.0,11023.825,62687.844,2.453808,20.0,10525.683,1702618400.0,0.009584204,44,0.49995875,1702956400.0,0.06865401,24,0.50021684,1702974200.0,0.0,24,0.50010306,1702464500.0,0.0,Benign,Benign
0.0,23.994574,1703023200.0,1702618800.0,20,23.993425,1702738000.0,1702816000.0,24,24.0,1703000300.0,0.0,24,1090,1702902500.0,-1.0,24.004984,0.0,1702506100.0,0.0007710566,24.0,0.0,1702838400.0,0.0,24.0,0.0,1702492900.0,0.006537954,21,0.9995258,1702703500.0,0.005951995,24,0.00011491284,1702560100.0,0.0,24,1.0,1702696100.0,0.013353568,Benign,Benign
0.0,24.014545,408241.5,1702641900.0,20,24.003918,0.0,1703023200.0,24,24.0,216816.2,1701479700.0,20,65535,0.0,-1.0,22.000582,33495.41,12482.285,0.092902884,22.0,13987.663,775450.3,4.1217027,20.0,19492.71,1702561000.0,0.023977099,29,0.5002994,1703023200.0,0.025663083,24,0.50006425,1702865900.0,0.014205537,24,0.49895287,1702734700.0,0.0,Benign,Benign
0.0,24.000761,0.0,12197.691,90,24.001179,355225.94,0.0,24,24.0,-1.1920929e-06,3033.5447,24,1067,0.0,-0.9999479,24.002588,8248.01,192553.4,0.17386551,24.0,0.0,0.0,0.0,24.0,9013.796,0.0,0.15564679,74,0.99988,45285.367,0.15922698,24,0.00036432303,363326.06,0.0,24,0.99951875,72696.05,0.18120813,Benign,Benign
4.770209e-05,23.970715,0.0,1703023200.0,44,23.967997,1702926800.0,1702981900.0,24,24.0,1702808600.0,1702569300.0,20,65535,201727.36,-1.0,22.010614,0.0,0.0,0.006954605,22.0,2134.8262,613733.06,0.652181,20.0,0.0,1703023200.0,0.008885782,16,0.50059354,1703023200.0,0.011078205,24,0.50035316,1703023200.0,0.0,24,0.5006176,1702730100.0,0.0,Benign,Benign
0.0,19.994732,1702977700.0,1702827400.0,20,20.010048,1703023200.0,1702914000.0,20,20.0,1703023200.0,0.0,20,214,1702758000.0,-0.9997325,20.0,0.0,1702536000.0,0.007667672,20.0,9.135928,1702818200.0,0.0,20.0,0.0,1702644200.0,0.015454204,21,0.0,1703023200.0,0.0,20,0.00025592386,1702960300.0,0.0,20,0.00028294913,1702917600.0,0.0059212334,Suspicious,Suspicious
1.2122371e-05,0.0,1703023200.0,0.0,20,0.0,1702981100.0,792424.0,20,0.0,1702581900.0,149775.45,20,0,1702804200.0,-1.0,20.0,14.567436,1702735900.0,108.218155,20.0,10.6783285,1702847600.0,0.0,20.0,15.999699,0.0,0.0,0,0.0,0.0,0.0,0,0.50025797,-9.536743e-07,109.84611,0,0.0,0.0,0.0,Attack,Attack-TCP-IGMP
0.0,40.024876,1702710100.0,1702878300.0,20,40.009644,1702812900.0,1702991100.0,40,40.0,1703023200.0,0.0,40,64196,1703023200.0,-1.0,40.001266,0.0,1703023200.0,0.0,40.0,4.942388,1702751600.0,0.0,40.0,0.0,1702757200.0,0.0,26,1.0,1702900400.0,0.0,40,0.0,1703023200.0,0.0,40,0.9998988,1702836200.0,0.009206591,Attack,Attack-TCP-BYPass-V1
0.0,20.010185,1702629100.0,1702726400.0,20,19.987547,1702551300.0,1702515700.0,20,20.0,1703023200.0,144259.44,20,65486,1702931500.0,-1.0,20.0,0.0,1703023200.0,0.0,20.0,0.0,1703023200.0,0.5068798,20.0,10.20873,1702547000.0,0.0013342556,0,0.0008566342,1702856000.0,0.015992912,20,0.00024564532,1702550800.0,0.03954777,20,0.0,1702596000.0,0.0,Benign,Benign-Telnet
0.0,24.00151,444763.3,1702886300.0,43,23.970846,582058.44,1703023200.0,24,24.0,-1.1920929e-06,1701668200.0,20,1067,0.0,-0.9998002,22.00829,11418.27,0.0,0.21307594,22.0,5357.945,0.0,1.6722771,20.0,4210.409,1702474000.0,0.0,23,0.50036156,1702730100.0,0.20192775,24,0.49986458,1702522200.0,0.015467262,24,0.49999502,1702559200.0,0.0,Benign,Benign
0.0,23.987963,1702609800.0,1702604300.0,20,23.992144,1702552600.0,1702777500.0,24,24.0,1702819100.0,154156.86,24,65463,1702932200.0,-1.0,23.992027,16.778872,1702263800.0,0.032736357,24.0,3.9695244,1702954400.0,1.0610642,24.0,7.3764334,1702385800.0,0.0070353867,3,0.9999526,1702724700.0,0.0,24,0.0,1703023200.0,0.0,24,0.99991626,1702552700.0,0.0,Benign,Benign
0.0010363316,23.9876,0.0,1702404000.0,129,24.004995,0.0,1702755000.0,24,24.0,59487.383,0.0,20,1081,248195.16,-1.0,22.660309,102629.42,0.0,0.030329213,24.0,41694.035,118430.14,2.1074612,24.0,28381.246,1702309500.0,0.022561962,13,0.6663083,1702927700.0,0.0,24,0.3337565,1702686000.0,0.05317037,24,0.33434317,1702540700.0,0.0070923404,Benign,Benign
0.010642619,20.00689,1702843300.0,1702987400.0,68,19.983368,1703023200.0,1702814200.0,20,20.0,1702638100.0,0.0,20,953,1702989200.0,-0.99955684,20.00355,2.2133913,1703023200.0,0.0,20.0,0.23973872,1703023000.0,0.0,20.0,0.0,1702892700.0,0.030492367,20,0.0,1702960900.0,0.0,20,1.0,1702745700.0,0.0,20,0.000118975055,1702660700.0,0.0,Benign,Benign-Web_Browsing_HTTP-S
0.0,0.0,1702855000.0,527789.0,20,0.0,1702868000.0,0.0,20,0.0,1702145500.0,1702052400.0,20,0,1702603100.0,-0.99986935,20.007944,0.0,1702218100.0,0.0,20.0,0.0,1702765300.0,0.0,20.0,12.349824,0.0,0.0,0,0.0,0.0,0.0038331824,0,0.99942416,-9.536743e-07,0.0,0,0.000289105,0.0,0.006872647,Benign,Benign
0.0,32.000717,0.0,1703009000.0,47,31.828812,0.0,1702661400.0,32,32.0,-1.1920929e-06,0.0,20,65535,0.0,-1.0,29.515194,60778.176,0.0,0.09722994,32.0,43413.47,448487.25,0.0,32.0,30315.207,1702653700.0,0.014112219,13,0.6666049,1703011700.0,0.09576925,32,0.33301398,1702804700.0,0.051652133,32,0.3331031,1702550500.0,0.0,Benign,Benign
0.0,19.999445,1702658600.0,1702886900.0,20,19.998888,1702556700.0,1702868600.0,20,20.0,1702684500.0,0.0,20,1044,1702836200.0,-1.0,20.003246,0.0,1702527700.0,0.014691874,20.0,0.0,1702757500.0,0.0,20.0,0.0,1702844700.0,0.0032373867,0,0.998923,1703023200.0,0.0,20,0.00028984956,1702515300.0,0.0,20,1.0,1702795000.0,0.034216657,Benign,Benign
11.898286,24.130163,0.0,0.0,363,32.692085,538404.9,888855.4,36,36.0,-1.1920929e-06,0.0,36,29317,0.0,-1.0,37.13823,3.1203442,109583.766,0.6179104,36.0,28.024906,65261.875,12.999653,36.0,3.7825325,0.0,0.21457237,312,1.0,0.0,0.69187117,36,0.0,1690873.0,0.0,36,0.9992722,802637.0,0.26249117,Benign,Benign-SSH
0.0,0.01927433,1702882800.0,0.0,20,0.08279117,1702299300.0,0.0,32,0.0,1702654200.0,1702280100.0,32,68,1702442500.0,-0.99999267,27.372528,1.6616781,1702451300.0,0.02967998,32.0,0.0,1702821200.0,0.0,32.0,0.0,0.0,0.0,0,9.5777985e-05,268006.06,0.03402564,0,1.0,563638.94,0.0,0,0.0005321662,23328.28,0.0,Benign,Benign-FTP
0.0017111008,40.02071,485400.22,1702394100.0,125,39.955418,0.0,1702758900.0,40,40.0,292171.38,1702198900.0,20,65535,0.0,-0.9997341,30.0723,18956.318,0.0,0.12675944,30.0,10921.286,480295.22,0.0,20.0,10716.388,1702783200.0,0.0,53,0.49980372,1703023200.0,0.08670865,40,0.5005683,1702678900.0,0.012800994,40,0.50017595,1702880500.0,0.0,Attack,Attack-TCP-Flag-ACK-PSH
8.140183,24.128262,62732.957,0.0,230,32.57245,0.0,0.0,44,44.0,-1.1920929e-06,183261.45,44,63717,366269.97,-1.0,44.0,31.421862,870047.94,166.50752,44.0,17.470692,0.0,47.721226,44.0,4.6468854,0.0,0.22239166,276,0.9986446,0.0,8.5518465,44,0.00020242666,107355.19,0.0,44,0.999197,0.0,100.725105,Benign,Benign
0.0037453545,20.00051,1702950000.0,1703023200.0,20,19.993462,1703023200.0,1702911900.0,20,20.0,1702967300.0,0.0,20,1117,1703023200.0,-0.9999919,20.0,0.0,1702815900.0,0.0,20.0,0.0,1703023200.0,0.0,20.0,0.0,1703023200.0,0.010357732,6,0.00031618561,1703023200.0,0.0013328465,20,1.3650126e-05,1703023200.0,0.009897889,20,0.0,1703023200.0,0.003313915,Suspicious,Suspicious
0.0,23.988714,353931.4,0.0,20,23.995728,979145.94,602250.44,24,24.0,-1.1920929e-06,141107.14,24,1064,0.0,-1.0,23.998095,10047.547,0.0,0.19583835,24.0,0.0,501252.34,0.6216072,24.0,9561.317,0.0,0.1660596,58,0.9997144,0.0,0.2047229,24,0.00017851035,717814.94,0.0,24,0.9997781,461460.34,0.19325334,Benign,Benign
0.0,19.998846,1702637600.0,1703023200.0,29,19.986887,1702560100.0,1702698600.0,20,20.0,1702800100.0,137217.66,20,1208,1703023200.0,-1.0,20.0,0.0,1702780000.0,0.0,20.0,0.0,1703023200.0,0.0,20.0,0.0,1702508200.0,0.021224968,13,0.0006238137,1703023200.0,0.0,20,0.0,1702740900.0,0.0014915707,20,0.0,1702661100.0,0.02890038,Benign,Benign
0.0,23.99547,0.0,0.0,55,24.001846,262102.58,0.0,24,24.0,-1.1920929e-06,298477.2,24,65535,2710.6748,-1.0,24.003748,7762.297,0.0,0.16506173,24.0,0.0,14932.006,0.0,24.0,8546.848,0.0,0.14651194,51,0.9996054,0.0,0.17968664,24,2.5940391e-05,343197.72,0.0033446038,24,0.99983233,0.0,0.1560265,Benign,Benign
0.00029978002,20.002153,1702628900.0,1702765200.0,20,19.984219,1702853200.0,1702440800.0,20,20.0,1702873600.0,0.0,20,1156,1702430100.0,-1.0,20.0,0.0,1702708200.0,0.0,20.0,0.0,1703023200.0,0.0,20.0,10.801952,1702515500.0,0.0,0,0.999373,1702929200.0,0.0,20,0.0,1702718500.0,2.821583e-05,20,0.9998161,1702657500.0,0.007215896,Benign,Benign
0.00582073,39.99054,1702298400.0,1702752800.0,26,0.38752148,1702404200.0,1702782300.0,28,36.0,1702217200.0,0.0,28,71,1702864400.0,-0.9997791,29.959888,0.0,1702427000.0,0.009337934,28.0,0.0,1702554800.0,0.0,28.0,0.0,1702608600.0,0.025423378,82,0.99955565,1702272600.0,0.0,28,0.0010986399,1702901900.0,0.0,28,1.0,1702525600.0,0.0,Benign,Benign
0.13707264,20.013653,550685.3,1702411300.0,47,19.995615,918609.1,1702850600.0,20,20.0,-1.1920929e-06,0.0,20,1057,612590.44,-1.0,20.000551,14.413651,136048.75,114.14019,20.0,11.821996,199269.84,0.7416897,20.0,9.6019335,1702863500.0,0.020638665,4,0.50020796,1703023200.0,43.0354,20,0.50046897,1702864900.0,0.01243325,20,0.49969324,1703023200.0,0.0,Attack,Attack-Killall-v2
0.0,40.021553,1702921200.0,1702476300.0,31,40.010075,1702813700.0,1702782000.0,40,40.0,1702665700.0,206239.52,40,64316,1702894000.0,-1.0,40.001736,0.0,1702739800.0,0.0,40.0,0.0,1702634200.0,0.0,40.0,8.769256,1702708500.0,0.0,72,0.9999808,1702736000.0,0.042263474,40,0.00062880234,1702758400.0,0.00041127385,40,0.9990832,1703023200.0,0.0,Attack,Attack-TCP-BYPass-V1
0.0034825446,20.000744,0.0,0.0,43,20.000074,330060.8,0.0,20,20.0,-1.1920929e-06,178629.56,20,959,206685.23,-1.0,20.005117,7166.668,183121.83,0.17493325,20.0,0.0,0.0,0.0,20.0,8140.6655,0.0,0.16050097,52,0.99944997,729266.06,0.17397498,20,0.0007903162,173576.16,0.0,20,0.9992845,106720.875,0.20279825,Benign,Benign
0.0,32.047947,0.0,1702624300.0,57,32.021713,0.0,1702768500.0,32,32.0,-1.1920929e-06,0.0,20,1136,0.0,-0.99997216,28.922781,114500.836,0.0,0.0,32.0,49253.83,821737.44,0.0,32.0,31388.104,1702137300.0,0.036155704,8,0.66795397,1702774800.0,0.0,32,0.33403862,1702618600.0,0.056561533,32,0.33173496,1702461700.0,0.032015048,Benign,Benign
0.0,39.9995,1702883300.0,1702689800.0,57,39.994778,1702563200.0,1702625300.0,40,40.0,1703023200.0,0.0,40,64193,1702738300.0,-1.0,39.996025,0.0,1702931100.0,0.0011157108,40.0,0.0,1703023200.0,0.0,40.0,0.0,1702677900.0,0.0,58,1.0,1702907500.0,0.0,40,0.00014462382,1703023200.0,0.0,40,0.99986976,1703023200.0,0.022340087,Attack,Attack-TCP-BYPass-V1
0.0014414443,20.003145,1702528800.0,1702378100.0,20,19.990414,1702722200.0,1702536600.0,20,20.0,1702291100.0,0.0,20,1147,1702858200.0,-1.0,20.00347,0.0,1702673200.0,0.0052407873,20.0,0.0,1702860000.0,0.0,20.0,6.367412,1702644700.0,0.009276819,0,0.0,1702837100.0,0.0,20,0.99785256,1702864600.0,0.0,20,0.000108036686,1702761100.0,0.014752237,Benign,Benign
0.0,20.088596,333914.3,1702390900.0,20,19.960339,0.0,1702813000.0,20,20.0,-1.1920929e-06,1701799300.0,20,1002,0.0,-1.0,20.000378,1279.4464,0.0,1.3750705,20.0,0.0,277044.7,0.0,20.0,1714.3698,1702661900.0,0.015772132,9,0.5001587,1702860000.0,0.75271446,20,0.49921408,1702980500.0,0.00501565,20,0.499334,1702120000.0,0.030977996,Benign,Benign
0.0,39.999752,1702413600.0,1703014000.0,20,40.018585,1702437200.0,1702661100.0,40,40.0,1702884000.0,0.0,40,64269,1702982500.0,-1.0,40.005367,0.0,1702782600.0,0.025451476,40.0,0.0,1702886400.0,0.0,40.0,0.0,1702785700.0,0.0,35,0.9995658,1703023200.0,0.0,40,0.0,1702991000.0,0.0052969777,40,1.0,1703023200.0,0.027390637,Attack,Attack-TCP-BYPass-V1
0.0,24.011997,0.0,1702791600.0,22,24.002132,183308.62,1703005700.0,24,24.0,163815.56,1701828400.0,20,1049,441437.16,-0.9996781,21.991312,20656.812,0.0,0.08178673,22.0,12731.693,363877.5,2.4264433,20.0,10476.164,1702794900.0,0.010279278,16,0.49978536,1703023200.0,0.05112096,24,0.49972317,1703023200.0,0.0,24,0.5003793,1702871800.0,0.0,Suspicious,Suspicious
0.008242537,20.021416,0.0,1702558600.0,20,20.017168,0.0,1702612000.0,20,20.0,-1.1920929e-06,1701645200.0,20,65535,115093.76,-1.0,20.001991,17780.582,516607.8,0.083443336,20.0,10695.534,136183.23,2.0976055,20.0,10121.268,1702844900.0,0.010159496,29,0.50036275,1703023200.0,0.060953494,20,0.50059336,1702666500.0,0.00016434902,20,0.49943596,1702483700.0,0.0,Benign,Benign-Systemic
0.08331074,20.007776,226499.75,1702636200.0,20,20.008442,778493.25,1702997200.0,20,20.0,-1.1920929e-06,1702600600.0,20,7252,284130.44,-0.9999017,20.000725,7520.8784,39084.64,0.45239392,20.0,0.0,0.0,2.7710888,20.0,6636.824,1702684800.0,0.034005035,16,0.5008803,1702802000.0,3.1815226,20,0.5000493,1703023200.0,109.7573,20,0.49917844,1702762500.0,1.4250659e-05,Attack,Attack-Killer-TCP
0.0,32.08317,1702765700.0,1702660000.0,20,31.912851,1702305500.0,1702423900.0,32,32.0,1702333200.0,0.0,32,296,1702279700.0,-0.999882,32.01826,0.0,1702902900.0,0.0,32.0,0.0,1702796300.0,0.17837106,32.0,0.0,1702668000.0,0.0,16,0.99958956,1702957600.0,0.039831396,32,0.0,1702676500.0,0.0,32,0.99997795,1702512400.0,0.032244388,Benign,Benign-SSH
0.006675464,39.783466,0.0,0.0,20,23.883179,0.0,0.0,28,28.0,-1.1920929e-06,1702183000.0,20,224,0.0,-1.0,26.56647,0.0,0.0,162.80139,28.0,10673.094,792654.94,39.70213,28.0,28728.652,0.0,0.18554227,18,0.6676061,519821.1,0.06357851,28,0.3321728,816882.9,0.0319301,28,0.66758597,570071.56,0.22021432,Benign,Benign-Systemic
17.205278,24.061838,0.0,0.0,318,20.04627,479059.03,1998949.1,32,20.0,-1.1920929e-06,506667.1,20,6908,0.0,-0.9973192,26.849096,0.0,0.0,172.81297,32.0,0.0,195556.22,48.154427,32.0,20.081747,0.0,0.2224919,175,0.66997886,666986.9,4.912575,32,0.34012344,1752617.5,0.16762629,20,0.325138,1249584.6,0.2624204,Benign,Benign-Systemic
0.001295104,40.004047,1702311800.0,1702866300.0,20,39.9745,1702860200.0,1703023200.0,40,40.0,1703023200.0,44377.9,40,64223,1703023200.0,-0.99943775,39.99501,0.0,3007.6064,0.045917053,30.0,0.0,1702704400.0,0.0,40.0,19121.002,1702681900.0,0.0,28,1.0,1703023200.0,0.047864627,40,0.4999385,1703023200.0,0.013133287,40,0.999747,1703023200.0,0.0,Attack,Attack-TCP-BYPass-V1
0.0,32.06486,121095.58,1702874600.0,87,32.110687,0.0,1703023200.0,32,32.0,264589.88,0.0,20,155,0.0,-1.0,27.971106,45899.035,87770.805,0.0,32.0,53151.777,787193.75,0.0,32.0,31663.42,1702732200.0,0.019687325,33,0.6679264,1702677100.0,0.013512416,32,0.3343719,1702910500.0,0.030852687,32,0.33059466,1702374300.0,0.033005677,Benign,Benign
6.1708364e-05,0.0,1703023200.0,0.0,20,0.0,1702865900.0,0.0,20,0.0,1702529500.0,1702610300.0,20,0,1702809300.0,-0.99998635,20.004206,0.0,1702220900.0,0.020246772,20.0,8.401715,1702598100.0,0.0,20.0,0.0,0.0,0.0,0,0.0,0.0,0.022433776,0,1.0,41759.848,0.0044424967,0,0.00023283575,0.0,0.0,Benign,Benign
0.0011766828,32.02192,702396.8,0.0,48,31.907562,1703023200.0,840839.9,32,32.0,-1.1920929e-06,126074.81,32,148,0.0,-1.0,33.915615,0.0,33018.562,0.10829352,32.0,1.7111579,191099.52,0.0,32.0,0.0,0.0,0.106876545,50,0.0011491922,0.0,0.061389983,32,1.0,845864.8,0.0,32,0.0,1702912900.0,0.11117318,Benign,Benign-Web_Browsing_HTTP-S
0.0,40.01023,1702939500.0,1702990000.0,30,39.996105,1702619000.0,1702893200.0,40,40.0,1702910700.0,0.0,40,64219,1702976600.0,-0.9999518,40.00338,20.870378,1702765200.0,0.0035304136,40.0,5.524229,1703023200.0,0.0,40.0,4.227748,1702589300.0,0.0,48,0.9999204,1703023200.0,0.0,40,0.00014499981,1703023200.0,0.0071783336,40,1.0,1703023200.0,0.019696029,Attack,Attack-TCP-BYPass-V1
0.0,40.02587,1702717700.0,1702997400.0,20,39.98489,1702703000.0,1703013600.0,40,40.0,1702984100.0,0.0,40,64174,1703023200.0,-0.9997452,39.990192,10.930485,1702904800.0,0.0,40.0,8.671223,1702856300.0,0.0,40.0,5.8424206,1703023200.0,0.0,21,0.99969774,1702998000.0,0.0,40,0.0,1703023200.0,0.0017775755,40,1.0,1702923400.0,0.0,Attack,Attack-TCP-BYPass-V1
0.0,0.046532724,1702791200.0,0.0,28,0.008243121,1703023200.0,0.0,20,0.0,1702550100.0,1703023200.0,20,0,1703023200.0,-1.0,20.002241,0.0,1702601700.0,0.009635,20.0,17.668177,1702538500.0,0.0,20.0,5.3299904,0.0,0.0,0,0.0,0.0,0.008217744,0,1.0,372506.62,0.0,0,0.00025703924,0.0,0.0,Benign,Benign-Web_Browsing_HTTP-S
0.0,23.985106,1702381200.0,1702522800.0,20,23.993103,1702613000.0,1702557800.0,24,24.0,1702455200.0,127734.805,24,1143,1702874800.0,-0.99988335,23.998558,0.0,1702398500.0,0.0,24.0,0.0,1702868400.0,0.0,24.0,5.8062434,1702524900.0,0.0,0,0.9997522,1702899000.0,0.037418008,24,0.0,1702657500.0,0.0,24,1.0,1702484600.0,0.025737397,Benign,Benign
0.0,20.00272,1703016200.0,1703023200.0,20,19.98637,1702717600.0,1702492300.0,20,20.0,1702598100.0,249786.73,20,1037,1702676600.0,-0.9999592,20.0,0.0,1702417800.0,0.0022559,20.0,3.3976722,1702967600.0,0.0,20.0,4.327296,1702697500.0,0.022430243,0,1.0,1702671700.0,0.01586803,20,0.0,1703023200.0,0.020738484,20,1.0,1702581800.0,0.018050568,Benign,Benign-Telnet
0.0,40.022,1702757100.0,1702840700.0,20,39.984146,1702673300.0,1702800600.0,40,40.0,1702842500.0,0.0,40,64219,1703023200.0,-0.9998933,39.99702,0.0,1703023200.0,0.0,40.0,0.0,1702724200.0,0.0,40.0,0.0,1702771000.0,0.0028906632,36,1.0,1703002900.0,0.027795563,40,6.261727e-05,1702950500.0,0.0025781505,40,1.0,1702760800.0,0.032781657,Attack,Attack-TCP-BYPass-V1
0.0,0.0,407640.1,0.0,20,0.052831642,0.0,0.0,20,0.0,222657.78,1702122500.0,20,32,0.0,-1.0,20.0,24371.531,0.0,0.067605965,22.0,71531.44,0.0,0.0,20.0,15.958514,0.0,0.0,3,0.4997167,0.0,0.080676265,0,0.50060916,991937.9,0.02541193,0,0.00058460986,210027.19,0.0,Suspicious,Benign
0.0,19.978369,1702726800.0,1702663200.0,20,20.010826,1703023200.0,1702690400.0,20,20.0,1703023200.0,0.0,20,141,1703023200.0,-1.0,23.986092,29.432524,1702703000.0,0.022291621,20.0,0.0,1702896600.0,0.0,20.0,4.643216,1702656900.0,0.011489159,0,0.0,1702851200.0,0.0,24,2.4277157e-05,1702835800.0,0.019221244,20,0.0008657417,1702769800.0,0.017816497,Suspicious,Suspicious
0.0,0.02023971,1703023200.0,342390.12,20,0.06513639,1702814200.0,234719.5,20,0.0,1702654200.0,1703023200.0,20,103,1703023200.0,-1.0,20.001482,5.623863,1702783700.0,0.0,20.0,15.648939,1702803800.0,0.0,20.0,13.091143,0.0,0.003435852,0,0.0,392094.66,0.0,0,0.9997247,648371.1,0.0,0,0.0,0.0,0.0,Attack,Attack-TCP-Flag-ACK-PSH
0.0010904269,23.982752,1702291700.0,1703023200.0,34,23.992407,1702494800.0,1702621700.0,24,24.0,1702792400.0,0.0,24,65535,1702537700.0,-1.0,23.996729,0.0,1702519400.0,0.0,24.0,1.2396834,1702614700.0,0.11847567,24.0,5.142635,1702809900.0,0.0065983674,7,1.0,1702658200.0,0.0,24,0.00021585845,1703023200.0,0.0,24,1.0,1702899300.0,0.008790015,Attack,Benign
0.005956457,0.40075544,604172.94,1702653600.0,126,20.110336,1171502.2,1702707500.0,52,52.0,718844.1,1702110000.0,20,29179,471929.53,-0.9999321,36.445698,19630.594,0.0,0.16454935,36.0,7687.5884,173193.89,0.97509485,20.0,4778.0186,1702506100.0,0.026518011,51,0.49976787,1703023200.0,0.15578867,52,0.5006409,1703023200.0,0.0071592517,52,0.50117564,1702935000.0,0.021358155,Suspicious,Suspicious
11.389399,31.274237,0.0,541552.3,273,31.942535,357898.16,239573.73,32,32.0,-1.1920929e-06,0.0,20,64210,146655.56,-1.0,32.811394,0.0,0.0,181.56165,32.0,3.406531,424047.1,47.39827,32.0,3.7283907,0.0,0.22236021,185,0.9992789,0.0,0.4605771,32,0.0,828495.0,0.0,32,1.0,735974.2,0.25635847,Benign,Benign-Web_Browsing_HTTP-S
0.0,0.41647086,0.0,1702303000.0,20,20.112177,338759.34,1703023200.0,52,52.0,307367.06,1702385300.0,20,28808,27798.389,-0.9986445,33.71817,9414.103,0.0,0.15536107,36.0,8929.501,231757.9,5.1385264,20.0,4215.226,1702718500.0,0.0,53,0.50136036,1703022200.0,0.14566407,52,0.5018097,1703023200.0,0.05967618,52,0.5003105,1702787600.0,0.0,Suspicious,Suspicious
0.0,23.998417,1702589000.0,1702722300.0,20,23.977047,1702954800.0,1702574200.0,24,24.0,1702822700.0,0.0,24,65521,1702505500.0,-1.0,24.009188,0.0,1702914700.0,0.007518196,24.0,0.8299276,1702589000.0,0.3849807,24.0,0.0,1702748900.0,0.0,16,0.9997149,1702917800.0,0.028005201,24,0.00017142588,1702883700.0,0.0,24,1.0,1702614100.0,0.02277721,Benign,Benign
0.15606211,39.936157,187620.06,0.0,96,39.961594,0.0,399506.1,40,40.0,40305.69,157339.81,40,8634,692507.9,-0.99991524,28.525587,10.852246,100080.516,146.61763,40.0,0.0,0.0,11.724774,40.0,24.13306,0.0,0.063703746,107,0.99960023,3222.689,112.61758,40,0.0,6627.1445,0.02047443,40,1.0,469930.88,111.499985,Benign,Benign
0.004578233,20.000181,369185.22,0.0,20,19.993525,251639.0,904778.56,20,20.0,-1.1920929e-06,205129.77,20,1006,0.0,-0.9998136,20.004478,7401.254,468709.94,0.22985679,20.0,0.0,362874.12,0.0,20.0,9567.087,0.0,0.17035931,28,0.99984944,1045882.1,0.21338145,20,0.00085088244,975036.4,0.0,20,0.99899775,551614.9,0.21209386,Benign,Benign
0.0,20.018255,146562.9,1702833300.0,20,19.999626,173003.84,1702771200.0,20,20.0,442614.62,1702116000.0,20,65535,0.0,-0.99991244,20.0,8546.266,24873.715,0.14913787,20.0,8472.16,548849.9,0.0,20.0,6926.894,1702872800.0,0.0,0,0.5004266,1703023200.0,0.15204538,20,0.50012225,1702896900.0,0.0,20,0.49978623,1702852700.0,0.0,Benign,Benign
0.15745252,39.958694,0.0,0.0,143,39.991436,392830.1,79969.555,40,40.0,-1.1920929e-06,187788.31,40,9219,499631.03,-0.999579,28.271166,15.027597,0.0,155.11035,40.0,4.0498548,0.0,6.513004,40.0,21.609512,0.0,0.07561005,115,0.99887764,729213.5,113.23302,40,0.0,1045731.6,0.0,40,1.0,542933.75,114.162346,Benign,Benign
0.00844777,40.031822,1702738600.0,1702603900.0,96,40.007835,1702820000.0,1702885000.0,40,40.0,1703023200.0,82704.23,40,64241,1703023200.0,-0.99966514,40.000465,0.0,1702674400.0,0.01666512,40.0,0.0,1702736400.0,2.0624702,40.0,0.0,1702691300.0,0.012269697,55,0.9999199,1702873100.0,0.033978313,40,0.0003472634,1703014400.0,0.0,40,0.9999065,1703023200.0,0.0,Attack,Attack-TCP-BYPass-V1
5.1707883,24.12963,0.0,0.0,382,32.65782,316421.44,167340.2,36,36.0,-1.1920929e-06,0.0,36,29254,463193.12,-1.0,37.30511,27.84977,458204.34,0.6536069,36.0,13.688455,856766.7,3.6901054,36.0,10.82022,0.0,0.21354227,310,0.999924,34156.402,0.070380434,36,0.0,1627700.8,0.0,36,0.99880207,444570.38,0.26158386,Benign,Benign-SSH
0.0,23.998405,357777.56,1702851300.0,61,24.00847,0.0,1703023200.0,24,24.0,80179.266,1702306600.0,20,65535,0.0,-1.0,21.997726,63946.23,43966.707,0.054240007,22.0,12526.781,659255.44,1.3216697,24.0,35054.047,1702704900.0,0.0,7,0.49916324,1703023200.0,0.015147326,24,0.5002195,1702928500.0,0.0,24,0.499719,1702716700.0,0.0,Benign,Benign
0.0032348558,40.010567,1702924900.0,1702790300.0,28,39.988888,1702548600.0,1702751000.0,40,40.0,1703023200.0,0.0,40,64283,1702857300.0,-1.0,40.00605,0.0,1702896000.0,0.030749323,40.0,0.0,1702680200.0,0.0,40.0,0.0,1702896100.0,0.0,45,1.0,1702860800.0,0.030834597,40,0.00039427387,1702747800.0,0.0,40,1.0,1702829700.0,0.027809452,Attack,Attack-TCP-BYPass-V1
16.617468,31.354822,0.0,0.0,309,32.2681,219397.77,550788.94,32,32.0,155880.06,0.0,20,64242,8522.915,-0.9980002,27.722923,29.082361,0.0,130.34273,32.0,5.560175,656170.25,47.95524,32.0,11.601494,0.0,0.22245893,154,0.0,1109006.8,52.408306,32,0.3399867,1317377.0,0.15107182,32,0.0,413810.75,117.341576,Benign,Benign-Web_Browsing_HTTP-S
0.0029842907,39.989918,1702938000.0,1702627000.0,52,39.978,1702810400.0,1702524900.0,40,40.0,1702962200.0,0.0,40,64229,1702875900.0,-0.99991167,39.995586,0.0,1702731800.0,0.0,40.0,0.0,1702721500.0,0.0,40.0,0.0,1702716200.0,0.0,40,0.99989283,1702891500.0,0.029151836,40,1.5499427e-05,1702892500.0,0.0,40,1.0,1702842600.0,0.001797932,Attack,Attack-TCP-BYPass-V1
0.0,19.984772,1702697700.0,1703023200.0,20,19.991714,1702651900.0,1702759300.0,20,20.0,1702842200.0,0.0,20,1125,1702501600.0,-1.0,20.0,0.0,1702760800.0,0.020134259,20.0,0.0,1703023200.0,1.4307948,20.0,2.1005142,1702949900.0,0.0,8,0.9997212,1702826900.0,0.0,20,0.00024177459,1702819800.0,0.0,20,0.99968785,1702707700.0,0.015074631,Benign,Benign
16.335442,39.78363,0.0,0.0,312,20.013887,756853.06,833204.1,32,20.0,-1.1920929e-06,92183.31,20,8246,0.0,-0.99759287,26.779997,0.0,0.0,158.1315,20.0,0.0,722456.56,47.937916,20.0,0.0,0.0,0.22247079,167,0.6630945,562780.06,55.629955,32,0.34023482,1507366.8,0.15828197,20,0.32851714,266750.94,105.72441,Benign,Benign-Systemic
0.0,23.989017,1702700200.0,1702890500.0,20,23.988401,1702475100.0,1702766800.0,24,24.0,1702579200.0,159822.17,24,1088,1702728000.0,-1.0,23.992756,0.0,1702625800.0,0.0,24.0,0.0,1703023200.0,0.0,24.0,0.0,1702770800.0,0.0,19,0.9995354,1702758100.0,0.0,24,0.0,1702792000.0,0.0,24,0.9997878,1702438400.0,0.012261028,Benign,Benign
0.0024721292,39.990017,1702793000.0,1703023200.0,43,39.955677,1702719200.0,1702830100.0,40,40.0,1703023200.0,0.0,40,64261,1702876000.0,-1.0,39.990753,38.90723,1702573000.0,0.0,40.0,7.076743,1702827300.0,0.0,40.0,5.3750043,1702874600.0,0.0,33,1.0,1702991700.0,0.0,40,0.00017580664,1703023200.0,0.0,40,1.0,1702993200.0,0.0046520564,Attack,Attack-TCP-BYPass-V1
0.0,39.995533,1702861400.0,1702916500.0,31,40.0173,1703005800.0,1702896500.0,40,40.0,1703023200.0,0.0,40,64291,1703023200.0,-0.9997927,39.99606,0.0,1703023200.0,0.0,40.0,0.0,1702898300.0,0.0,40.0,0.0,1702625800.0,0.0,47,0.99982774,1703023200.0,0.033078898,40,6.2117506e-05,1702886100.0,0.0012245459,40,1.0,1703023200.0,0.03701111,Attack,Attack-TCP-BYPass-V1
35.89325,0.4130209,0.0,0.0,451,0.41775206,295393.06,368646.0,44,44.0,-1.1920929e-06,0.0,44,65535,310113.28,-1.0,40.483112,0.0,0.0,171.60854,32.0,22.422474,0.0,47.820007,32.0,10.566225,0.0,0.22230609,256,0.9995321,224265.9,1.314896,44,0.0,951785.44,0.0,28,1.0,347946.88,0.25928503,Suspicious,Suspicious
17.816116,31.384636,0.0,0.0,316,32.001465,621892.3,501380.88,32,32.0,-1.1920929e-06,10020.073,32,179,621243.3,-0.99994045,34.846817,0.0,466650.94,208.00543,32.0,0.93397766,297724.7,47.879307,32.0,8.274013,0.0,0.2224574,208,0.0,0.0,45.089027,32,0.9979313,684934.94,105.73607,32,0.0035530517,478696.2,0.25836733,Benign,Benign-Systemic
0.0,39.97594,1702618600.0,1702764400.0,20,39.99956,1702634900.0,1702710300.0,40,40.0,1703023200.0,0.0,40,64244,1703023200.0,-0.99994487,39.993855,0.0,1702801400.0,0.0,40.0,0.0,1702769300.0,0.12500758,40.0,0.0,1702910700.0,0.008334935,34,0.99994415,1702930400.0,0.002006997,40,0.0,1702762100.0,0.0,40,1.0,1702965500.0,0.018892992,Attack,Attack-TCP-BYPass-V1
13.259576,0.4010069,0.0,0.0,290,0.4154766,0.0,0.0,36,36.0,-1.1920929e-06,0.0,36,29575,0.0,-0.99987835,35.619602,51.929413,0.0,111.38956,36.0,20.87011,96359.03,7.80074,36.0,6.1984334,0.0,0.09997462,195,0.99937993,0.0,9.236422,36,7.561182e-05,-9.536743e-07,0.0,36,1.0,0.0,113.812386,Benign,Benign-Telnet
0.0,23.986238,1702708100.0,1702745000.0,20,23.995426,1702416500.0,1702431900.0,24,24.0,1702809900.0,0.0,24,1047,1702716700.0,-1.0,23.991707,0.0,1702836000.0,0.021083053,24.0,0.0,1702956700.0,0.0,24.0,0.0,1702656600.0,0.010584398,0,0.99996257,1702672400.0,0.0,24,0.0,1702687200.0,0.0,24,1.0,1702728100.0,0.012347173,Benign,Benign
0.0,39.98425,1702868400.0,1702777200.0,20,40.017685,1702824000.0,1702878800.0,40,40.0,1702927400.0,0.0,40,64274,1703023200.0,-1.0,39.998775,31.4033,1702461400.0,0.0030499953,40.0,3.3786716,1703023200.0,0.0,40.0,4.150432,1702521000.0,0.0,60,1.0,1702929300.0,0.0011596219,40,4.7604135e-05,1703023200.0,0.0,40,0.9998623,1702930400.0,0.013100483,Attack,Attack-TCP-BYPass-V1
0.0,0.0,1702659500.0,0.0,20,0.0,1702965800.0,0.0,20,0.0,1702556800.0,1702153600.0,20,77,1702877400.0,-1.0,20.001972,0.0,1702780300.0,0.008060063,20.0,0.0,1702597100.0,0.0,20.0,0.0,0.0,0.0,5,0.0,532256.44,0.01969987,0,1.0,-9.536743e-07,0.019044101,0,0.00078709534,0.0,0.003749707,Benign,Benign
0.3762324,24.118773,125120.65,0.0,776,20.01067,940372.44,378214.88,56,20.0,-1.1920929e-06,0.0,20,64153,0.0,-0.9960357,20.002188,34.17527,0.0,158.30191,20.0,29.099972,0.0,13.058785,20.0,1877.0905,0.0,0.22117464,316,0.0,1329291.0,0.19394185,56,1.0,707222.44,0.062090933,20,0.0002984322,688549.6,0.1151354,Benign,Benign-FTP
0.0,19.999231,1702592500.0,1702658300.0,20,19.983383,1703023200.0,1702620800.0,20,20.0,1702748000.0,0.0,20,1107,1702942100.0,-1.0,20.000935,96616.05,0.0,0.0,20.0,67887.38,1702915000.0,2.7762215,20.0,46324.438,1702669800.0,0.0,12,0.6666209,1702985900.0,0.018669097,20,0.33312815,1702670000.0,0.024954636,20,0.33215913,1702550300.0,0.0025087628,Benign,Benign
0.005647702,20.002264,1702606000.0,1703023200.0,20,20.000437,1702964100.0,1702291200.0,20,20.0,1703023200.0,0.0,20,1005,1703023200.0,-1.0,20.002237,32.85608,1702923300.0,0.0,20.0,0.0,1703023200.0,0.0,20.0,8.732224,1702622800.0,0.0,0,0.0,1702853200.0,0.0,20,1.0,1703023200.0,0.0,20,0.0,1702404400.0,0.00860484,Benign,Benign-Web_Browsing_HTTP-S
0.0012979909,24.0144,0.0,1702719900.0,78,24.000616,0.0,1703020300.0,24,24.0,507084.8,1701833100.0,20,65535,0.0,-0.9998906,22.005497,17460.898,0.0,0.08431153,22.0,12591.967,585758.6,1.304678,20.0,10177.457,1702516900.0,0.0,24,0.5000013,1702987400.0,0.06223918,24,0.4994895,1702707200.0,0.0,24,0.4996065,1702880400.0,0.0,Benign,Benign
0.0,0.0,1702493700.0,439881.84,20,0.0,1702803000.0,0.0,20,0.0,1702410500.0,1703023200.0,20,34,1702996200.0,-0.9998663,20.0,3.3526428,1702470500.0,0.0,20.0,0.0,1702711000.0,0.0,20.0,2.6048388,0.0,0.0,0,0.0,145987.81,0.010034751,0,0.99936336,-9.536743e-07,0.0035974486,0,0.00032912884,0.0,0.008544524,Benign,Benign
0.0,40.020786,43249.254,1702811100.0,65,39.96912,253701.03,1702881800.0,40,40.0,516088.97,1702396400.0,20,64156,967353.4,-0.9996613,40.010677,18768.957,150761.03,0.06382881,30.0,9046.026,1702778400.0,1.1460501,20.0,6516.138,1702742300.0,0.019102328,74,1.0,1703023200.0,0.043222606,40,0.49988374,1703023200.0,0.0,40,0.50007045,1702810500.0,0.008637784,Attack,Attack-TCP-Flag-OSYN
0.0,32.094982,1702982700.0,1702603800.0,29,31.825977,1702571100.0,1702382600.0,32,32.0,1702403500.0,0.0,32,474,1702279400.0,-0.99975455,32.93296,0.0,1702427900.0,0.0,32.0,3.2036963,1703023200.0,0.0,32.0,4.5477414,1702161900.0,0.0030880962,20,0.0,1702638300.0,0.033227045,32,0.9986446,1702653300.0,0.0,32,0.0004980505,1702242000.0,0.04660594,Benign,Benign-SSH
0.0022396946,23.991377,0.0,1702841000.0,38,24.007133,15327.478,1702844400.0,24,24.0,-1.1920929e-06,0.0,24,970,0.0,-1.0,24.000246,0.0,0.0,0.11572241,24.0,6.073683,0.0,1.5716926,24.0,7.8461967,0.0,0.09333173,53,1.0,455990.88,0.113066085,24,0.0003151228,1702722600.0,0.016352147,24,1.0,1702513700.0,0.084942624,Benign,Benign
21.302122,32.689686,0.0,1378485.4,414,32.255074,301076.3,616051.0,36,32.0,-1.1920929e-06,0.0,32,64092,1309385.1,-0.99687016,35.676193,25.02273,259053.52,122.95905,32.0,0.0,675652.8,48.135815,32.0,0.0,0.0,0.22249185,260,0.99431306,0.0,7.4564767,36,0.004887049,2181654.5,0.17072147,32,0.9940323,1236605.0,0.059558097,Benign,Benign-Systemic
0.12005095,0.0,0.0,0.0,26,0.083647616,0.0,350059.53,20,0.0,-1.1920929e-06,0.0,20,0,326669.84,-0.9999325,20.005524,0.0,0.0,110.64905,20.0,11.849199,0.0,0.0,20.0,2.8853965,0.0,0.0,18,0.0,69923.055,110.58934,0,0.500706,1128420.9,110.460976,0,0.0,0.0,0.0,Attack,Attack-Killer-TCP
0.11116639,20.01384,1703023200.0,1702909600.0,20,20.003876,1702808400.0,1703023200.0,20,20.0,1702910200.0,76767.91,20,133,1703023200.0,-1.0,20.00394,26.271263,419378.6,68.301765,20.0,11.254422,0.0,7.1320424,20.0,2.4561799,1702954000.0,0.024087787,26,0.0,1702838700.0,0.0057279947,20,0.00035166222,1702942600.0,0.0,20,0.00017337358,1702853500.0,0.029211067,Attack,Attack-TCP-Flag-MIX
0.0005679803,0.0,1702899300.0,0.0,20,0.0,1702857600.0,0.0,20,20.0,1702708200.0,1703023200.0,20,203,1702858100.0,-1.0,20.0,13.90541,1702221000.0,0.0,20.0,0.0,1702504100.0,0.0,20.0,8.080396,0.0,0.0,1,0.0,98377.24,0.021795303,0,0.0001707967,649496.75,0.018254155,0,0.00013327098,0.0,0.0,Benign,Benign
0.0,20.019073,240282.38,0.0,77,20.00352,0.0,39446.168,20,20.0,43730.39,1701676000.0,20,1153,25352.781,-0.9999945,20.0,34407.4,302250.38,0.035829734,20.0,15616.708,584519.0,3.3267047,20.0,26506.178,0.0,0.017030815,46,0.6671858,23025.586,0.05300753,20,0.3337696,-9.536743e-07,0.0048447778,20,0.6646575,0.0,0.0069667664,Benign,Benign
0.0023080911,32.05773,0.0,1703023200.0,94,31.91777,1702700200.0,1702871600.0,32,32.0,1702807800.0,0.0,32,150,1702709200.0,-1.0,31.754032,0.0,0.0,0.071486734,32.0,0.0,1703023200.0,0.0,32.0,0.0,1702541200.0,0.01697583,40,0.0011257789,1702957600.0,0.033591427,32,0.3335263,1702904600.0,0.0012721955,32,0.00018014309,1702857000.0,0.015394261,Benign,Benign-Web_Browsing_HTTP-S
0.0020954136,39.99565,1702820100.0,1702758900.0,27,40.00667,1702409000.0,1702998400.0,40,40.0,1702852600.0,0.0,40,64242,1702717700.0,-1.0,39.991074,0.0,1702660600.0,0.0,40.0,0.0,1702797000.0,0.0,40.0,0.0,1702824400.0,0.0,43,0.99976295,1702848800.0,0.0,40,0.0,1703023200.0,0.0,40,1.0,1702849500.0,0.015868431,Attack,Attack-TCP-BYPass-V1
0.0,19.987547,0.0,0.0,20,19.986534,324721.1,344831.22,20,20.0,-1.1920929e-06,436648.0,20,1051,0.0,-1.0,20.0,8488.205,406063.53,0.19308703,20.0,0.0,165176.78,1.7860022,20.0,9853.134,36823.914,0.13884129,44,1.0,808584.9,0.19394866,20,0.0003526743,880585.25,0.021628533,20,0.9992609,440184.7,0.13877809,Benign,Benign
0.0,39.9954,1702831000.0,1702911000.0,43,39.98863,1702693500.0,1702748300.0,40,40.0,1702827500.0,0.0,40,64334,1702920000.0,-0.9999764,39.998367,0.0,1702761300.0,0.006319723,40.0,0.0,1702759200.0,0.0,40.0,0.0,1702820500.0,0.0,48,0.9999916,1702798700.0,0.0041991067,40,0.00018157087,1702891600.0,0.0,40,1.0,1702891400.0,0.02870601,Attack,Attack-TCP-BYPass-V1
0.005245308,0.040397003,30887.389,0.0,58,0.04717013,0.0,0.0,20,0.0,354914.53,0.0,20,40,237036.25,-1.0,20.000349,47569.48,409650.62,0.07999622,20.0,107967.59,51154.062,0.0,20.0,0.0,0.0,0.0,0,0.49866256,0.0,0.05814787,0,0.50199884,92046.92,0.055485755,0,0.0016511183,0.0,0.0,Benign,Benign-Systemic
0.008618538,19.994122,1702551300.0,1703023200.0,20,19.981148,1702895100.0,1702585200.0,20,20.0,1702322000.0,179500.38,20,1136,1702936700.0,-1.0,20.0,0.0,1702567400.0,0.0,20.0,0.07763757,1702769900.0,0.0,20.0,0.6703938,1702788000.0,0.0055724233,0,0.0,1702882000.0,0.0,20,1.0,1702987500.0,0.0,20,0.0,1702808300.0,0.0034537467,Benign,Benign
0.0,23.99686,1702620400.0,1703023200.0,37,23.98019,1702762100.0,1702790100.0,24,24.0,-1.1920929e-06,1702290000.0,20,65535,191629.3,-1.0,22.003084,14355.416,0.0,0.0053339214,22.0,4886.262,1702733800.0,0.0,20.0,0.0,1703001200.0,0.007992396,19,0.5003325,1702908500.0,0.015871877,24,0.5001597,1703023200.0,0.0,24,0.5005971,1702962200.0,0.0,Benign,Benign
0.0029424897,31.96463,1702776400.0,1702803300.0,20,31.86567,1702780700.0,1702711800.0,32,32.0,1702536200.0,0.0,32,385,1702296600.0,-1.0,32.536133,0.0,1702654300.0,0.0077694748,32.0,0.0,1702945500.0,0.39414352,32.0,0.0,1702409200.0,0.0,1,0.0,1702826400.0,0.049964625,32,1.0,1703023200.0,0.0,32,0.0,1702742800.0,0.025892178,Benign,Benign-SSH
0.0,23.994093,1702986900.0,1702789600.0,20,23.99326,1702674400.0,1702400400.0,24,24.0,1703023200.0,0.0,24,65410,1702909400.0,-1.0,24.00296,0.0,1702184200.0,0.0,24.0,0.0,1703023200.0,3.646957,24.0,10.692318,1702650500.0,0.0,0,1.0,1702833200.0,0.015966011,24,0.0,1702866000.0,0.010578967,24,1.0,1702494600.0,0.024997361,Benign,Benign
0.0011251137,40.01332,1702770200.0,1702989400.0,51,40.007645,1702827800.0,1703023200.0,40,40.0,1702694700.0,0.0,40,64386,1703023200.0,-0.99974316,39.99886,4.212232,1702652700.0,0.0,40.0,0.0,1702671100.0,0.3683395,40.0,4.091468,1702843600.0,0.0,56,0.9993438,1703023200.0,0.03097123,40,0.0002546476,1703023200.0,0.0,40,0.9998609,1703023200.0,0.022190852,Benign,Benign
0.13186422,0.015513254,465041.62,0.0,21,0.061023887,209543.7,177727.16,20,0.0,-1.1920929e-06,0.0,20,0,232664.02,-0.9998271,20.005816,29.288712,0.0,109.79174,20.0,27.064394,0.0,0.0,20.0,0.86878407,0.0,0.0,2,0.0,0.0,110.190865,0,0.50039655,44867.742,108.126144,0,0.0,0.0,0.029661497,Suspicious,Suspicious
0.0,32.058216,0.0,1703023200.0,45,31.906666,0.0,1702969900.0,32,32.0,-1.1920929e-06,53319.64,32,65535,181186.45,-0.9997541,28.946354,104921.89,0.0,0.016459923,32.0,46539.1,583012.7,0.0,32.0,46719.934,1702825000.0,0.0023034895,36,0.66651225,1702845400.0,0.05858703,32,0.33372024,1702891000.0,0.032552656,32,0.3346095,1702540800.0,0.0,Benign,Benign
0.0,24.02763,550817.2,0.0,50,24.009491,153115.72,742924.4,24,24.0,661416.0,1702587600.0,20,65535,0.0,-1.0,22.67681,33014.98,316329.0,0.04161601,24.0,13098.775,1117576.5,3.7051978,24.0,26320.922,228201.89,0.03264617,56,0.6669932,854522.8,0.034881398,24,0.33320147,375606.3,0.0,24,0.6648107,40791.113,0.01468711,Benign,Benign
0.0032839244,19.99842,1702538000.0,1702914400.0,20,20.001114,171965.95,1702947000.0,20,20.0,74996.24,1703023200.0,20,1157,233217.23,-1.0,20.002005,5592.8813,296989.44,0.052111514,20.0,5169.5337,242715.38,0.0,20.0,5085.7476,1702956400.0,0.009163928,0,0.4993491,1703023200.0,0.05376643,20,0.49982205,1702925000.0,0.00027994715,20,0.5002852,1702661900.0,0.0055794464,Benign,Benign
0.01585162,20.026081,0.0,1702559100.0,122,19.97512,446226.44,1702617200.0,20,20.0,254872.4,1701891800.0,20,903,0.0,-0.9995238,20.005636,21149.598,0.0,0.06717234,20.0,8768.735,0.0,4.327466,20.0,10022.472,1702680800.0,0.037474185,32,0.4996371,1702999700.0,0.123460725,20,0.5000368,1703014500.0,0.0,20,0.50156146,1702766300.0,0.0,Benign,Benign-Web_Browsing_HTTP-S
0.0,20.012293,1702462300.0,1702867000.0,20,20.00582,1702794500.0,1702570400.0,20,20.0,1702869900.0,0.0,20,1093,1702489300.0,-1.0,20.002018,0.0,1702471700.0,0.00015264488,20.0,0.0,1703023200.0,0.0,20.0,0.0,1702757600.0,0.0,0,0.9996428,1703023200.0,0.0067117005,20,0.0,1702949000.0,0.00848839,20,0.9998023,1702764000.0,0.0,Benign,Benign
9.8364725,20.079296,205124.55,0.0,221,20.003685,0.0,487210.62,32,20.0,-1.1920929e-06,434776.03,20,8835,0.0,-0.9971798,25.361723,23.258135,269228.12,129.9424,20.0,0.0,211187.95,48.021057,20.0,18.588125,0.0,0.22248536,47,0.6591182,814477.0,6.17426,32,0.33647984,1138605.1,114.68495,20,0.6585011,894882.6,104.19443,Attack,Attack-TCP-Flag-OSYNP
0.0,20.008312,1702554100.0,1702947000.0,53,19.997375,1702838100.0,1702524400.0,20,20.0,1702490400.0,61294.562,20,65390,1702542800.0,-1.0,20.0,0.0,1702510100.0,0.0,20.0,0.6680552,1702386600.0,0.0,20.0,1.5275539,1702627600.0,0.004419448,35,0.99955344,1702849700.0,0.0,20,0.0006159061,1702750000.0,0.009520484,20,0.9997541,1702895500.0,0.0,Benign,Benign
0.0,40.00917,1703010700.0,1702736400.0,21,39.968475,1702854400.0,1702882600.0,40,40.0,1702872700.0,0.0,40,64317,1702963000.0,-1.0,39.999195,20.290516,1702691800.0,0.0,40.0,0.0,1702916100.0,0.0,40.0,0.0,1702896000.0,0.0,29,1.0,1703023200.0,0.008621336,40,9.3843184e-05,1702864900.0,0.0011523716,40,1.0,1702730400.0,0.022125328,Attack,Attack-TCP-BYPass-V1
0.0,19.986263,1702841600.0,1703023200.0,20,19.995926,1702660200.0,1702737000.0,20,20.0,1702923500.0,0.0,20,65261,1702736900.0,-1.0,20.0,0.0,1702481900.0,0.005820901,20.0,0.0,1702755100.0,0.0,20.0,0.0,1702301000.0,0.018185325,0,0.9991342,1702784500.0,0.0019428529,20,5.493358e-05,1702919400.0,0.0,20,1.0,1702674800.0,0.027783297,Suspicious,Suspicious
0.0008464746,19.993412,1702669200.0,1703023200.0,20,19.979324,1702496800.0,1702546300.0,20,20.0,1702377900.0,319491.4,20,1133,1702737900.0,-0.99984425,20.0,7.670113,1702339000.0,0.0,20.0,0.0,1702797600.0,0.0,20.0,7.3199987,1702578400.0,0.007014363,1,0.0004258183,1702914700.0,0.005375662,20,0.9998215,1702774500.0,0.0005707158,20,0.0,1702715500.0,0.0,Benign,Benign-Systemic
0.0,23.995913,1702990500.0,1702748800.0,20,23.991724,1702486700.0,1702619600.0,24,24.0,1703000000.0,0.0,24,65535,1702923800.0,-1.0,24.002949,10.354466,1702705200.0,0.0,24.0,0.2689083,1702829300.0,0.0,24.0,2.7703729,1702946300.0,0.0,0,0.00051090657,1703023200.0,0.029865451,24,0.00011427467,1702608500.0,0.0,24,0.0,1702524500.0,0.002303263,Benign,Benign-Telnet
0.001494506,19.991198,1703023200.0,1703023200.0,20,19.976822,1703023200.0,1702842000.0,20,20.0,1702830800.0,0.0,20,189,1702540800.0,-0.99984944,20.0,11.240532,1702966500.0,0.0,20.0,0.5725426,1703023200.0,0.0,20.0,2.8961143,1702667600.0,0.013168432,0,0.0004830796,1702730400.0,0.0,20,0.0004032428,1703023200.0,0.0,20,0.0,1702730500.0,0.0016906969,Suspicious,Suspicious
18.513933,31.298079,0.0,545531.1,359,32.04456,0.0,1168750.2,32,32.0,-1.1920929e-06,0.0,20,85,566370.94,-1.0,30.239634,0.0,424537.0,206.33377,32.0,0.0,911514.75,47.956398,32.0,0.60513234,0.0,0.22246763,224,0.999064,349054.62,0.7488438,32,0.0,775896.75,106.788994,28,1.0,539704.0,0.26008633,Suspicious,Suspicious
0.00020340487,23.984737,1703009500.0,1702689200.0,20,23.9929,1702954800.0,1702542300.0,24,24.0,1702603100.0,0.0,24,990,1702963500.0,-1.0,23.998405,0.0,1702423400.0,0.018447239,24.0,0.0,1702556400.0,0.0,24.0,8.933434,1702531800.0,0.008019608,19,0.99930143,1702594400.0,0.0,24,0.0,1702805100.0,0.0,24,0.9995032,1702886400.0,0.007972713,Benign,Benign
0.0059215636,32.033646,0.0,288897.25,170,32.03077,0.0,0.0,32,32.0,-1.1920929e-06,1702204200.0,20,85,0.0,-0.9996417,28.835794,52511.05,0.0,0.023964614,32.0,14582.237,270473.56,2.7660413,32.0,58737.527,0.0,0.045600973,96,0.0,117529.63,0.04074758,32,1.0,26193.732,0.0,32,0.0005969196,0.0,0.011708863,Benign,Benign-Web_Browsing_HTTP-S
0.0,40.004314,1702668900.0,1702570100.0,20,39.992924,1702608800.0,1702623900.0,40,40.0,1702904200.0,0.0,40,64246,1703023200.0,-1.0,39.990467,11.180172,1702780500.0,0.0,40.0,0.0,1702676200.0,0.0,40.0,0.0,1702907900.0,0.0,24,0.9992483,1702992400.0,0.0,40,0.0,1702957600.0,0.0,40,1.0,1702799500.0,0.028594682,Attack,Attack-TCP-BYPass-V1
0.0,24.000553,0.0,1702828200.0,35,23.991682,0.0,1702968700.0,24,24.0,-1.1920929e-06,1702217700.0,20,65535,0.0,-0.9999688,22.009481,19223.982,0.0,0.106575675,22.0,13185.653,152052.16,2.893597,20.0,10115.428,1702903900.0,0.0,14,0.500172,1702967800.0,0.069006465,24,0.50002563,1702852600.0,0.0,24,0.50000674,1702749400.0,0.0,Benign,Benign
0.00046008138,39.998535,1703023200.0,1703023200.0,20,39.990044,1702938000.0,1702860000.0,40,40.0,1703023200.0,0.0,40,64262,1702960600.0,-1.0,39.997444,0.0,1703023200.0,0.0,40.0,0.0,1702882400.0,0.0,40.0,0.0,1702901600.0,0.008219247,48,1.0,1703023200.0,0.003776831,40,0.00015325523,1703023200.0,0.0,40,0.9998114,1702924800.0,0.015464437,Attack,Attack-TCP-BYPass-V1
0.0,39.99076,1702573700.0,1702993700.0,20,39.98131,1703023200.0,1703023200.0,40,40.0,1702974200.0,0.0,40,64234,1703023200.0,-0.99998856,39.99787,0.0,1702813300.0,0.021110797,40.0,0.6753652,1702926600.0,0.0,40.0,0.0,1702739200.0,0.00069485896,32,0.9994693,1703023200.0,0.0,40,7.705888e-05,1702724000.0,0.0,40,1.0,1703023200.0,0.006258855,Attack,Attack-TCP-BYPass-V1
0.0,39.969116,1702832000.0,1703023200.0,20,39.99184,1702974100.0,1702984300.0,40,40.0,1703023200.0,0.0,40,64320,1703023200.0,-0.9999092,39.992718,0.0,1702527400.0,0.0143404715,40.0,0.0,1702986800.0,0.21809296,40.0,0.0,1702675000.0,0.0007622145,45,1.0,1703023200.0,0.016799822,40,5.658854e-05,1702731500.0,0.0,40,0.9999599,1703023200.0,0.008755454,Attack,Attack-TCP-BYPass-V1
0.001357084,0.0,1702889200.0,0.0,20,0.0,1702753700.0,0.0,20,0.0,1702543700.0,1703023200.0,20,0,1702591100.0,-0.9999689,20.00002,0.0,1702551800.0,0.0,20.0,0.0,1702988800.0,0.0,20.0,4.962203,0.0,0.0,0,0.0,230080.92,0.0,0,0.9995119,278774.28,0.0,0,0.0,0.0,0.010846447,Benign,Benign-Web_Browsing_HTTP-S
0.007202755,0.0,1702326700.0,163892.98,59,0.0,1703023200.0,0.0,20,0.0,1702595200.0,9884.315,20,0,1702533200.0,-0.9998309,20.0,2.1216955,1702627300.0,0.0018279152,20.0,2.2584016,1702679400.0,0.0,20.0,5.576995,0.0,0.0006228759,9,0.0,0.0,0.016741218,0,0.9988247,-9.536743e-07,0.016379984,0,0.00014802245,0.0,0.0,Benign,Benign
0.0,20.01398,1702977500.0,1702783600.0,20,20.000425,1703023200.0,1703019600.0,20,20.0,1702567000.0,0.0,20,16821,1702981400.0,-1.0,20.00257,0.0,1703017500.0,0.0,20.0,9.905996,1703023200.0,0.0,20.0,11.631006,1702897800.0,0.021365836,0,5.5954337e-05,1703009700.0,0.015686184,20,0.0003050265,1702814200.0,0.019089611,20,0.0,1702637000.0,0.0,Attack,Attack-TCP-Valid-SYN
0.0,32.041374,0.0,1702774700.0,82,31.914036,0.0,1703015200.0,32,32.0,438103.44,1701936900.0,20,65535,0.0,-0.9997569,25.751942,30891.29,268425.47,0.04863642,26.0,14057.331,890068.56,2.2873867,20.0,9338.004,1703006200.0,0.0,43,0.49989983,1703023200.0,0.115727074,32,0.49972147,1702819500.0,0.0057775434,32,0.4992277,1702876300.0,0.0151468245,Benign,Benign
0.0024828808,31.970226,583958.75,1702589800.0,82,31.913937,0.0,1703023200.0,32,32.0,21344.355,1701417300.0,20,65535,0.0,-0.9995385,25.043571,21305.32,0.0,0.01872178,26.0,10868.345,560656.56,1.4578574,20.0,12217.861,1702890800.0,0.0,41,0.5016648,1702959700.0,0.039468247,32,0.5005401,1703023200.0,0.0,32,0.49837574,1702783000.0,0.0,Benign,Benign
0.0,40.023285,1702504800.0,1702945900.0,20,39.995346,1702587100.0,1703023200.0,40,40.0,1703023200.0,236028.28,40,64160,1703018400.0,-0.9998681,40.000763,0.0,1702725200.0,0.0,40.0,0.0,1703023200.0,0.0,40.0,0.0,1702923600.0,0.0,41,0.9997259,1702969300.0,0.03515234,40,0.0,1702726900.0,0.0,40,1.0,1702926600.0,0.008117234,Attack,Attack-TCP-BYPass-V1
0.00027074516,31.96969,535042.25,1702682400.0,20,31.802889,323711.75,1702692200.0,32,32.0,-1.1920929e-06,1702113800.0,20,164,0.0,-0.9996168,26.854216,2851.1392,54406.223,0.5267676,26.0,925.3705,458502.7,0.0,20.0,108.35824,1702635600.0,0.015158889,0,0.49910325,1702985100.0,0.72693783,32,0.50029546,1702751200.0,0.0,32,0.00051661563,1702619900.0,0.0,Attack,Attack-TCP-Flag-SYN
0.0,40.004704,1702999200.0,1702830800.0,20,39.97841,1702645400.0,1702902500.0,40,40.0,1702817900.0,0.0,40,64260,1703023200.0,-1.0,39.99648,0.0,1702914400.0,0.018452888,40.0,0.0,1702989700.0,0.6075973,40.0,0.0,1702766300.0,0.0,32,0.9999472,1703023200.0,0.0117701795,40,0.000317622,1702959600.0,0.0,40,1.0,1703023200.0,0.0035958218,Attack,Attack-TCP-BYPass-V1
0.0,19.991484,1703023200.0,1702801400.0,20,19.990429,1702567300.0,1702725200.0,20,20.0,1702593500.0,0.0,20,1242,1702708200.0,-0.99995255,20.0,0.0,1702452000.0,0.023127848,20.0,0.0,1702811000.0,0.0,20.0,0.0,1702629400.0,0.0,9,0.0,1703023200.0,0.0,20,0.0005102574,1702914300.0,0.0023538007,20,0.0,1702770800.0,0.021851169,Benign,Benign
0.0,20.012579,1702544900.0,1702613100.0,34,19.99753,1702773200.0,1702312200.0,20,20.0,1703023200.0,0.0,20,1042,1702639200.0,-1.0,20.000658,0.0,1702169000.0,0.00459101,20.0,0.0,1702812200.0,0.0,20.0,0.0,1702867600.0,0.0,0,0.9991127,1702681300.0,0.0,20,0.0,1702734000.0,0.0,20,1.0,1702293500.0,0.0060863066,Benign,Benign-Email-Receive
0.005450831,0.0,0.0,0.0,28,0.00062476814,0.0,0.0,32,0.0,-1.1920929e-06,125983.71,20,0,0.0,-0.99983203,21.995333,63930.965,0.0,0.027634533,22.0,44909.39,0.0,0.23112221,20.0,0.0,0.0,0.020317314,21,0.5001714,325976.3,0.06632504,0,0.50109994,344200.56,0.042145513,0,0.0003073648,0.0,0.0,Benign,Benign
0.009309772,40.032032,1702707700.0,1702979700.0,100,39.96049,1702852200.0,1702885400.0,40,40.0,1703023200.0,0.0,40,64292,1702996000.0,-0.9998094,40.00364,0.0,1702759700.0,0.020135304,40.0,16.356293,1702953200.0,3.7890465,40.0,0.0,1702882700.0,0.04394293,71,0.9991908,1702974000.0,0.0046346015,40,0.0,1702793500.0,0.0,40,0.999952,1702943500.0,0.015246034,Attack,Attack-TCP-BYPass-V1
0.0014537651,20.006222,452727.53,0.0,72,19.99916,824754.44,0.0,20,20.0,467435.38,1702735200.0,20,1092,127427.01,-0.9999606,20.0,32632.584,0.0,0.038680386,20.0,9490.513,522025.38,0.53356653,20.0,28365.887,0.0,0.052236468,45,0.6652352,381653.47,0.08265846,20,0.33362532,142186.44,0.004592857,20,0.6667024,486467.44,0.02713762,Benign,Benign-Telnet
0.0,20.112703,0.0,0.0,20,0.41775513,232412.42,177819.8,36,36.0,-1.1920929e-06,0.0,36,28960,1372803.8,-1.0,36.06537,45.5149,0.0,118.17363,36.0,28.069115,0.0,2.5148177,36.0,6.441582,0.0,0.031461015,69,1.0,0.0,22.156034,36,0.0,846079.2,0.013196106,36,1.0,0.0,129.59003,Benign,Benign-Telnet
0.0,23.99328,0.0,0.0,20,23.985413,101608.4,724334.2,24,24.0,-1.1920929e-06,0.0,24,1062,77128.43,-0.9997289,24.00478,9962.381,0.0,0.12608519,24.0,0.0,0.0,1.5703357,24.0,10075.351,0.0,0.12518753,56,1.0,471926.72,0.13874519,24,0.0005218717,511388.88,0.0,24,0.9998077,0.0,0.15571684,Benign,Benign
48.22634,20.109808,0.0,0.0,572,0.4049182,218798.7,71021.984,44,44.0,-1.1920929e-06,216243.77,28,65436,277678.97,-0.99989676,41.00137,0.0,252437.9,192.06726,44.0,15.195322,372908.88,47.346714,44.0,0.0,0.0,0.21877103,322,0.9998295,234281.72,77.484085,44,0.0,1069600.6,1.0243036e-05,28,0.99936277,179116.31,101.05057,Benign,Benign-SSH
0.0,39.995586,1702935000.0,1702787600.0,20,40.00499,1702803300.0,1702963200.0,40,40.0,1702988900.0,12553.9,40,64223,1702951200.0,-0.999952,40.000206,1.839926,1702742900.0,0.0,40.0,0.0,1703023200.0,0.65912646,40.0,0.0,1702722700.0,0.0,55,1.0,1703023200.0,0.019052118,40,9.116551e-05,1702991700.0,0.001217092,40,0.9999271,1702874100.0,0.013573681,Attack,Attack-TCP-BYPass-V1
0.0070364387,0.03960571,1703023200.0,0.0,64,0.006074687,1702582700.0,0.0,20,0.0,1702398200.0,0.0,20,0,1702634400.0,-0.99988925,20.0,40.58407,1702667400.0,0.012299922,20.0,13.584674,1702314400.0,0.0,20.0,5.7473335,0.0,0.004743256,20,0.0,0.0,0.0020431303,0,1.0,-9.536743e-07,0.012137392,0,2.1374157e-05,0.0,0.0,Benign,Benign-Web_Browsing_HTTP-S
0.0,20.02282,0.0,1702312700.0,20,19.973087,0.0,1702814000.0,20,20.0,-1.1920929e-06,1700808200.0,20,1152,0.0,-1.0,20.007391,15354.253,345143.1,0.117890224,20.0,9650.322,318063.75,1.0381802,20.0,9006.887,1702371100.0,0.0,16,0.50026244,1703023200.0,0.097014934,20,0.49971408,1702858900.0,0.0038021044,20,0.4992494,1702634600.0,0.0,Benign,Benign
0.0013170057,0.0722449,209318.19,201778.98,46,0.028024357,644990.4,104099.414,24,0.0,390341.0,0.0,20,134,0.0,-1.0,22.009235,76034.84,0.0,0.024652641,22.0,104744.81,0.0,0.50739276,20.0,7.6141415,0.0,0.0,12,0.4992871,0.0,0.061680388,0,0.50082546,404536.03,0.024330154,0,0.0,81993.055,0.012248921,Benign,Benign
0.0037860773,24.011618,101571.8,1702724100.0,81,23.984215,101369.875,1703023200.0,24,24.0,363757.38,1700993500.0,20,65508,18725.998,-0.9999066,22.01071,16853.453,0.0,0.08022873,22.0,13759.773,56249.336,1.628478,20.0,9790.557,1702681600.0,0.0,36,0.5000779,1703023200.0,0.064447045,24,0.49976072,1703023200.0,0.0,24,0.49937293,1702746400.0,0.00039508299,Benign,Benign
0.0,19.979227,0.0,11231.241,53,19.984497,417531.4,0.0,20,20.0,-1.1920929e-06,88213.8,20,1033,0.0,-0.99996144,20.000528,8224.07,0.0,0.15953574,20.0,0.0,498983.88,6.2392664,20.0,11139.483,0.0,0.12769605,29,0.9999847,485143.03,0.15082665,20,0.00040701745,820936.44,0.006233746,20,1.0,936365.56,0.08143174,Benign,Benign
0.0,19.982426,1702632700.0,1702619600.0,20,20.000618,1702774500.0,1702522500.0,20,20.0,1702854800.0,0.0,20,91,1703023200.0,-1.0,20.0,0.0,1702790700.0,0.0,20.0,6.5415177,1702883300.0,0.0,20.0,2.8298519,1702502300.0,0.0,5,0.99981177,1702827300.0,0.000648916,20,0.00041847682,1703023200.0,0.0,20,0.9999396,1702539500.0,0.023390729,Suspicious,Suspicious
0.0090813,0.39256692,38370.297,1702609500.0,33,20.105803,516347.84,1702820200.0,52,52.0,583780.2,1702771100.0,20,29418,575472.94,-1.0,36.35596,21158.113,0.0,0.0936014,36.0,12671.838,0.0,1.4065067,20.0,10238.283,1702695300.0,0.016267633,51,0.4996906,1702846100.0,0.089432634,52,0.50022215,1702777600.0,0.005207376,36,0.5000869,1702491400.0,0.023754934,Benign,Benign-FTP
0.0,40.01879,1702549900.0,1702925400.0,20,40.00815,1702596400.0,1702935300.0,40,40.0,1702835300.0,0.0,40,64168,1703003100.0,-1.0,39.997437,0.0,1702844300.0,0.00964155,40.0,0.0,1702906600.0,0.0,40.0,1.1673254,1703023200.0,0.0,43,1.0,1702761100.0,0.028805383,40,0.0002697537,1703023200.0,0.0059537776,40,1.0,1702761900.0,0.028284939,Attack,Attack-TCP-BYPass-V1
7.26028e-05,19.996449,1702595100.0,1702628700.0,20,19.988644,1702304300.0,1702671000.0,20,20.0,1702848100.0,0.0,20,1060,1702965600.0,-1.0,20.0,0.0,1702738800.0,0.025917836,20.0,0.0,1702737000.0,0.0,20.0,0.0,1702761300.0,0.010178896,1,0.99938095,1702796800.0,0.010147552,20,2.5071391e-05,1702685400.0,0.004701272,20,0.9998066,1702631000.0,0.0026234663,Benign,Benign
0.0026804616,24.012863,135761.0,0.0,45,23.986774,1020345.0,438989.03,24,24.0,-1.1920929e-06,84416.055,24,1077,0.0,-0.9998446,24.018986,7818.2373,0.0,0.1962106,24.0,2.8498585,240876.2,0.0,24.0,8032.451,0.0,0.17152669,63,0.9995586,445226.28,0.19144179,24,0.00047161823,1163312.2,0.0,24,1.0,659977.94,0.21013017,Benign,Benign
0.0,23.976002,1702611100.0,1702876700.0,20,23.994673,1702467100.0,1702744400.0,24,24.0,1702456200.0,0.0,24,1029,1703023200.0,-1.0,24.003315,0.0,1702379300.0,0.03574433,24.0,0.0,1702829200.0,0.0,24.0,4.8021727,1702417700.0,0.0005658491,11,0.9991316,1702855000.0,0.0061095203,24,0.0,1702774700.0,0.0,24,0.9998234,1702704900.0,0.0052534943,Benign,Benign
0.003413913,23.910814,103083.12,326134.94,148,20.11098,50595.21,1702888000.0,28,20.0,252334.55,1702572000.0,20,8373,191943.97,-1.0,28.109703,0.0,0.0,7.056222,28.0,0.0,247496.25,33.88643,28.0,0.0,1702371600.0,0.19872238,67,0.496806,1703023200.0,5.58643,28,0.33412763,1702816100.0,0.008842621,28,0.6641215,1702993500.0,0.0,Benign,Benign
0.0,19.994574,1702504700.0,1702894000.0,20,19.984411,1702383200.0,1702079200.0,20,20.0,1702632100.0,0.0,20,939,1702702100.0,-1.0,20.0,0.0,1702580000.0,0.0,20.0,0.0,1702953100.0,0.0,20.0,10.537147,1702475900.0,0.0065303817,5,1.0,1702923600.0,0.0,20,0.0,1702821100.0,0.0,20,0.9995945,1702539000.0,0.0017352107,Benign,Benign
0.005957677,39.980457,1703023200.0,1702812300.0,46,40.020287,1702567000.0,1702796300.0,40,40.0,1702871800.0,0.0,40,64429,1703023200.0,-0.99989647,40.001194,0.0,1702549100.0,0.10062903,40.0,7.5353193,1702531500.0,7.511807,40.0,15.793374,1702807900.0,0.008700659,51,1.0,1702800800.0,0.063931845,40,0.00017025378,1702826900.0,0.013330939,40,1.0,1703023200.0,0.0,Benign,Attack-TCP-BYPass-V1
0.0,20.019787,943171.5,1702872300.0,20,20.016518,248317.66,1703020900.0,20,20.0,375205.56,1703023200.0,20,16033,0.0,-1.0,20.000937,18631.36,267054.9,7.2313347,20.0,7825.078,404268.22,0.5249909,20.0,9178.798,1702827100.0,0.018374922,0,0.49971387,1703023200.0,0.055655573,20,0.5005089,1703023200.0,0.0009411881,20,0.0004972301,1702890500.0,0.0,Attack,Attack-Killer-TCP
0.0008683523,40.011345,1702504400.0,1702961300.0,32,39.99369,1702975600.0,1703023200.0,40,40.0,1702567600.0,34830.48,40,64267,1703023200.0,-0.99997276,40.007404,0.0,1702508400.0,0.036153488,40.0,0.0,1702797600.0,0.2592228,40.0,6.859601,1702592800.0,0.0,53,0.9993269,1703007100.0,0.046784762,40,0.000437889,1702749600.0,0.0,40,0.999622,1703023200.0,0.0,Attack,Attack-TCP-BYPass-V1
0.0,40.00474,1703023200.0,1702737200.0,30,39.993977,1702632200.0,1702971800.0,40,40.0,1703023200.0,0.0,40,64184,1703023200.0,-0.9998839,40.000626,2.2496722,1702751700.0,0.010137409,40.0,0.0,1703023200.0,0.0,40.0,0.0,1702920800.0,0.0,34,1.0,1703023200.0,0.03783749,40,3.0394282e-05,1702912300.0,0.0,40,1.0,1703022000.0,0.010645312,Attack,Attack-TCP-BYPass-V1
0.0,20.001276,1702822400.0,1702754300.0,20,19.98127,1702899200.0,1702678300.0,20,20.0,1702433900.0,0.0,20,267,1702736600.0,-1.0,20.0,1.5522983,1702748500.0,0.0,20.0,2.6672058,1702777600.0,0.0,20.0,5.081345,1702331300.0,0.0,0,0.0,1702705900.0,0.0,20,0.0,1702862500.0,0.0,20,0.0,1702641300.0,0.0,Benign,Benign-Web_Browsing_HTTP-S
0.0,24.006113,0.0,0.0,118,24.028688,84805.89,737806.3,24,24.0,-1.1920929e-06,1701606900.0,20,65521,0.0,-1.0,22.653103,32904.203,86289.89,0.04927219,24.0,15999.142,0.0,4.560202,24.0,27956.057,0.0,0.030376026,58,0.66566515,1696812.9,0.008960487,24,0.33394715,-9.536743e-07,0.0,24,0.66587293,661599.06,0.013939526,Benign,Benign
0.0,31.318193,0.0,380474.44,20,31.441948,0.0,83509.84,28,28.0,174901.47,1702890800.0,20,72,443306.3,-0.99993247,26.178102,42404.402,307547.4,0.056566384,28.0,13890.07,164505.22,0.0,28.0,25924.104,0.0,0.030884022,25,0.66738373,336497.7,0.03832357,28,0.33487806,-9.536743e-07,0.0,28,0.66596615,0.0,0.0,Benign,Benign
0.008324691,0.4033411,0.0,1702129900.0,186,32.361397,233315.67,1702613600.0,44,44.0,82923.164,1702812500.0,44,64152,837984.0,-1.0,40.805054,11956.201,999823.8,0.2262501,44.0,9060.168,502294.16,43.275246,20.0,6287.08,1702431100.0,0.13911083,301,0.5010059,1703023200.0,0.15460664,44,0.49802756,1703019800.0,0.0,44,0.5007272,1702522600.0,0.0,Suspicious,Suspicious
10.2446375,31.464907,0.0,332133.44,147,31.900465,69682.05,0.0,32,32.0,-1.1920929e-06,232679.67,32,274,391900.7,-0.99973464,32.185474,0.0,342740.1,1.5026256,32.0,0.0,257180.25,29.219526,32.0,0.0,0.0,0.19014844,137,0.0,0.0,51.31078,32,0.9970461,203913.66,0.0,32,0.00039708466,0.0,115.55503,Benign,Benign-SSH
0.002162642,23.999008,1702868900.0,1703023200.0,20,23.98357,1703018200.0,1702691300.0,24,24.0,1703023200.0,0.0,24,1107,1703023200.0,-0.999953,24.00936,0.0,1702820200.0,0.0,24.0,0.0,1702783100.0,2.191576,24.0,7.823862,1702716800.0,0.004504782,9,0.999852,1703023200.0,0.022197537,24,0.00013942197,1703023200.0,0.0,24,0.99972105,1702848400.0,0.0129160825,Suspicious,Suspicious
0.0020838513,40.02146,1702613000.0,1703023200.0,20,39.968723,1703023200.0,1703023200.0,40,40.0,1703023200.0,0.0,40,64223,1703023200.0,-0.9998296,40.010742,12.968663,1702942800.0,0.0,40.0,0.0,1702459900.0,0.0,40.0,0.0,1702530600.0,0.0,74,0.9998091,1702945200.0,0.0,40,0.0004757769,1703004900.0,0.0,40,0.9997637,1703023200.0,0.0,Attack,Attack-TCP-BYPass-V1
0.0030400462,23.989563,641875.2,1702659500.0,32,23.99028,371119.97,1702776000.0,24,24.0,668154.9,0.0,24,1084,0.0,-0.9999965,24.011803,19969.447,0.0,0.06356255,24.0,37702.777,181891.92,1.7293366,24.0,11001.822,1702869200.0,0.0024742791,27,0.5005921,1702951200.0,0.04461008,24,0.33364898,1702959100.0,0.009083015,24,0.5004948,1702994800.0,0.0,Benign,Benign
0.0018082988,31.579548,0.0,0.0,22,31.93743,0.0,0.0,32,32.0,119936.09,1702339100.0,20,1070,0.0,-1.0,25.987926,46704.555,0.0,0.07794746,32.0,15857.303,660387.0,0.0,32.0,33331.87,0.0,0.0064319256,39,0.6650194,851568.8,0.0,32,0.3337588,1104211.9,0.0,32,0.66643256,0.0,0.0,Benign,Benign
0.006474468,19.981445,0.0,0.0,20,20.007183,0.0,1278260.9,20,20.0,-1.1920929e-06,223934.11,20,1046,0.0,-0.9999106,20.00344,7304.349,233056.23,0.21562459,20.0,0.0,171123.38,0.0,20.0,9.204627,0.0,0.13095987,19,1.0,1062187.8,0.22125599,20,0.0,1526484.5,0.026647888,20,1.0,965645.2,0.25927365,Benign,Benign
0.0025506162,40.012417,1702842800.0,1702950400.0,69,39.991917,1702566800.0,1702700300.0,40,40.0,1703023200.0,0.0,40,64180,1702657400.0,-1.0,40.001083,0.0,1703019500.0,0.011137247,40.0,0.0,1702801700.0,0.16739705,40.0,0.0,1702883200.0,0.0040101307,35,1.0,1702689300.0,0.0023170027,40,0.0,1703019900.0,0.0,40,0.9998866,1702974700.0,0.0019336914,Attack,Attack-TCP-BYPass-V1
0.004448316,0.05515275,0.0,363809.94,42,0.0,0.0,131036.63,20,0.0,-1.1920929e-06,64805.06,20,79,0.0,-1.0,20.01135,0.0,1702367200.0,110.515396,20.0,0.0,0.0,0.0,20.0,1.1840564,70399.055,0.026578864,26,0.0,92329.66,116.10019,0,0.49940476,279346.5,109.42087,0,0.00082964264,470238.5,0.0,Benign,Benign
0.0,40.01536,1703023200.0,1702883500.0,20,39.965706,1702662800.0,1702629900.0,40,40.0,1702536100.0,55202.24,40,64251,1703023200.0,-0.9999518,40.003376,7.364808,1702380400.0,0.0,40.0,0.0,1702959700.0,0.0,40.0,6.744084,1702739600.0,0.0,39,1.0,1703023200.0,0.0068974528,40,0.00042598866,1703023200.0,0.0,40,1.0,1702729500.0,0.013767433,Attack,Attack-TCP-BYPass-V1
0.0,24.014124,561359.7,0.0,63,24.006882,315128.38,245779.23,24,24.0,698110.56,1702130800.0,20,65535,444327.06,-0.9994355,22.648903,46799.348,0.0,0.049127363,24.0,18924.324,589869.5,3.7956464,24.0,34064.82,0.0,0.034122936,65,0.6664786,1309167.8,0.0,24,0.33540672,1123124.8,0.0,24,0.6682748,905659.0,0.0,Benign,Benign
0.0,32.02576,417832.78,1702977000.0,80,31.825611,0.0,1703023200.0,32,32.0,-1.1920929e-06,1702018200.0,20,65482,0.0,-0.99992496,25.801075,18755.861,40873.375,0.08723513,26.0,10877.424,733084.44,0.24594416,20.0,10050.671,1702796900.0,0.0,34,0.5006315,1702998800.0,0.06657114,32,0.5004793,1703023200.0,0.0,32,0.50030893,1702881900.0,0.009549585,Attack,Benign-Systemic
0.0,40.001644,1702731500.0,1702698000.0,20,39.99093,1703023200.0,1702603300.0,40,40.0,1703023200.0,0.0,40,64297,1702885800.0,-0.99992305,39.99226,14.265333,1702776800.0,0.03465926,40.0,0.3973997,1703023200.0,1.1131262,40.0,4.7299237,1702734500.0,0.0011196584,19,1.0,1702895100.0,0.0015638007,40,0.00016626652,1702706400.0,0.010499684,40,1.0,1703023200.0,0.0,Attack,Attack-TCP-BYPass-V1
0.0,23.985886,1702904300.0,1702806300.0,20,23.982145,1702743000.0,1702693500.0,24,24.0,1702535000.0,92989.99,24,1086,1703023200.0,-1.0,23.996693,0.0,1702743200.0,0.0,24.0,0.0,1702971000.0,0.0,24.0,0.0,1702314600.0,0.012147887,22,0.99976623,1702852500.0,0.017368034,24,0.00040576907,1702916100.0,0.0,24,1.0,1702806400.0,0.022625756,Benign,Benign
0.09128494,0.0,1702893300.0,0.0,20,0.0,1703020000.0,178832.05,20,0.0,1702736300.0,0.0,20,9,1703023200.0,-1.0,20.00284,24.695974,1702698600.0,0.0,20.0,7.9358573,1702478700.0,0.0,20.0,9.052829,0.0,0.0,6,0.0,1548.4149,0.0,0,1.0,1156427.5,107.79292,0,0.0,0.0,0.0,Attack,Attack-TCP-Flag-ACK-PSH
0.0,19.99782,1702812300.0,1702457500.0,20,19.974821,1702699100.0,1702508700.0,20,20.0,1702782700.0,0.0,20,1025,1702621000.0,-1.0,20.0,0.0,1702338000.0,0.021640215,20.0,0.0,1702635100.0,0.0,20.0,0.0,1702452100.0,0.0,0,0.99900395,1702885200.0,0.0,20,0.0,1702815200.0,0.0,20,0.9997215,1702720300.0,0.0011458131,Benign,Benign
0.0,40.008255,1703023200.0,1702677800.0,38,39.988434,1702371100.0,1703023200.0,40,40.0,1703023200.0,204510.02,40,64263,1702892000.0,-1.0,39.999374,0.0,1702886700.0,0.018606173,40.0,0.0,1702779400.0,2.406613,40.0,0.0,1702913200.0,0.0,39,0.99998885,1703012000.0,0.044864625,40,0.00020148474,1703023200.0,0.0028117686,40,1.0,1702771100.0,0.009320333,Attack,Attack-TCP-BYPass-V1
0.003433416,40.010944,1702998000.0,1702740900.0,45,40.041378,1702840600.0,1702982900.0,40,40.0,987564.7,0.0,20,64242,1702823000.0,-1.0,30.030529,0.0,1703007000.0,0.04020245,30.0,0.0,1702648400.0,3.8810427,20.0,3.1336954,1702756500.0,0.0,32,0.9998889,1702777200.0,0.058510084,40,0.5002838,1702969700.0,0.0028724622,40,0.9997415,1702944000.0,0.001973268,Attack,Attack-TCP-Valid-SYN
0.0058510783,32.00322,1702741000.0,1703023200.0,97,31.822926,1702960600.0,1702742800.0,32,32.0,1703003900.0,0.0,32,327,1702619600.0,-0.99946487,31.426125,0.0,1702803700.0,0.03851611,32.0,0.0,1702746200.0,3.3145204,32.0,0.0,1702725800.0,0.043174,55,5.4508942e-05,1702966400.0,0.054754876,32,1.0,1702819700.0,0.002345401,32,0.0,1702823600.0,0.0,Attack,Benign-FTP
0.0,19.99824,278586.06,0.0,93,20.0167,93588.59,0.0,20,20.0,399611.16,1702538900.0,20,1079,273107.22,-0.9995473,20.0,38713.6,0.0,0.04396144,20.0,13718.702,730815.4,0.92994744,20.0,30170.094,74971.78,0.03682308,47,0.6663118,799049.9,0.028924346,20,0.33395857,1281240.9,0.0,20,0.6662227,0.0,0.025353394,Benign,Benign
0.0,39.880817,1702568300.0,1702933200.0,20,39.833298,1702036400.0,1702657300.0,28,28.0,1702336100.0,0.0,28,7796,1702942800.0,-0.99975044,27.902132,0.0,1702893400.0,0.017324552,28.0,0.0,1702682800.0,0.0,28.0,0.0,1702316800.0,0.0,0,1.0,1702673800.0,0.009969987,28,0.0001296371,1702831100.0,0.0,28,0.9992978,1702392400.0,0.018823065,Benign,Benign-Systemic
0.12689933,0.0,0.0,0.0,20,0.08129485,488988.38,305606.66,20,0.0,-1.1920929e-06,0.0,20,47,347903.28,-0.99999547,20.00011,6.109243,0.0,110.441475,20.0,11.891658,0.0,0.0,20.0,3.2168403,0.0,0.0,27,0.0,304185.3,109.355,0,0.5000513,1050906.2,108.988754,0,0.00022282927,0.0,0.008944542,Benign,Benign
0.0,19.997974,1702754300.0,1702805600.0,77,19.99452,1702975900.0,1702831500.0,20,20.0,1702897800.0,67536.67,20,312,1702681600.0,-0.9996337,20.00752,0.0,1702754400.0,0.0,20.0,19.53546,1702792600.0,0.0,20.0,0.0,1702730200.0,0.018089399,25,0.0009479341,1702712200.0,0.0,20,0.99585855,1702883000.0,0.0,20,0.00034471447,1702793200.0,0.024358664,Attack,Attack-TCP-Flag-OSYNP
0.0,23.99878,0.0,1702882400.0,55,23.99991,261582.45,1703023200.0,24,24.0,270780.4,1701593600.0,20,65535,0.0,-1.0,22.005241,18958.125,0.0,0.076965295,22.0,8806.229,573267.75,0.0,20.0,10485.944,1702824800.0,0.0,0,0.5005075,1703023200.0,0.09965841,24,0.5000236,1702964000.0,0.0038506717,24,0.49970347,1702783500.0,0.0,Benign,Benign
0.20287107,39.969513,0.0,0.0,184,40.002213,111833.42,371567.44,40,40.0,17320.85,137581.8,40,64439,699841.75,-0.9997271,40.015636,36.987553,0.0,142.6632,40.0,21.113451,0.0,10.574916,40.0,25.905817,0.0,0.055715416,151,0.9991499,600613.4,111.88636,40,0.0,315595.78,0.0135773895,40,1.0,986760.2,112.12687,Benign,Benign
0.0040570064,19.996204,0.0,0.0,20,19.995762,615801.6,419848.5,20,20.0,-1.1920929e-06,350598.22,20,1007,0.0,-1.0,20.001663,7007.327,0.0,0.20334055,20.0,0.0,0.0,0.0,20.0,9003.395,0.0,0.17516784,19,0.99921,720920.3,0.2294603,20,0.0009908079,1275191.1,0.0,20,0.99951756,613993.06,0.21204253,Benign,Benign
0.005038273,20.000223,0.0,0.0,20,19.98831,0.0,1469280.1,20,20.0,-1.1920929e-06,457260.62,20,1063,0.0,-0.9995325,20.00107,8604.99,0.0,0.21915187,20.0,0.0,0.0,0.09189333,20.0,11500.489,0.0,0.17446342,43,1.0,787131.7,0.23022214,20,0.0013192683,885536.44,0.023571042,20,0.99956423,945971.06,0.1839234,Benign,Benign
0.0,24.004658,1702756100.0,1703023200.0,20,23.990822,1702582400.0,1702528500.0,24,24.0,1702453100.0,0.0,24,1041,1702775300.0,-1.0,24.007889,0.0,1702317200.0,0.0,24.0,0.0,1702833800.0,0.0,24.0,6.4776917,1702261000.0,0.0,0,0.999621,1702534700.0,0.0,24,7.0781476e-05,1702436600.0,0.0,24,0.9998713,1702633000.0,0.010242848,Benign,Benign
0.0019389647,20.008532,0.0,1702757800.0,45,19.979097,1702654800.0,1702825600.0,20,20.0,1659.9005,0.0,20,1078,142053.28,-0.99989444,20.0,44324.38,0.0,0.08670782,20.0,0.0,59613.863,0.6781164,20.0,0.0,1702808600.0,0.01672174,43,0.6659945,1703016300.0,0.014693249,20,0.9996109,1702456300.0,0.0,20,1.0,1702426500.0,0.0,Benign,Benign
0.0,23.990528,870087.94,1702768000.0,61,23.980444,0.0,1703023200.0,24,24.0,650904.9,1701227500.0,20,65535,296873.56,-0.9999014,21.995325,20568.578,155467.62,0.06481873,22.0,10111.123,953383.2,0.45200312,20.0,11022.563,1702875100.0,0.0,40,0.500373,1703023200.0,0.03396534,24,0.50011724,1702937300.0,0.0,24,0.4995718,1702673700.0,0.0022514623,Benign,Benign
0.015526378,20.019175,1702847000.0,1702557000.0,119,19.972057,1703023200.0,1702436900.0,20,20.0,1702681200.0,0.0,20,949,1703023200.0,-0.99935305,20.005037,0.0,1702758700.0,0.0,20.0,0.0,1702877200.0,1.8977164,20.0,0.0,1702566700.0,0.034489054,32,0.0,1702733000.0,0.027543413,20,0.9973414,1702856100.0,0.0,20,0.0015197026,1702427100.0,0.010219477,Benign,Benign-Web_Browsing_HTTP-S
0.0,23.990047,1702576100.0,1702787600.0,73,23.984015,1702309200.0,1702690700.0,24,24.0,1702449300.0,0.0,24,1045,1702877300.0,-0.9999963,23.99572,8.285917,1702698900.0,0.0,24.0,0.0,1702386700.0,2.6875052,24.0,1.5376002,1702692900.0,0.031218946,56,1.0,1702818600.0,0.028006827,24,0.00017958926,1703023200.0,0.0,24,0.9992938,1702584300.0,0.023584204,Benign,Benign
0.00035568562,20.01096,0.0,1702588400.0,76,20.003407,0.0,1702629400.0,40,20.0,410729.66,1701375900.0,20,1161,216117.5,-0.9997015,20.002035,17254.691,0.0,0.06728331,22.0,12955.742,616735.8,1.1969942,20.0,12670.083,1702436200.0,0.0,6,0.49970275,1702728200.0,0.037380684,20,0.50020266,1702540500.0,0.0054873,20,0.50033575,1702617900.0,0.0,Benign,Benign-Email-Receive
0.005361699,0.0,0.0,0.0,102,39.813072,0.0,0.0,28,28.0,-1.1920929e-06,0.0,20,160,0.0,-1.0,25.070488,31275.387,290790.25,0.037221745,28.0,9213.129,800226.44,0.0,28.0,26301.508,0.0,0.027759189,39,0.66722614,791598.0,0.03867616,28,0.33425692,-9.536743e-07,0.0135485,28,0.6661928,0.0,0.0,Benign,Benign
0.0,23.99497,1702860000.0,1702904600.0,20,23.978655,1702540400.0,1702397300.0,24,24.0,1702899800.0,0.0,24,1040,1702686700.0,-1.0,23.999174,0.0,1702422900.0,0.014784787,24.0,0.0,1702769500.0,0.0,24.0,8.6953,1702700500.0,0.0,21,0.9993419,1702906100.0,0.009459462,24,0.0,1702807000.0,0.0,24,0.9997157,1702679600.0,0.0077816495,Benign,Benign
0.0,23.968851,1702852400.0,1703023200.0,20,23.991982,1702736400.0,1702544100.0,24,24.0,1702642200.0,0.0,24,1031,1702883600.0,-1.0,23.995495,0.0,1702369000.0,0.0,24.0,0.0,1702997500.0,0.19216277,24.0,0.0,1702612100.0,0.003683598,0,0.99954474,1702887800.0,0.0,24,0.0,1702883300.0,0.0,24,0.99974614,1702869400.0,0.017654598,Benign,Benign-Systemic
0.0,23.996723,1702775300.0,1702680600.0,20,23.983433,1702375400.0,1702256100.0,24,24.0,1702925400.0,0.0,24,991,1702600000.0,-0.99983215,24.002033,0.0,1702351200.0,0.0,24.0,0.0,1702670600.0,0.77292454,24.0,0.0,1702552300.0,0.011350332,14,1.0,1702847000.0,0.011265931,24,0.0,1703023200.0,0.0,24,1.0,1702597400.0,0.0,Benign,Benign
0.13197465,0.0,331533.3,0.0,20,0.09461067,1017010.2,519530.3,20,0.0,-1.1920929e-06,0.0,20,78,132937.73,-0.99941736,20.001417,56.93994,332056.03,108.88021,20.0,31.216131,0.0,0.0,20.0,7.996545,0.0,0.0,0,0.0,367982.8,108.94213,0,0.50097454,1193408.5,107.48349,0,0.0,173867.72,0.03209111,Attack,Attack-TCP-SYN
0.0,20.002645,560589.2,1702846600.0,50,20.003712,915003.7,1703023200.0,20,20.0,394843.75,97731.6,20,1134,698518.0,-0.99995995,20.0,0.0,118182.14,5.8228116,20.0,6898.6104,634538.94,2.0130422,20.0,6271.6606,1702736800.0,0.043846037,18,0.49986988,1702914800.0,4.385981,20,0.4999152,1703023200.0,110.48617,20,0.00070566405,1703006600.0,0.0,Attack,Attack-Killer-TCP
0.0,23.987825,1702829800.0,1702738600.0,20,23.995653,1702955400.0,1702673900.0,24,24.0,1702660900.0,0.0,24,1069,1703023200.0,-1.0,23.996912,0.0,1702672000.0,0.017791688,24.0,0.0,1702575400.0,0.0,24.0,4.175704,1702534100.0,0.00044549303,13,0.9995519,1702935400.0,0.0,24,0.00013793893,1703001500.0,0.0,24,0.99978095,1702695400.0,0.020249048,Benign,Benign-FTP
0.0,20.006681,1703023200.0,1702671700.0,20,20.002968,1702656900.0,1702851600.0,20,20.0,1702844000.0,0.0,20,122,1702346000.0,-0.9996509,20.0,15.109595,1702821900.0,0.0,20.0,9.130965,1702639000.0,0.0,20.0,0.0,1702534000.0,0.0,30,0.0,1702645000.0,0.0,20,0.00049435924,1703023200.0,0.0,20,0.0,1702810200.0,0.0,Suspicious,Suspicious
0.0047145016,20.006224,839214.6,1702720500.0,76,20.008461,81531.3,1703023200.0,20,20.0,493573.0,0.0,20,160,0.0,-1.0,20.001808,21.67746,106791.03,0.0,20.0,10.023211,210135.17,0.44093418,20.0,15.790724,1702385400.0,0.023274388,33,0.0,1702523500.0,0.018426992,20,0.50101286,1703023200.0,0.02751612,20,0.0,1702553200.0,0.0,Attack,Attack-TCP-Valid-SYN
0.0110722855,0.41684878,0.0,1702324900.0,188,0.41775537,0.0,1703023200.0,52,52.0,1087781.8,1703010700.0,20,29557,1211047.8,-0.9994147,36.477097,20066.238,0.0,0.043709878,36.0,16333.1455,265869.6,10.535576,20.0,11244.233,1703023200.0,0.045927674,112,0.49900854,1703023200.0,0.04786648,52,0.49957854,1703023200.0,0.0048972117,52,0.5004916,1703023200.0,0.0,Suspicious,Suspicious
0.0,19.997303,1702985900.0,1703023200.0,20,19.980822,1702696200.0,1702737400.0,20,20.0,1702206800.0,0.0,20,1168,1703023200.0,-1.0,20.0,0.0,1702693800.0,0.0,20.0,0.0,1702915000.0,0.0,20.0,10.551416,1702648800.0,0.008700437,0,0.00039328818,1703023200.0,0.026245777,20,0.0004596807,1703023200.0,0.0058709676,20,0.0,1702737000.0,0.02710395,Benign,Benign
0.0,40.00364,1702704100.0,1702856600.0,32,39.983624,1702635300.0,1702678300.0,40,40.0,1702912900.0,0.0,40,64188,1703023200.0,-1.0,40.008766,0.0,1702940400.0,0.0,40.0,0.0,1703023200.0,1.889743,40.0,0.0,1702733600.0,0.005270195,41,1.0,1702950800.0,0.0367838,40,0.00012989725,1702883500.0,0.0015957842,40,0.9998365,1702821900.0,0.0075440006,Attack,Attack-TCP-BYPass-V1
0.0,24.00857,0.0,1702678500.0,20,39.9426,0.0,1702958700.0,40,40.0,263541.25,1701515500.0,20,29848,0.0,-0.9999212,30.05118,31857.717,0.0,0.090458706,30.0,11560.075,296230.88,1.0498321,20.0,11254.639,1702522000.0,0.0,25,0.500025,1703023200.0,0.06427514,40,0.5002027,1702853500.0,0.0,40,0.49951103,1703023200.0,0.0,Benign,Benign-Email-Send
0.00026659088,0.0,1702822100.0,0.0,20,0.0,1702749000.0,0.0,20,0.0,1702344400.0,1702929900.0,20,7,1703023200.0,-1.0,20.002438,0.0,1702685200.0,0.013501473,20.0,1.0964725,1702795900.0,0.0,20.0,0.0,0.0,0.0,0,0.0002066934,0.0,0.012777565,0,0.99931777,105699.195,0.0,0,0.00013478087,0.0,0.0,Benign,Benign
0.0,31.969929,1702495100.0,1703023200.0,20,31.917706,1702349200.0,1702584300.0,32,32.0,1702082600.0,182981.33,32,439,1702196700.0,-0.9998209,33.320522,3.748512,1702489300.0,0.0,32.0,0.0,1702673700.0,0.0,32.0,3.341719,1702241400.0,0.0,2,0.0,1702654500.0,0.021115456,32,0.0,1702950400.0,0.0,32,0.00074360066,1702299500.0,0.0,Benign,Benign-Systemic
0.0,19.987219,1702495200.0,1702885500.0,20,19.979187,1702560600.0,1702598700.0,20,20.0,1702587600.0,0.0,20,151,1702935700.0,-0.99986416,20.0,0.0,1702746900.0,0.0036687853,20.0,0.0,1702759600.0,0.0,20.0,0.0,1702511200.0,0.0,0,0.0,1703023200.0,0.021639952,20,0.00021354338,1702645200.0,0.012957555,20,0.0005828977,1702440700.0,0.019376993,Benign,Benign
7.5068746,24.129635,0.0,408442.38,358,32.4401,0.0,393508.25,36,36.0,-1.1920929e-06,288622.88,36,28962,779105.06,-0.9999421,38.254322,27.66752,321039.47,1.0839465,36.0,18.674252,957357.6,9.674926,36.0,9.131864,599773.44,0.21632116,306,1.0,0.0,0.4799469,36,0.0,1148324.9,0.0,36,0.99863976,364301.28,0.26196527,Benign,Benign-SSH
0.0,19.994905,1703023200.0,1702914000.0,67,19.995049,1702796900.0,1702653800.0,20,20.0,1702947700.0,124084.22,20,3,1702898400.0,-0.999672,20.0,0.0,1702445200.0,0.0,20.0,0.0,1702944100.0,0.37161043,20.0,1.5465202,1702899300.0,0.0,17,0.00025871125,1702628000.0,0.0,20,6.075938e-05,1703015400.0,0.007034372,20,0.0,1702766300.0,0.0,Benign,Benign
0.0,23.98427,0.0,0.0,90,24.0073,0.0,0.0,24,24.0,-1.1920929e-06,1702841700.0,20,65413,24473.982,-1.0,22.666546,41873.48,108350.03,0.026184993,24.0,12160.267,439220.6,2.0771694,24.0,29603.89,0.0,0.030058661,28,0.6670342,0.0,0.0,24,0.33299163,-9.536743e-07,0.019203989,24,0.66567034,0.0,0.0,Benign,Benign
0.0,20.005358,62486.277,1702619600.0,20,19.997734,2594.6018,1703002100.0,20,20.0,909580.1,1702383500.0,20,1046,0.0,-1.0,20.00167,18414.957,228583.4,0.13795154,20.0,4633.868,461721.88,2.4172823,20.0,7556.5273,1702725900.0,0.0,0,0.50021243,1703023200.0,0.14864677,20,0.4998227,1702729700.0,0.017858276,20,0.49906626,1702888200.0,0.0,Benign,Benign
0.0,20.00226,0.0,0.0,20,19.976002,0.0,0.0,20,20.0,-1.1920929e-06,216901.16,20,939,0.0,-1.0,20.004984,6766.447,0.0,0.1919918,20.0,0.0,121423.32,0.0,20.0,7592.108,0.0,0.18151635,14,0.999697,340039.84,0.23628077,20,0.00063754007,1705719.9,0.0,20,0.99939376,575955.06,0.23110439,Benign,Benign
0.003023812,31.322447,0.0,145857.95,20,32.00586,0.0,336501.7,32,32.0,38966.938,1703023200.0,20,6604,0.0,-1.0,27.510962,17.765244,0.0,144.56743,32.0,24.609852,505835.84,35.52458,32.0,69873.39,0.0,0.15302242,0,0.6664355,0.0,0.0,32,0.33003944,981200.8,0.0,28,0.6703784,0.0,0.22403236,Benign,Benign-Systemic
0.0,23.994856,22867.48,1702707500.0,21,23.983232,0.0,1702786700.0,24,24.0,-1.1920929e-06,0.0,20,65535,482919.5,-1.0,22.673548,101046.875,0.0,0.0,24.0,98012.29,346908.12,1.7854719,24.0,27971.918,1702411900.0,0.018588942,5,0.6661059,1702740600.0,0.0,24,0.33282262,1702496400.0,0.03621184,24,0.3328697,1702639500.0,0.004039913,Benign,Benign
0.0024296024,0.0,1702531500.0,74242.6,20,0.0,1702613100.0,0.0,20,0.0,1702589700.0,1703023200.0,20,84,1702433400.0,-0.9997682,20.0,0.0,1702787200.0,0.0,20.0,0.0,1702501400.0,0.0,20.0,0.0,0.0,0.0,3,0.0,651428.0,0.0,0,1.0,453992.5,0.0,0,0.0,0.0,0.023340942,Benign,Benign
0.0,23.99985,525378.1,1702644000.0,50,23.980396,0.0,1702710000.0,24,24.0,809421.8,0.0,20,1003,0.0,-1.0,22.654509,75398.22,0.0,0.045956265,24.0,66544.63,598045.6,0.0,24.0,31025.76,1702690000.0,0.023522511,12,0.666766,1702596000.0,0.0,24,0.3333778,1702546700.0,0.049500052,24,0.33268815,1702559900.0,0.0030275728,Benign,Benign
0.0,20.000216,0.0,1702429600.0,83,19.995413,0.0,1702856200.0,20,20.0,505527.4,1702223200.0,20,65535,84359.68,-0.9996649,20.0,36659.957,0.0,0.042271424,20.0,12073.217,105652.57,5.2839956,20.0,9818.3545,1702516100.0,0.013614563,51,0.4997677,1702964500.0,0.06195854,20,0.50036865,1702791800.0,0.02214806,20,0.49981076,1702960000.0,0.0,Suspicious,Suspicious
0.0,23.984844,1702975600.0,1703023200.0,20,23.99425,1703023200.0,1703023200.0,24,24.0,1703023200.0,65276.965,24,1036,1703023200.0,-0.99998385,23.98705,0.0,1702976800.0,0.054578003,24.0,0.0,1702801400.0,0.20790221,24.0,0.0,1703023200.0,0.020847756,39,1.0,1703023200.0,0.041450083,24,0.000239696,1703023200.0,0.0,24,1.0,1703017000.0,0.0053546363,Suspicious,Suspicious
0.0,39.98709,1702983600.0,1702884200.0,42,40.012566,1702709800.0,1702869000.0,40,40.0,1702989200.0,0.0,40,64257,1702938600.0,-0.9999593,39.996063,0.89039946,1702594000.0,0.0,40.0,0.0,1703007900.0,0.0,40.0,0.0,1702675700.0,0.004863333,48,1.0,1703023200.0,0.020037541,40,0.0,1702704100.0,0.0,40,1.0,1703023200.0,0.017058622,Attack,Attack-TCP-BYPass-V1
0.0007084167,40.0083,1702768800.0,1703023200.0,39,39.992363,1702510300.0,1702555600.0,40,40.0,1703023200.0,0.0,40,64149,1702517500.0,-1.0,39.99687,8.26865,1702407200.0,0.0,40.0,3.0743058,1702982300.0,0.0,40.0,0.0,1702792800.0,0.0035870874,66,0.99997795,1702914700.0,0.002830202,40,0.00022757944,1703023200.0,0.0,40,1.0,1703023200.0,0.02067556,Attack,Attack-TCP-BYPass-V1
0.00528216,24.006868,454373.34,1702430600.0,23,19.982191,530247.0,1702920300.0,20,24.0,923504.56,1700911700.0,20,65535,0.0,-0.9992974,20.0,9284.002,0.0,0.2189106,20.0,0.0,586992.2,6.120827,20.0,2237.0842,1702701400.0,0.0,26,0.5007515,1703023200.0,0.22400343,20,0.4995496,1703023200.0,0.0,20,0.49905908,1702809100.0,0.0,Benign,Benign
0.0,20.003687,0.0,1702486300.0,20,20.007252,0.0,1702951300.0,20,20.0,-1.1920929e-06,1701502100.0,20,1173,0.0,-1.0,20.001104,17139.742,0.0,0.09439611,20.0,10197.419,0.0,1.5191177,20.0,11038.471,1702440600.0,0.0,17,0.49940693,1703023200.0,0.091785535,20,0.50103647,1702868600.0,0.003041134,20,0.4995782,1702640100.0,0.0,Benign,Benign
0.0,39.794685,0.0,0.0,33,23.99904,0.0,0.0,28,28.0,83552.95,1702333200.0,20,100,187940.67,-1.0,25.403847,35350.027,292038.03,0.096634306,28.0,12726.139,12379.507,4.9915314,28.0,24571.648,0.0,0.080186784,57,0.66591716,31550.871,0.024978852,28,0.33438414,15298.309,0.0,28,0.66801184,0.0,0.03167904,Benign,Benign-Systemic
0.0,23.998589,0.0,1702618900.0,67,23.974962,0.0,1702746000.0,24,24.0,-1.1920929e-06,1701202200.0,20,1093,141017.77,-0.99981284,21.993397,23268.393,0.0,0.050490227,22.0,10982.922,382964.47,0.0,20.0,20605.342,1702548900.0,0.0,20,0.49944496,1703023200.0,0.059180863,24,0.5000879,1702605000.0,0.017849782,24,0.5006765,1702681600.0,0.00313954,Benign,Benign
0.00014992802,20.018486,563886.2,1702247600.0,48,20.00712,0.0,1702827100.0,20,20.0,642008.75,1702448500.0,20,1117,0.0,-1.0,20.000757,38640.617,0.0,0.0162588,20.0,69482.31,1019768.5,3.9485145,20.0,33434.016,1702716500.0,0.016696151,32,0.66621363,1703023200.0,0.038616195,20,0.33361217,1702584200.0,0.010828453,20,0.3323332,1702429300.0,0.0,Benign,Benign
0.0,0.011537625,1702852500.0,0.0,20,0.05585124,460103.5,0.0,20,0.0,1702781300.0,0.0,20,0,201851.38,-0.9997664,20.003906,25.375843,1702721900.0,0.030313024,20.0,22.297392,0.0,0.0,20.0,6.0685534,0.0,0.0,14,0.0,0.0,109.06333,0,1.0,524335.2,0.0,0,0.0,0.0,0.0022649202,Benign,Benign-Web_Browsing_HTTP-S
0.0,39.99071,1703023200.0,1702839300.0,20,39.979454,1702683300.0,1703023200.0,40,40.0,1703023200.0,0.0,40,64341,1703023200.0,-1.0,39.992096,0.0,1702779000.0,0.010930408,40.0,0.0,1702683000.0,0.0,40.0,0.0,1702548900.0,0.00079240685,46,1.0,1702884600.0,0.0,40,0.00032457706,1702688800.0,0.0,40,0.9995343,1702803100.0,0.0,Attack,Attack-TCP-BYPass-V1
16.578213,24.12982,0.0,0.0,385,32.641415,281675.38,0.0,44,44.0,-1.1920929e-06,0.0,44,63751,132645.89,-1.0,44.0,41.914948,0.0,177.52701,44.0,2.2909665,288563.12,48.118893,44.0,8.041808,0.0,0.22248946,301,0.99976087,320429.6,0.0,44,0.00023175257,1340087.6,0.0,44,0.999806,0.0,0.180935,Benign,Benign-SSH
0.11884345,0.0431392,577540.6,179844.7,20,0.02555802,653009.56,30583.82,20,0.0,-1.1920929e-06,0.0,20,0,0.0,-0.99951875,20.003992,1.21576,0.0,109.427376,20.0,24.266808,0.0,0.0,20.0,8.900319,0.0,0.0,0,0.0,827908.94,109.52747,0,0.5009457,-9.536743e-07,108.52786,0,0.0,9929.942,0.011956052,Attack,Attack-Killall-v2
0.0,23.99921,0.0,0.0,20,24.007519,113403.92,0.0,24,24.0,-1.1920929e-06,129774.46,24,65471,621545.2,-1.0,23.999311,9870.862,0.0,0.17968586,24.0,7.3738894,0.0,0.0,24.0,9551.085,0.0,0.14934652,50,0.99963766,146579.34,0.15178105,24,0.0,-9.536743e-07,0.0,24,1.0,28082.588,0.15756685,Benign,Benign
0.37717056,24.121616,0.0,0.0,815,19.98277,303437.5,0.0,56,20.0,-1.1920929e-06,0.0,20,64109,0.0,-0.99602085,33.60027,79.76939,624400.0,0.0,20.0,49.860203,0.0,11.922584,20.0,0.0,0.0,0.22168022,326,6.538904e-05,1523108.4,0.14061172,56,1.0,1444460.4,0.102476515,20,0.0,2023076.5,0.106570214,Benign,Benign-Web_Browsing_HTTP-S
0.18268381,0.0,721211.44,0.0,99,0.063581005,0.0,1050799.6,20,0.0,392624.0,0.0,20,34,0.0,-0.9999173,20.0,33.44002,0.0,109.708954,20.0,14.316186,369641.03,4.2866344,20.0,0.0,0.0,0.023279933,66,0.0,0.0,110.21745,0,0.50081956,1040776.0,108.891815,0,0.0,0.0,0.00819028,Suspicious,Suspicious
0.003329305,20.007027,1702510300.0,1702636300.0,20,19.98037,1702715000.0,1702850300.0,20,20.0,1702494500.0,37914.61,20,1119,1702755300.0,-0.9999256,20.000269,0.0,1702726800.0,0.016702158,20.0,0.0,1702761100.0,0.0,20.0,0.0,1702647000.0,0.0,0,0.0,1702810500.0,0.016761962,20,0.0,1702789000.0,0.0,20,0.00033226793,1702629100.0,0.016514089,Benign,Benign
0.0074162893,0.0,1703023200.0,0.0,65,0.0,1702889000.0,321136.5,20,0.0,1702730600.0,1701475800.0,20,0,1702972300.0,-0.99966556,20.0,0.0,1702582900.0,0.016877443,20.0,0.0,1703023200.0,0.0,20.0,0.0,0.0,0.0011185613,7,0.0,200147.22,0.011526983,0,0.9997655,6348.8774,0.00053647714,0,0.0,0.0,0.008971859,Benign,Benign
0.0036654521,23.991293,722797.1,1702922000.0,71,23.996834,247971.31,1703023200.0,24,24.0,890442.2,1701973400.0,20,975,5403.975,-1.0,22.002462,18141.697,0.0,0.105374515,22.0,7482.9893,640294.3,3.157042,20.0,7684.947,1702899300.0,0.03195056,35,0.5002224,1703023200.0,0.09076267,24,0.5001239,1703007400.0,0.0,24,0.49970508,1702694800.0,0.0,Suspicious,Suspicious
0.00028621365,23.997944,236600.64,1702712800.0,84,23.990744,286948.28,1702839600.0,24,24.0,-1.1920929e-06,1702670700.0,20,1058,0.0,-0.9998141,22.007055,19997.955,0.0,0.11693815,22.0,9007.493,419884.75,2.3522952,20.0,10740.732,1702794900.0,0.0,42,0.49992567,1702879900.0,0.112373374,24,0.50010455,1702868600.0,0.011350606,24,0.5003478,1702628500.0,0.0,Benign,Benign
0.08169147,0.012597131,904212.8,0.0,20,0.030107932,598339.25,297545.97,20,0.0,-1.1920929e-06,169902.64,20,8,352564.94,-0.9999788,20.012388,0.0,128585.31,110.665245,20.0,21.880693,0.0,0.0,20.0,2.9126806,0.0,0.0,19,0.0,0.0,110.30528,0,0.49991715,592147.25,108.52176,0,0.0,0.0,0.0,Attack,Attack-Killer-TCP
25.105463,32.60435,107206.93,245605.6,97,31.55333,0.0,0.0,32,32.0,414714.72,0.0,20,8599,0.0,-1.0,30.192348,26.332777,608640.5,132.54594,32.0,6.669033,0.0,44.889984,32.0,23.853115,0.0,0.2213231,13,0.009082557,236825.25,15.9684515,32,0.34073073,598038.56,105.74775,28,0.32227784,0.0,129.13626,Benign,Benign-Systemic
0.0,20.000984,1703019600.0,1702720000.0,20,19.981806,1702868100.0,1702602600.0,20,20.0,1702844200.0,31795.031,20,1144,1702875600.0,-1.0,20.0,0.0,1702548400.0,0.019322457,20.0,0.0,1703005300.0,0.0,20.0,0.0,1702643600.0,0.0009870636,9,0.0,1703023200.0,0.0,20,0.0,1702861800.0,0.0,20,8.944122e-05,1702734800.0,0.0,Benign,Benign
0.0011702562,32.087837,1702389900.0,1702860300.0,67,31.90752,1702381000.0,1702641800.0,32,32.0,1702522200.0,0.0,32,388,1702426400.0,-0.99962807,32.356136,10.508287,1702680800.0,0.0,32.0,3.3236685,1702728600.0,0.0,32.0,0.0,1702519000.0,0.005599892,22,0.0,1702315900.0,0.007200266,32,0.9992373,1702773800.0,0.0,32,0.00010162745,1702530700.0,0.044766024,Benign,Benign-SSH
0.1329737,39.961903,0.0,0.0,97,40.002014,749199.5,499377.28,40,40.0,-1.1920929e-06,9759.354,40,64439,598480.6,-0.99967945,40.011757,28.774672,0.0,112.03765,40.0,16.002571,0.0,5.5730567,40.0,21.534977,0.0,0.05468513,126,0.99923456,218108.1,110.72554,40,0.00025515354,402787.25,0.0023919214,40,1.0,1096186.1,109.998024,Benign,Benign
0.0,40.019707,1702706000.0,1702908000.0,20,39.965828,1702399100.0,1702590800.0,40,40.0,1702938000.0,92657.75,40,64264,1703023200.0,-0.99999917,40.00828,0.0,1702997600.0,0.0,40.0,0.0,1703023200.0,0.0,40.0,0.0,1702937100.0,0.0005493917,33,0.99996984,1702814500.0,0.0,40,1.8534898e-05,1702810400.0,0.004145296,40,1.0,1702913700.0,0.016830377,Attack,Attack-TCP-BYPass-V1
0.008212931,0.0,1702627600.0,73472.03,20,0.0,1702580900.0,0.0,20,0.0,1702344000.0,1702459500.0,20,146,1702408200.0,-1.0,20.0,3.9674726,1702669300.0,0.0,20.0,0.0,1702707200.0,0.0,20.0,0.0,0.0,0.00358408,0,0.00028032772,0.0,0.010122706,0,0.9993016,-9.536743e-07,0.02422109,0,0.0,0.0,0.013949693,Benign,Benign-Email-Send
0.0,39.995975,1703008500.0,1702959400.0,20,39.99194,1702863400.0,1702629900.0,40,40.0,1703023200.0,0.0,40,64207,1703023200.0,-0.99997085,39.996536,0.0,1702860900.0,0.0,40.0,0.0,1703023200.0,0.44147673,40.0,3.795531,1702745500.0,0.0,23,1.0,1702704800.0,0.024791785,40,0.00014393262,1703023200.0,0.0,40,1.0,1702970500.0,0.0056167603,Attack,Attack-TCP-BYPass-V1
0.0043190606,20.002048,0.0,0.0,118,19.996552,151293.08,641315.2,20,20.0,-1.1920929e-06,341331.78,20,44,0.0,-0.999827,20.001114,8185.1846,185028.33,0.12062695,20.0,0.15220414,379765.53,0.0,20.0,10538.913,65360.37,0.112481736,39,0.00011660895,335829.8,0.11881391,20,0.00048537302,923005.3,0.010007274,20,0.0,433087.9,0.11938836,Benign,Benign
0.0,40.022232,1702691800.0,1702812300.0,34,40.000195,1702441000.0,1702921100.0,40,40.0,1703023200.0,0.0,40,64208,1703023200.0,-1.0,39.998253,1.7014468,1702735600.0,0.0,40.0,1.0887163,1702425200.0,1.0811002,40.0,0.0,1702810100.0,0.007407702,41,1.0,1702899800.0,0.0,40,0.0,1702862200.0,0.0,40,1.0,1702627600.0,0.027041197,Attack,Attack-TCP-BYPass-V1
0.0,39.997704,1702554100.0,1702408600.0,22,39.977776,1702372400.0,1702597100.0,40,40.0,1702865400.0,0.0,40,64269,1703023200.0,-1.0,39.99919,19.174206,1702506500.0,0.0,40.0,5.080865,1702624000.0,0.0,40.0,0.0,1702499000.0,0.0034321842,49,0.99992263,1702627000.0,0.0,40,4.8379556e-05,1702905100.0,0.0,40,0.9998529,1702547300.0,0.009161247,Attack,Attack-TCP-BYPass-V1
3.5543275,24.129633,21158.36,0.0,336,32.687275,0.0,204474.92,36,36.0,-1.1920929e-06,0.0,36,29291,0.0,-1.0,36.425156,5.648129,139736.7,1.0767915,36.0,15.82192,1397618.6,1.0820991,36.0,5.856213,0.0,0.21001643,297,0.99937916,0.0,0.5028764,36,0.0,356879.03,0.0,36,0.9987723,1165683.0,0.25873652,Benign,Benign-SSH
0.0,20.00953,1702494700.0,1702608300.0,20,20.01575,1702584600.0,1702585600.0,20,20.0,1702485800.0,0.0,20,1103,1703023200.0,-1.0,20.0,20.752226,1702852500.0,0.0,20.0,0.0,1702888600.0,0.0,20.0,12.659228,1702598100.0,0.0,0,0.0,1702762100.0,0.0,20,0.0,1702866300.0,0.0,20,0.0,1702453600.0,0.0,Benign,Benign-Telnet
0.00029422293,31.974478,457063.94,1702456800.0,44,31.963835,0.0,1703023200.0,32,32.0,10596.936,1701633400.0,20,65535,0.0,-0.9995472,25.362413,20167.928,0.0,0.063295506,26.0,9677.895,626205.0,0.0,20.0,9861.626,1703023200.0,0.0,33,0.50084,1703023200.0,0.10141229,32,0.5003161,1703023200.0,0.0,32,0.4987576,1702786300.0,0.035983566,Attack,Attack-TCP-Flag-SYN
0.0,23.992508,1703023200.0,1702773900.0,20,24.00423,1702583700.0,1702901900.0,24,24.0,1703023200.0,0.0,24,65331,1702745500.0,-1.0,23.991753,0.6736867,1702666600.0,0.0,24.0,12.263171,1703023200.0,1.4178681,24.0,4.0478606,1702596900.0,0.0006300642,0,0.99966115,1702690000.0,0.0,24,0.0,1703023200.0,0.0,24,0.9998706,1702641000.0,0.007801281,Attack,Attack-TCP-Flag-MIX
0.0,40.024445,1702917900.0,1702997800.0,94,40.001896,1702708400.0,1702845700.0,40,40.0,1703023200.0,0.0,40,64151,1703023200.0,-0.99996954,39.984386,14.157819,1702659300.0,0.0,40.0,11.555142,1702738800.0,0.0,40.0,1.0184789,1702497500.0,0.016251624,50,0.99961764,1702815900.0,0.0,40,0.00012486769,1703023200.0,0.0,40,1.0,1702858100.0,0.017873198,Attack,Attack-TCP-BYPass-V1
22.912106,39.80483,0.0,0.0,472,24.130405,0.0,594842.75,32,28.0,-1.1920929e-06,56866.42,20,257,216662.69,-1.0,29.669985,0.0,0.0,149.68604,28.0,0.9026811,252799.33,47.985367,28.0,5.5697823,0.0,0.2224476,279,0.9981355,0.0,0.5129418,32,6.602484e-05,1734562.9,0.0,28,1.0,327135.16,0.26244512,Benign,Benign-SSH
0.0,20.010212,217341.11,1702543700.0,58,24.001904,213397.78,1702753800.0,20,20.0,116504.33,1702358400.0,20,65535,0.0,-1.0,20.0,30584.525,0.0,0.044485956,20.0,11559.325,529926.75,2.4025955,20.0,32103.5,1702581200.0,0.0,11,0.49969757,1703023200.0,0.052366126,20,0.49995455,1702993700.0,0.0025223466,20,0.49972066,1702768600.0,0.0,Benign,Benign
0.13987157,0.0,706425.2,0.0,20,0.02152029,211981.31,0.0,20,0.0,1154451.6,0.0,20,45,606404.9,-0.9997195,20.002974,64.50739,0.0,109.05279,20.0,35.25514,27568.588,0.0,20.0,11.26438,0.0,0.0029938417,37,0.0,12756.242,110.03763,0,0.499985,942667.25,107.50157,0,0.0,0.0,0.031064868,Suspicious,Suspicious
0.0,19.999142,1702614000.0,1702608800.0,20,19.988703,1702830300.0,1702371700.0,20,20.0,1702389400.0,135224.34,20,1116,1702936300.0,-1.0,20.0,0.0,1702730400.0,0.011785707,20.0,0.0,1702533400.0,0.0,20.0,0.0,1702683400.0,0.0,0,1.0,1702807800.0,0.061416835,20,0.00021117393,1702561200.0,0.018581662,20,0.9999315,1702422300.0,0.0,Benign,Benign
0.0,23.987177,1703023200.0,1702866400.0,20,23.992931,1702666100.0,1702646900.0,24,24.0,1702319100.0,0.0,24,1051,1702722000.0,-1.0,23.99941,4.9929247,1702213400.0,0.01904754,24.0,7.1898384,1703023200.0,0.0,24.0,6.1709843,1702549500.0,0.0,6,0.99950105,1703023200.0,0.0,24,0.0001448412,1702645800.0,0.0,24,1.0,1702886100.0,0.0015018854,Benign,Benign
0.011232437,32.731075,0.0,1702393500.0,94,24.130442,535404.8,1702740400.0,52,52.0,-1.1920929e-06,1701562600.0,20,29353,1004854.8,-0.99991065,36.948963,9421.572,0.0,0.24127835,36.0,5689.257,0.0,2.672581,20.0,3252.448,1702455600.0,0.0061874157,42,0.4990752,1702806300.0,0.19153967,52,0.5001004,1703023200.0,0.0022616037,52,0.50029224,1703023200.0,0.004700366,Suspicious,Suspicious
0.0020824412,19.997375,1702792800.0,1702778200.0,20,19.992855,1702979000.0,1702782100.0,20,20.0,1702749600.0,128777.695,20,1137,1703023200.0,-0.99998873,20.0,0.0,1703005700.0,0.0,20.0,0.0,1703023200.0,2.0101907,20.0,0.0,1702611000.0,0.008800366,6,0.0,1702746100.0,0.0,20,0.0,1702967700.0,0.005687128,20,8.7307795e-05,1702531800.0,0.0,Benign,Benign
0.0,40.020866,1702721300.0,1703006300.0,48,40.00478,1702814000.0,1702924300.0,40,40.0,1703023200.0,0.0,40,64280,1703023200.0,-0.9999803,40.003853,9.589102,1702792800.0,0.0010733494,40.0,3.3380356,1702865400.0,0.80784714,40.0,4.4798007,1702688800.0,0.00011437002,50,0.999778,1703023200.0,0.020227615,40,0.00018018726,1703023200.0,0.0,40,1.0,1702909300.0,0.023386862,Attack,Attack-TCP-BYPass-V1
0.0004378099,20.006927,1702554800.0,1703023200.0,20,19.9907,1702413200.0,1702716200.0,20,20.0,1702791800.0,361332.22,20,65481,1703023200.0,-1.0,20.0,0.0,1702333200.0,0.0072490894,20.0,0.0,1702599000.0,0.0,20.0,0.0,1702852100.0,0.0034438043,19,0.99972695,1702873600.0,0.025916966,20,3.8753467e-05,1702580200.0,0.0071566333,20,0.99989825,1702672000.0,0.012348199,Benign,Benign
0.0,39.98876,1703023200.0,1703023200.0,20,39.98392,1703023200.0,1702828700.0,40,40.0,1702900900.0,0.0,40,64179,1703023200.0,-1.0,39.99776,26.989902,1703023200.0,0.0,40.0,4.366897,1702931800.0,0.0,40.0,3.4650507,1702629400.0,0.0021682936,45,1.0,1702920300.0,0.0,40,0.00015965413,1702920800.0,0.0,40,1.0,1702918000.0,0.011478523,Attack,Attack-TCP-BYPass-V1
0.0008534995,20.011196,0.0,1702729900.0,20,19.954239,0.0,1702878000.0,20,20.0,154289.53,1701748900.0,20,1184,0.0,-0.99963295,20.007805,19730.56,0.0,0.14392614,20.0,9719.889,662604.0,2.1052196,20.0,8767.71,1702380800.0,0.0,10,0.50006765,1703023200.0,0.119922854,20,0.49996656,1702510600.0,0.0,20,0.49957168,1702376800.0,0.0,Benign,Benign
0.0,39.98661,1702647800.0,1702877800.0,24,40.024483,1702857000.0,1702501200.0,40,40.0,1703023200.0,0.0,40,64249,1703023200.0,-1.0,39.992107,2.9976788,1702762000.0,0.0,40.0,0.0,1703023200.0,0.0,40.0,5.7202325,1702788600.0,0.0,27,0.9995718,1702913800.0,0.01383515,40,1.9998819e-05,1702975900.0,0.0,40,1.0,1703023200.0,0.0049545867,Attack,Attack-TCP-BYPass-V1
11.977817,24.130259,0.0,0.0,268,32.620747,0.0,0.0,44,44.0,-1.1920929e-06,0.0,44,63749,264151.22,-1.0,44.0,19.832994,119147.84,209.35893,44.0,12.616254,0.0,48.03092,44.0,0.0,0.0,0.22247949,285,0.9995708,523282.94,18.58363,44,0.0,1164196.5,0.0,44,0.9998085,0.0,105.71688,Benign,Benign
0.0,32.01043,1702847100.0,1702939300.0,20,31.898943,1702646100.0,1702436400.0,32,32.0,1702637000.0,0.0,32,8517,1702689700.0,-0.99988323,30.842398,0.0,1702793500.0,0.0,32.0,0.0,1703023200.0,0.0,32.0,0.0,1702605700.0,0.0,5,1.0,1702485900.0,0.020902956,32,1.0,1703023200.0,0.0,32,1.0,1702457500.0,0.030594643,Attack,Attack-Killall-v2
0.0,24.001444,1702847600.0,1702682400.0,35,24.004782,1702691700.0,1702613000.0,24,24.0,1703023200.0,0.0,20,65535,1703010200.0,-1.0,22.671585,0.0,1702754600.0,0.0,24.0,0.0,1703023200.0,2.9715223,24.0,0.0,1702624500.0,0.0,0,1.0,1702735100.0,0.0,24,0.33376664,1702643700.0,0.044311676,24,0.33208963,1702481900.0,0.0070459414,Benign,Benign
0.0,19.964773,1702946300.0,1702942800.0,70,19.998783,1702735700.0,1702917200.0,20,20.0,1702693800.0,327065.94,20,1118,1702682900.0,-0.99981743,20.005793,1.7905899,0.0,0.021242553,20.0,3.1270683,1703023200.0,0.0,20.0,0.0,1702927600.0,0.05587417,11,0.0,1702932200.0,0.0,20,0.993695,1702825900.0,0.0,20,0.00036379375,1703004500.0,0.0,Attack,Attack-TCP-Flag-OSYNP
36.09739,20.112751,0.0,0.0,652,24.130442,0.0,881540.4,44,44.0,-1.1920929e-06,40433.93,28,65403,624181.06,-0.9998322,44.0,0.0,523200.62,183.3422,44.0,0.0,283551.66,48.1564,44.0,9.046245,0.0,0.22249195,327,1.0,687956.8,1.9891461,44,0.003176422,1876558.2,0.0,28,1.0,920040.94,0.2624592,Benign,Benign-SSH
0.0012948664,40.01723,1702728400.0,1703023200.0,49,40.015068,1702157600.0,1702763600.0,40,40.0,1702933000.0,55580.777,40,64234,1703023200.0,-1.0,40.00024,14.240718,1702866400.0,0.0,40.0,0.0,1703023200.0,0.0,40.0,0.0,1702681600.0,0.0,42,1.0,1703023200.0,0.015616785,40,0.00041026768,1703023200.0,0.0,40,1.0,1703005400.0,0.026302854,Attack,Attack-TCP-BYPass-V1
0.0,40.004845,1703023200.0,1702715100.0,21,39.993153,1702389200.0,1702819600.0,40,40.0,1702929800.0,0.0,40,64299,1703023200.0,-1.0,39.996803,6.2507553,1702932500.0,0.034324467,40.0,6.012607,1702912900.0,0.0,40.0,0.50458467,1702423600.0,0.012327599,45,0.99978286,1702822000.0,0.014915718,40,0.0,1703019900.0,0.0,40,1.0,1702842200.0,0.023459766,Attack,Attack-TCP-BYPass-V1
0.13906887,0.15901737,0.0,186173.61,82,0.0,0.0,0.0,20,0.0,-1.1920929e-06,89156.8,20,72,190439.4,-0.99977,20.007547,0.0,0.0,111.21729,20.0,25.339657,0.0,0.0,20.0,0.0,0.0,0.0,27,0.0,0.0,110.68875,0,0.49992603,448885.97,108.53112,0,0.000347827,40454.953,0.019084109,Attack,Benign-Telnet
0.0,40.01303,1702453000.0,1703023200.0,30,40.00391,1702871300.0,1702818000.0,40,40.0,1703010800.0,223725.62,40,64218,1703023200.0,-1.0,39.992268,0.0,1702760100.0,0.008985714,40.0,0.0,1702690000.0,0.0,40.0,0.0,1702786300.0,0.005389872,13,0.99979573,1702910500.0,0.006835617,40,0.0,1702973200.0,0.0,40,1.0,1703023200.0,0.0028760466,Attack,Attack-TCP-BYPass-V1
0.0,23.976805,1702064600.0,1702944100.0,20,23.988903,1702766200.0,1702501100.0,24,24.0,1702022700.0,0.0,24,65440,1703023200.0,-0.99992484,24.00211,0.0,1702368900.0,0.019905055,24.0,0.0,1702655500.0,0.0,24.0,0.0,1702570800.0,0.012840959,17,0.9996505,1703023200.0,0.01510449,24,0.0,1702817800.0,0.0,24,0.9997652,1702880100.0,0.0,Benign,Benign
11.672847,20.09403,0.0,0.0,168,19.97934,0.0,0.0,28,20.0,-1.1920929e-06,174200.92,20,9554,0.0,-0.9975118,27.918987,32.485085,214391.14,122.10713,20.0,0.0,85611.05,47.97144,20.0,7.1635814,0.0,0.22246742,33,0.995446,686438.7,50.583935,32,1.0,1130725.5,114.36621,20,0.6592542,715665.56,108.16418,Attack,Attack-TCP-Flag-OSYNP
0.00058240764,20.007782,1702422400.0,1703023200.0,20,19.98805,1702936300.0,1702495600.0,20,20.0,1703023200.0,150018.86,20,1057,1702823000.0,-1.0,20.0,0.0,1702903300.0,0.0017379018,20.0,8.417976,1703023200.0,0.0,20.0,4.8614497,1702631800.0,0.0,0,0.0,1702858400.0,0.011741536,20,0.0,1702829200.0,0.0067423815,20,9.4495736e-05,1702631600.0,0.0044825356,Benign,Benign
0.1873395,31.871313,0.0,118316.1,259,31.916433,434810.0,1276067.0,36,32.0,-1.1920929e-06,0.0,32,64221,194184.67,-0.99696827,35.50031,36.810574,0.0,124.2286,32.0,1.6117251,799296.25,42.903564,32.0,3.6316745,0.0,0.2218062,176,0.99444777,0.0,0.1265508,36,0.34106198,1270900.6,0.17077066,32,0.9940323,613561.5,0.0,Benign,Benign-Systemic
0.0,39.999596,1703023200.0,1702839300.0,23,39.985203,1702571100.0,1702727600.0,40,40.0,1703023200.0,0.0,40,64149,1703023200.0,-0.9998687,39.99682,0.92813855,1702707200.0,0.0,40.0,1.4243907,1702951700.0,0.0,40.0,0.0,1702882200.0,0.0,18,0.99988294,1702794400.0,0.0003465156,40,7.779777e-05,1703023200.0,0.0,40,1.0,1703023200.0,0.02938137,Attack,Attack-TCP-BYPass-V1
10.002654,24.13026,0.0,0.0,220,32.57314,0.0,0.0,44,44.0,-1.1920929e-06,0.0,44,63767,446588.1,-0.9999408,44.0,7.492917,0.0,209.93399,44.0,19.935526,0.0,42.462143,44.0,4.191811,0.0,0.21858424,246,1.0,860843.1,50.94604,44,0.0,281646.56,0.008809371,44,1.0,0.0,101.80014,Benign,Benign
0.0,20.01202,1702659200.0,1702795500.0,20,19.998384,1702813400.0,1702954400.0,20,20.0,1702378600.0,1703023200.0,20,67,1702968600.0,-1.0,20.0,0.0,1702836700.0,0.0,20.0,0.0,1702639500.0,0.0,20.0,0.0,1702345000.0,0.0,18,1.9024092e-05,1702842500.0,0.014659906,20,1.0,1702991600.0,0.0,20,0.0,1702774100.0,0.0,Benign,Benign-Web_Browsing_HTTP-S
0.0,31.885193,1702725600.0,1702985500.0,20,31.88883,1702788600.0,1702698100.0,32,32.0,1702685700.0,0.0,32,451,1702269300.0,-0.99956304,32.477974,0.0,1702671000.0,0.015411663,32.0,3.4557142,1702890900.0,0.0,32.0,0.0,1702373800.0,0.012214752,0,0.00085696473,1702615900.0,0.024067087,32,0.9989951,1703019100.0,0.003594959,32,0.0,1702392700.0,0.008721527,Benign,Benign
0.0,40.009335,1703023200.0,1702889000.0,22,39.975266,1702685300.0,1702959000.0,40,40.0,1703023200.0,0.0,40,64250,1703023200.0,-1.0,39.998627,0.0,1702802000.0,0.014751043,40.0,0.0,1702992300.0,0.0,40.0,0.0,1702860700.0,0.0007470033,40,0.99970967,1703023200.0,0.004623477,40,0.0,1703023200.0,0.0,40,1.0,1702841700.0,0.016804919,Attack,Attack-TCP-BYPass-V1
0.0,19.99155,1702801400.0,1702980700.0,20,19.994139,1702961300.0,1702851700.0,20,20.0,1702583800.0,0.0,20,212,1702618000.0,-1.0,20.0,0.0,1702692100.0,0.0017973848,20.0,0.0,1702951000.0,0.0,20.0,4.0404954,1702620900.0,0.0016397579,0,0.0,1703003800.0,0.0,20,0.0002191725,1702921500.0,0.00076340855,20,8.340543e-05,1702647900.0,0.019822055,Benign,Benign
0.0,39.99882,1702515300.0,1702890900.0,20,39.99034,1702654600.0,1702910700.0,40,40.0,1702977700.0,0.0,40,64276,1703023200.0,-1.0,40.000134,0.0,1702675500.0,0.0,40.0,0.0,1702804700.0,0.0,40.0,0.0,1702780800.0,0.0005160418,48,0.9999317,1702965000.0,0.0,40,9.994006e-06,1702822800.0,0.0,40,0.99997413,1703023200.0,0.019666992,Attack,Attack-TCP-BYPass-V1
0.0,23.991676,1702559000.0,1703023200.0,20,23.994469,1702631000.0,1702652500.0,24,24.0,1702243700.0,203402.53,24,1108,1702479200.0,-1.0,24.002113,1.849582,1702546600.0,0.0026828004,24.0,0.0,1702731300.0,0.13807526,24.0,8.760511,1702637000.0,0.005835175,16,1.0,1702729700.0,0.0,24,0.00021835565,1702754300.0,0.0,24,0.99992114,1702609900.0,0.001773017,Benign,Benign
0.0,40.00404,1702433500.0,1702846600.0,20,39.984978,1702556400.0,1703023200.0,40,40.0,1702810000.0,0.0,40,64176,1703015200.0,-0.9999919,39.995556,11.662493,1702751500.0,0.0026678345,40.0,4.396255,1702915500.0,0.0,40.0,0.033555854,1702757500.0,0.008751955,46,0.9995915,1702946600.0,0.0,40,0.0,1703023200.0,0.0,40,1.0,1703023200.0,0.021660699,Attack,Attack-TCP-BYPass-V1
0.0003270089,20.004282,0.0,1702862700.0,138,20.009306,0.0,1702811900.0,20,20.0,487349.62,0.0,20,1132,586086.5,-0.9999369,20.0,64169.29,0.0,0.022818552,20.0,65170.14,0.0,2.4776351,20.0,29022.324,1702836600.0,0.03345183,46,0.6667218,1702944000.0,0.01532717,20,0.333084,1702912900.0,0.05526966,20,0.3334107,1702515700.0,0.006349738,Benign,Benign
0.0,20.10073,1702424300.0,1702780000.0,20,20.108759,1702912800.0,1702770700.0,28,28.0,1702610700.0,0.0,28,8432,1702944800.0,-0.99998033,26.993462,0.0,1702509700.0,0.030423688,28.0,0.0,1702540200.0,0.0,28.0,0.0,1702456800.0,0.0,0,0.9995897,1702560600.0,0.0,28,0.0,1702750300.0,0.014003032,28,0.99933577,1702592000.0,0.002737787,Benign,Benign
0.0,20.006779,1702644100.0,1702659100.0,28,19.991623,1702559500.0,1702658400.0,20,20.0,1703023200.0,0.0,20,1086,1702860400.0,-1.0,20.000622,83880.48,1702883500.0,0.021264233,20.0,0.91756856,1703001600.0,0.743857,20.0,0.39346722,1702628100.0,0.022315994,28,0.6659225,1702788500.0,0.03829795,20,0.00018014287,1702475000.0,0.042616434,20,0.99986565,1702579100.0,0.0109721115,Benign,Benign-Systemic
0.0,0.41553882,0.0,1702996000.0,20,20.09202,0.0,1703023200.0,28,28.0,-1.1920929e-06,1702370000.0,20,7857,480957.6,-1.0,23.99448,9953.943,0.0,0.1348828,24.0,2304.4585,564383.44,0.0,20.0,5545.914,1703023200.0,0.0,26,0.49860135,1703023200.0,0.18087097,28,0.49948147,1703023200.0,0.001462737,28,0.50022423,1702953200.0,0.0,Attack,Attack-TCP-Flag-SYN
0.09635883,0.0,878211.06,0.0,20,0.0,11850.432,648381.8,20,0.0,-1.1920929e-06,125885.44,20,0,168441.84,-0.99998707,20.005047,19.483896,0.0,110.12329,20.0,13.00485,49669.66,0.0,20.0,12.65539,0.0,0.006364428,1,0.0,0.0,110.317245,0,0.5007812,649150.8,108.496254,0,0.0,0.0,0.0,Attack,Attack-TCP-IGMP
0.000108531,0.41709507,0.0,1702612100.0,112,0.40935066,0.0,1702708600.0,44,44.0,74553.38,1701176700.0,20,63845,0.0,-1.0,31.008587,20199.748,0.0,0.112547494,32.0,11668.273,632896.06,0.0,20.0,12222.675,1702583900.0,0.0,36,0.49888417,1703023200.0,0.051778223,44,0.5010813,1703023200.0,0.009911603,44,0.50064987,1703023200.0,0.0,Suspicious,Suspicious
0.0,23.984974,1702381200.0,1702918800.0,20,23.97852,1702548700.0,1702770700.0,24,24.0,1702255900.0,0.0,24,1161,1702977000.0,-1.0,23.993113,0.0,1702701700.0,0.0,24.0,0.0,1702950800.0,0.0,24.0,3.458556,1702798700.0,0.0064030006,0,0.99953455,1702896100.0,0.0,24,0.0,1702898000.0,0.0,24,1.0,1703012500.0,0.0014844816,Benign,Benign
0.0,40.010246,1702755700.0,1702792400.0,20,39.994995,1702870100.0,1702875900.0,40,40.0,1703023200.0,0.0,40,64255,1703023200.0,-0.99995667,40.00313,0.0,1702849300.0,0.0,40.0,0.0,1702656900.0,0.0,40.0,0.0,1702793000.0,0.00064855104,58,0.99985236,1702947200.0,0.011125436,40,0.00020977703,1702902400.0,0.0,40,1.0,1703023200.0,0.01791433,Attack,Attack-TCP-BYPass-V1
24.251963,20.103256,17421.184,1703023200.0,174,0.41690636,0.0,1703015400.0,28,28.0,265374.06,0.0,20,8187,0.0,-1.0,29.966522,41.459496,794201.9,13.389598,28.0,8.95578,89674.47,38.611984,32.0,0.9684083,1702695800.0,0.22014062,25,0.008030899,1702695400.0,10.743393,28,0.50621843,1703017200.0,102.718895,28,0.4932615,1702897800.0,0.20663579,Attack,Attack-TCP-Flag-OSYNP
0.1175438,0.034267653,359034.88,285260.44,28,0.0,0.0,653334.6,20,0.0,-1.1920929e-06,0.0,20,163,556170.06,-0.99963766,20.003916,31.925344,264126.78,112.40667,20.0,26.33756,0.0,9.972254,20.0,2.0266569,0.0,0.072841056,11,0.0,234393.98,108.047386,0,0.49969983,2122757.8,107.92138,0,0.0,607355.5,0.0,Attack,Attack-TCP-Flag-MIX
5.9333916,24.129597,0.0,0.0,420,32.681187,1065220.0,110400.47,36,36.0,-1.1920929e-06,0.0,36,29260,98038.72,-1.0,38.21146,20.537601,391064.62,0.04357915,36.0,5.141917,835783.06,4.43657,36.0,8.330003,0.0,0.21580198,316,0.99780214,0.0,0.25475553,36,0.0,1242638.9,0.0,36,0.99838537,1390384.4,0.25970098,Benign,Benign-SSH
19.471918,20.112747,405514.62,0.0,193,31.690702,50693.152,1643548.8,32,32.0,1090687.1,0.0,20,8327,0.0,-0.9998434,30.244226,0.0,719685.9,260.878,32.0,0.0,458972.28,48.113396,32.0,9.592964,0.0,0.22249067,92,0.0090597095,0.0,176.2202,32,0.0047895564,1153540.6,107.61392,28,0.32249403,486979.28,129.96982,Suspicious,Suspicious
0.0,32.13485,1702840300.0,1703019000.0,20,31.904806,1702551800.0,1702780500.0,32,32.0,1702787300.0,0.0,32,387,1702728600.0,-0.9998622,32.30509,4.5929565,1702889000.0,0.0,32.0,7.814474,1703023200.0,0.0,32.0,0.0,1703015700.0,0.015443597,25,0.0,1702795000.0,0.0,32,1.0,1702930800.0,0.0,32,0.00047272336,1702593000.0,0.04554181,Benign,Benign-SSH
0.12768376,0.0,15277.347,0.0,20,0.0,0.0,0.0,32,0.0,-1.1920929e-06,236543.64,20,0,0.0,-0.99992466,20.001566,0.0,22312.646,114.96725,26.0,18.115381,0.0,0.0,20.0,0.0,50916.67,0.00094502897,7,0.0,0.0,109.24479,0,0.50036114,75428.46,109.777916,0,6.097112e-05,726379.6,0.0,Benign,Attack-TCP-Flag-SYN-ACK
0.0,24.003,0.0,0.0,20,24.011118,0.0,71900.195,24,24.0,-1.1920929e-06,1702144100.0,20,1037,50435.95,-1.0,22.652822,34897.023,0.0,0.025471827,24.0,11095.634,250642.1,2.820113,24.0,29529.188,0.0,0.04972074,27,0.6672986,380496.03,0.0,24,0.33426276,801653.7,0.0,24,0.66654193,87138.414,0.015294649,Benign,Benign
0.0,19.999008,1702655200.0,1702525700.0,20,20.000217,1702810100.0,1702709100.0,20,20.0,1702612900.0,0.0,20,1130,1703023200.0,-1.0,20.004248,0.0,1702544900.0,0.0,20.0,0.0,1702941400.0,0.0,20.0,0.0,1702379400.0,0.0,0,0.0,1702685000.0,0.00371748,20,0.99887204,1702820100.0,0.0,20,0.0,1702520800.0,0.019027283,Benign,Benign-Systemic
0.0,40.01351,1702784500.0,1702778600.0,47,39.99766,1702911100.0,1702999800.0,40,40.0,1703023200.0,0.0,40,64173,1703023200.0,-0.99991226,40.00071,0.0,1703023200.0,0.0022871185,40.0,0.0,1702998700.0,0.0,40.0,0.0,1702762100.0,0.0,47,0.9997188,1702839200.0,0.0,40,0.0,1702789500.0,0.0,40,1.0,1703023200.0,0.0052316473,Attack,Attack-TCP-BYPass-V1
0.0,31.928774,1702693400.0,1702951200.0,24,31.895687,1702816400.0,1702454700.0,32,32.0,1702540300.0,0.0,32,477,1702802600.0,-0.99980325,31.445454,0.0,1702899100.0,0.0,32.0,2.0603347,1703023200.0,0.0,32.0,0.0,1702593500.0,0.00020614671,14,0.0011907015,1702741600.0,0.028304566,32,0.99961466,1703023200.0,0.0036875282,32,0.0,1702312300.0,0.015312699,Benign,Benign-SSH
0.0038082893,0.053494968,532487.06,521674.3,52,0.0,856024.1,264222.22,24,0.0,199326.95,0.0,20,0,0.0,-1.0,21.998768,69234.99,0.0,0.055749036,22.0,53874.14,41153.03,0.0,20.0,0.0,0.0,0.0061481628,0,0.49927747,332404.28,0.018318804,0,0.500114,-9.536743e-07,0.057485003,0,0.0,144835.95,0.0061931545,Benign,Benign
12.027392,20.110962,0.0,0.0,336,0.4176396,0.0,0.0,36,36.0,-1.1920929e-06,0.0,36,29303,1086627.1,-1.0,37.390095,87.009026,0.0,111.05409,36.0,29.805689,215432.53,7.537527,36.0,22.345509,0.0,0.10846536,208,1.0,0.0,9.701151,36,0.0007590173,-9.536743e-07,0.0050080153,36,1.0,0.0,109.52441,Benign,Benign-Telnet
0.119414814,0.07504708,0.0,0.0,99,0.0,160807.62,217147.84,20,0.0,185732.28,48325.164,20,62,0.0,-0.9997114,20.003035,13.3750725,699672.94,109.488525,20.0,13.213475,239043.11,0.13521193,20.0,7.455802,0.0,0.009739838,13,0.0,0.0,109.684814,0,0.49985793,1321463.1,108.424805,0,3.834703e-06,333429.6,0.0,Attack,Attack-TCP-Flag-SYN-ACK
0.0,0.024221739,596091.94,0.0,27,0.0,0.0,0.0,24,0.0,221959.23,0.0,20,96,0.0,-1.0,22.003094,42699.49,0.0,0.06444748,22.0,48513.062,151776.86,0.7832247,20.0,0.0,0.0,0.0,0,0.49917242,49047.523,0.05961428,0,0.500084,-9.536743e-07,0.052199613,0,0.0,0.0,0.0,Benign,Benign
0.5110168,39.783466,0.0,0.0,20,24.130442,0.0,196671.17,36,36.0,-1.1920929e-06,1701611600.0,20,29118,1386570.8,-1.0,31.88094,48.520306,223321.12,261.50345,36.0,0.0,301229.56,48.153305,36.0,18.378342,0.0,0.22247943,15,0.009097831,0.0,0.12662672,36,0.32613084,531285.75,0.0,36,0.6755319,951298.75,0.2624933,Benign,Benign-Telnet
0.119665116,0.0,37544.645,0.0,20,0.052612133,358657.03,504640.94,20,0.0,-1.1920929e-06,0.0,20,0,517893.5,-0.9998778,20.003017,0.0,141670.64,110.53335,20.0,12.749546,0.0,0.0,20.0,0.0,0.0,0.013764465,0,0.0,202671.75,110.426285,0,0.5009283,836464.56,108.49433,0,0.0,666268.75,0.05456454,Attack,Attack-TCP-Valid-SYN
0.0,39.81409,147743.05,1703023200.0,20,24.10147,0.0,1702910000.0,28,28.0,820620.56,1703007400.0,20,65535,0.0,-1.0,27.736078,17996.871,0.0,0.058051042,28.0,10580.105,380555.53,0.0,28.0,11632.624,1702600000.0,0.007833502,4,0.49875706,1702987500.0,0.06907915,28,0.49893996,1703023200.0,0.0044846195,28,0.49858615,1702877300.0,0.0,Attack,Attack-TCP-Flag-SYN-TIME
0.0,39.993256,1702803300.0,1702529000.0,20,40.026073,1702892000.0,1702730000.0,40,40.0,1702981000.0,84147.43,40,64212,1703023200.0,-1.0,39.995373,1.7635499,1702845700.0,0.0,40.0,0.0,1702885000.0,0.0,40.0,0.0,1702729900.0,0.0035377454,39,1.0,1702790700.0,0.018795524,40,0.0002655997,1703023200.0,0.0,40,1.0,1703019100.0,0.010488006,Attack,Attack-TCP-BYPass-V1
0.0,40.00042,1702878200.0,1702966800.0,20,39.970398,1702820200.0,1702788700.0,40,40.0,1702917400.0,253045.08,40,64210,1703006500.0,-1.0,39.994152,0.0,1703023200.0,0.0,40.0,0.0,1702978200.0,1.2416202,40.0,0.0,1702741900.0,0.012821956,54,0.99976933,1703023200.0,0.017234292,40,0.0003196029,1702956200.0,0.0,40,1.0,1702717300.0,0.023304418,Attack,Attack-TCP-BYPass-V1
0.0,23.98136,1703023200.0,1703014100.0,20,23.985622,1702768600.0,1702819300.0,24,24.0,1702728600.0,0.0,24,986,1702502400.0,-1.0,23.994738,0.0,1702034700.0,0.0,24.0,0.0,1702862000.0,0.0,24.0,7.0727415,1702587900.0,0.005173871,5,0.99946094,1702885100.0,0.0,24,0.0,1702619900.0,0.0,24,0.9998852,1703023200.0,0.01688409,Attack,Attack-TCP-IGMP
0.115476966,0.0,224561.22,294495.66,20,0.036177162,13689.878,610669.2,20,0.0,277804.8,186058.53,20,0,537689.25,-0.99972856,20.003147,0.0,0.0,110.402596,20.0,15.362166,0.0,0.0,20.0,0.0,0.0,0.0,12,0.0,282450.62,110.290764,0,0.5002818,257955.58,109.04425,0,0.0,0.0,0.007722235,Attack,Attack-TCP-Flag-ACK-PSH
0.0,40.008553,1702922800.0,1703023200.0,20,39.970726,1703023200.0,1702976000.0,40,40.0,1702997100.0,0.0,40,64246,1703016300.0,-1.0,39.996216,0.0,1703023200.0,0.032940693,40.0,7.2844095,1703023200.0,0.0,40.0,0.0,1702785900.0,0.011168095,34,0.99961686,1702882600.0,0.0,40,0.0,1703023200.0,0.0013901107,40,1.0,1703023200.0,0.0108432975,Attack,Attack-TCP-BYPass-V1
0.0,32.11005,1702622500.0,1703023200.0,20,31.891933,1702320900.0,1702507400.0,32,32.0,1702433800.0,0.0,32,296,1702274200.0,-1.0,31.563662,0.0,1702953300.0,0.0,32.0,0.0,1703023200.0,0.0,32.0,0.0,1702859100.0,0.002375561,4,1.0,1702714200.0,0.0021302958,32,1.0,1702785700.0,0.0,32,0.9998114,1702405100.0,0.026074821,Benign,Benign
0.0,23.997665,279952.4,1702806700.0,65,24.00738,0.0,1703003100.0,24,24.0,-1.1920929e-06,1702541600.0,20,65535,0.0,-1.0,22.007227,34805.9,0.0,0.06000128,22.0,14025.649,625765.0,0.0,20.0,9458.347,1702861800.0,0.003303988,27,0.5005514,1703023200.0,0.014002746,24,0.50019354,1702981400.0,0.005367857,24,0.5001642,1702751200.0,0.0,Benign,Benign
0.0,39.996616,1703023200.0,1702988500.0,42,40.010162,1702768300.0,1702765600.0,40,40.0,1703023200.0,53482.1,40,64217,1702957400.0,-1.0,40.00249,0.0,1702509000.0,0.0,40.0,0.0,1702991700.0,0.0,40.0,0.0,1702704500.0,0.0,44,0.99992967,1702967600.0,0.01184085,40,0.0,1702951700.0,0.0,40,1.0,1702908000.0,0.017222065,Attack,Attack-TCP-BYPass-V1
0.0,32.116272,1702397600.0,1702865400.0,20,31.914522,1702445400.0,1702799000.0,32,32.0,1702435000.0,0.0,32,65535,1702943100.0,-1.0,32.464077,27.60963,1702884400.0,0.0,32.0,5.061163,1702632600.0,0.0,32.0,5.4722624,1702788000.0,0.0,9,1.0,1702559500.0,0.0013460723,32,0.00018229586,1702719900.0,0.0007560928,32,0.99968743,1702244100.0,0.0,Benign,Benign-SSH
0.0,23.98554,1702677000.0,1702764400.0,20,24.006939,1702389600.0,1702655000.0,24,24.0,1702707500.0,0.0,24,1075,1702667000.0,-1.0,23.999187,0.0,1702356400.0,0.02067847,24.0,0.0,1702556800.0,0.0,24.0,6.218501,1702556900.0,0.0,0,0.9999589,1702824000.0,0.0,24,0.0,1702854100.0,0.0,24,0.9991647,1702636000.0,0.0,Benign,Benign
0.0,39.985302,1702796900.0,1702923100.0,48,40.000507,1702462100.0,1702934000.0,40,40.0,1703023200.0,0.0,40,64235,1703023200.0,-0.9999616,39.998417,11.351947,1703007600.0,0.0,40.0,0.0,1703023200.0,0.0,40.0,0.0,1702661200.0,0.011251114,34,1.0,1702584400.0,0.0,40,0.00012998948,1702920100.0,0.0,40,0.9998607,1702872700.0,0.008513314,Attack,Attack-TCP-BYPass-V1
0.001259521,0.07877168,1702803500.0,0.0,28,0.053756993,1702760400.0,0.0,32,0.0,1702478600.0,1702689400.0,32,116,1702650400.0,-1.0,31.538221,0.0,1702514700.0,0.03204075,32.0,9.488579,1702627500.0,0.27225912,32.0,1.5265229,0.0,0.007632715,0,0.0,0.0,0.0,0,0.9997275,-9.536743e-07,0.0,0,0.0,0.0,0.0,Benign,Benign-FTP
0.0,20.005451,1702952600.0,1703023200.0,28,20.007309,1702846800.0,1702800500.0,20,20.0,1702579100.0,0.0,20,1145,1702779500.0,-1.0,20.0,0.0,1702732800.0,0.0051913373,20.0,0.0,1703023200.0,0.0,20.0,3.6147828,1702892000.0,0.0,0,0.0,1702737300.0,0.0,20,0.0005125186,1702622500.0,0.016758444,20,0.00015132433,1702672400.0,0.0060198093,Attack,Attack-TCP-Valid-SYN
0.0,40.015507,1702865200.0,1703023200.0,20,39.975494,1702885200.0,1702523300.0,40,40.0,1703023200.0,0.0,40,64190,1703018000.0,-0.9998803,40.011757,0.0,1702807400.0,0.0,40.0,0.0,1703023200.0,0.0,40.0,0.0,1702585700.0,0.0,39,0.999641,1703023200.0,0.03531535,40,0.0,1703023200.0,0.0,40,1.0,1702901200.0,0.03593641,Attack,Attack-TCP-BYPass-V1
0.0024420037,0.06925185,0.0,437857.06,81,0.017078955,0.0,943851.1,24,0.0,423051.25,0.0,20,160,138771.75,-0.9998281,22.000813,24088.912,256343.73,0.030571252,22.0,51136.746,0.0,0.076824844,20.0,28097.639,0.0,0.031386547,29,0.4993791,972277.25,0.0,0,0.5012628,-9.536743e-07,0.022384057,0,0.00033382123,516721.0,0.037026823,Benign,Benign
0.00097277376,24.125856,0.0,1702132000.0,110,24.13043,79117.69,1702867100.0,28,28.0,215139.05,1701538700.0,20,29981,0.0,-0.999997,24.01624,11232.163,0.0,0.2055607,24.0,1288.0358,0.0,6.7183642,20.0,2401.6353,1702372200.0,0.0,74,0.49938104,1703023200.0,0.22811432,28,0.4999172,1703023200.0,0.008977634,28,0.50020516,1702741200.0,0.00021320046,Benign,Benign
0.0,39.9975,1702391400.0,1702694100.0,20,39.96514,1702815100.0,1703006000.0,40,40.0,1702823300.0,0.0,40,64268,1703023200.0,-1.0,40.000698,10.535526,1702893800.0,0.007784686,40.0,3.8106344,1702792100.0,0.0,40.0,0.0,1702815400.0,0.005810134,58,1.0,1702964900.0,0.0,40,0.0,1702810600.0,0.010716246,40,1.0,1702717600.0,0.005315138,Attack,Attack-TCP-BYPass-V1
0.07995309,0.0,0.0,0.0,28,0.0,129620.43,632228.5,20,0.0,-1.1920929e-06,416442.2,20,22,451772.53,-0.9999596,20.0,1.6212672,0.0,109.95509,20.0,14.694914,42456.42,1.051783,20.0,9.205482,0.0,0.0,18,0.0,1349072.1,109.39341,0,0.5000253,838949.6,110.981,0,0.0,0.0,0.0,Attack,Attack-TCP-Control
0.13334362,0.0,15453.012,24731.682,27,0.0645776,372124.5,523631.56,20,0.0,-1.1920929e-06,43295.562,20,16,331673.12,-0.9996579,20.0,0.0,0.0,110.824394,20.0,8.130825,0.0,0.0,20.0,0.0,0.0,0.0,32,0.0,683021.3,109.844604,0,0.5004487,-9.536743e-07,109.336754,0,0.0,242387.4,0.0006496683,Attack,Attack-TCP-Flag-MIX
0.0,32.442303,0.0,1702699900.0,81,32.679745,704703.44,1702755800.0,44,44.0,-1.1920929e-06,1702441600.0,20,63843,0.0,-1.0,32.34921,22180.057,0.0,0.13211611,32.0,10508.054,92417.0,17.103342,20.0,7514.971,1702558800.0,0.043005966,45,0.49960247,1702798200.0,0.055447645,44,0.49924985,1703023200.0,0.022403039,44,0.49982876,1702917800.0,0.0,Suspicious,Suspicious
0.0,23.988209,0.0,0.0,57,24.002333,347452.2,401111.25,24,24.0,-1.1920929e-06,406326.56,24,1038,0.0,-1.0,24.000774,7204.998,0.0,0.18681869,24.0,0.0,0.0,0.0,24.0,9232.5205,0.0,0.16132289,70,0.99997234,0.0,0.16671926,24,0.0009807951,338623.7,0.008170119,24,0.999577,310478.25,0.18688919,Benign,Benign
0.10529091,19.994783,1702872400.0,1702598800.0,20,20.01342,1702943000.0,1702795900.0,20,20.0,1702755700.0,0.0,20,65,1702959600.0,-0.9996427,20.0,13.943018,1702263300.0,0.0,20.0,5.812523,1702683000.0,0.0,20.0,0.0,1702894300.0,0.004743698,5,0.0,1702820100.0,0.0,20,0.00014394836,1703023200.0,108.510605,20,0.0,1702833800.0,0.0,Suspicious,Suspicious
7.724935,39.82744,187872.4,0.0,342,0.41448864,0.0,0.0,36,36.0,-1.1920929e-06,0.0,36,29738,0.0,-0.99918616,36.02007,28.03297,166061.33,131.50629,36.0,6.785238,129845.82,43.664963,36.0,0.0,0.0,0.21949598,244,0.9991306,0.0,3.4240415,36,0.0018634062,-9.536743e-07,0.045800183,36,0.9991457,0.0,106.29833,Benign,Benign-SSH
0.0,40.010944,1702952600.0,1702887600.0,20,39.99468,1702951000.0,1702740400.0,40,40.0,1703023200.0,0.0,40,64178,1702964200.0,-0.9999836,39.992935,0.0,1702906200.0,0.0,40.0,0.0,1703023200.0,0.0,40.0,0.0,1702979700.0,0.0,24,0.9999382,1703023200.0,0.013162713,40,0.00016107249,1703008000.0,0.0040234188,40,1.0,1702806700.0,0.02831077,Attack,Attack-TCP-BYPass-V1
0.0020203977,23.982159,1703023200.0,1703023200.0,20,23.986317,1702849700.0,1702458000.0,24,24.0,1702941200.0,0.0,24,65443,1702532500.0,-1.0,23.996914,0.0,1702711900.0,0.0,24.0,0.0,1702825000.0,0.0,24.0,8.156946,1702683300.0,0.0,21,1.0,1703023200.0,0.030048264,24,0.00024066385,1702919800.0,0.0,24,0.99976796,1702628500.0,0.01690042,Benign,Benign
0.0,39.995113,1702972000.0,1702863700.0,38,39.969234,1702572700.0,1702770000.0,40,40.0,1702933400.0,70450.84,40,64287,1702950900.0,-0.999997,39.984882,10.463387,1702559600.0,0.0,30.0,3.0738473,1702677100.0,1.7674564,40.0,4.1387024,1702684200.0,0.0010684245,35,1.0,1702985700.0,0.022145512,40,6.937283e-05,1702842000.0,0.0,40,0.999974,1703023200.0,0.0,Attack,Attack-TCP-Flag-SYN-ACK
22.866392,20.112,0.0,12678.933,134,31.633286,0.0,739919.56,32,32.0,614858.4,0.0,20,8351,629477.94,-0.9990723,30.22728,3.3932753,251257.8,261.25775,32.0,0.0,0.0,48.153454,32.0,5.1969132,0.0,0.22249192,33,0.009056512,0.0,14.255034,32,0.0048383586,702496.5,109.71086,28,0.3217604,584682.1,130.00569,Attack,Benign-Systemic
0.004246241,39.78347,0.0,0.0,55,31.323772,0.0,0.0,28,28.0,122100.984,1702500700.0,20,253,85807.14,-1.0,27.608942,29555.324,0.0,0.04189145,28.0,13494.677,855971.0,0.09362074,28.0,28934.666,0.0,0.0242444,23,0.6645529,915265.06,0.03399418,28,0.3335705,315063.38,0.0,28,0.6655628,0.0,0.0,Benign,Benign
0.0,32.106747,121301.47,1702319500.0,74,31.73274,0.0,1703023200.0,32,32.0,346251.94,1700225500.0,20,1223,0.0,-0.999948,27.19173,15886.653,0.0,0.0017210026,26.0,12044.919,986063.9,3.883596,20.0,11278.954,1702409900.0,0.0,79,0.49983427,1703023200.0,0.116454884,32,0.49969628,1702711200.0,0.0,32,0.49783343,1702481500.0,0.004421938,Benign,Benign
0.0,0.0005431081,1702866600.0,0.0,20,0.0,1702977500.0,483660.84,20,0.0,1702369700.0,1702447500.0,20,14,1702926000.0,-1.0,20.000414,0.0,1702547000.0,0.0,20.0,2.2791138,1702784300.0,0.0,20.0,3.2007763,0.0,0.0,0,0.0,0.0,0.0,0,1.0,-9.536743e-07,0.0,0,0.00021450507,0.0,0.0,Benign,Benign-Web_Browsing_HTTP-S
0.0,20.112728,0.0,1702586400.0,20,20.09296,0.0,1702619800.0,28,28.0,542184.5,1702472300.0,20,8304,0.0,-1.0,24.014992,4735.115,0.0,11.971694,24.0,5542.621,180250.9,0.0,20.0,3510.6309,1702861000.0,0.0,0,0.5067336,1703023200.0,15.82931,28,0.50499666,1703023200.0,0.017491324,28,0.4950379,1702693200.0,0.15975474,Attack,Attack-TCP-Flag-SYN-TIME
0.0018067679,40.01548,1702971600.0,1702957200.0,20,39.98165,1702634400.0,1702833500.0,40,40.0,1702812500.0,0.0,40,64200,1703023200.0,-1.0,40.004517,8.169302,1703023200.0,0.0027428635,40.0,0.0,1702708400.0,0.0,40.0,5.1026535,1702534500.0,0.0,36,0.9998384,1702926600.0,0.0,40,9.4932526e-05,1702802000.0,0.00092280953,40,0.9999365,1702897800.0,0.008478593,Attack,Attack-TCP-BYPass-V1
0.0,23.990713,0.0,1702674800.0,20,23.983084,0.0,1702565200.0,24,24.0,-1.1920929e-06,0.0,20,1054,928185.4,-1.0,22.66027,146692.95,0.0,0.0,24.0,67277.29,0.0,0.957656,24.0,29480.86,1702148700.0,0.011876853,5,0.6669822,1703023200.0,0.0,24,0.3334591,1702555900.0,0.039429843,24,0.3335982,1702394000.0,0.021709593,Benign,Benign
0.0,40.00617,1702471600.0,1702816100.0,20,39.9713,1702677800.0,1702700800.0,40,40.0,1702851500.0,0.0,40,64231,1703023200.0,-0.99993265,40.002655,0.0,1702771700.0,0.0,40.0,0.0,1702775200.0,0.0,40.0,0.0,1702738700.0,0.0,44,1.0,1702989300.0,0.005094427,40,5.885854e-05,1702908900.0,0.0,40,1.0,1702942600.0,0.01133806,Attack,Attack-TCP-BYPass-V1
0.008791832,40.02236,1702855700.0,1702936700.0,27,39.992607,1702905600.0,1703023200.0,40,40.0,1702627500.0,0.0,40,64250,1703023200.0,-0.9997863,39.99077,0.0,1702948600.0,0.0,40.0,1.0247152,1702885000.0,1.0539408,40.0,0.0,1702683800.0,0.0,50,0.999591,1702859600.0,0.0,40,0.000384472,1702845800.0,0.0,40,0.9996861,1703023200.0,0.0,Attack,Attack-TCP-BYPass-V1
0.006467076,24.006237,0.0,0.0,89,24.01816,157557.72,0.0,24,24.0,-1.1920929e-06,328302.8,24,65452,0.0,-0.9996565,23.99825,9261.955,0.0,0.17894585,24.0,0.0,0.0,0.0,24.0,8445.448,0.0,0.16810769,91,0.99966425,348171.06,0.16018212,24,0.0,-9.536743e-07,0.0,24,0.99890155,849218.4,0.20084625,Benign,Benign
0.0,24.017256,0.0,1702669300.0,48,23.989212,0.0,1703020300.0,24,24.0,276285.72,1701782800.0,20,65535,176100.25,-0.99986607,22.010038,17251.043,0.0,0.07379662,22.0,11488.967,448547.44,5.7668514,20.0,10559.058,1702570500.0,0.041845255,52,0.5002817,1703023200.0,0.0019938336,24,0.5004617,1702641400.0,0.0,24,0.49991268,1702819600.0,0.0073890695,Benign,Benign
5.9428167,20.112751,0.0,0.0,102,0.41775554,0.0,154641.94,36,36.0,-1.1920929e-06,0.0,36,29403,516079.16,-1.0,37.449577,51.871754,0.0,118.059166,36.0,27.241734,0.0,0.92667174,36.0,7.508753,0.0,0.016281473,73,1.0,0.0,21.57036,36,0.0,450159.34,0.012155309,36,0.9997168,0.0,129.73941,Benign,Benign-Telnet
0.0,39.994453,1702663800.0,1702910300.0,62,39.98773,1703023200.0,1702779100.0,40,40.0,1703023200.0,0.0,40,64189,1702855000.0,-0.99988896,30.060442,16.81979,1703023200.0,0.036452897,40.0,0.0,1702974700.0,0.7872763,40.0,4.129996,1702873100.0,0.00519416,58,1.0,1702878200.0,0.027799886,40,0.000110436675,1703023200.0,0.011619078,40,1.0,1702871700.0,0.0,Attack,Attack-TCP-Flag-SYN-ACK
0.0,39.99896,1702657200.0,1702707200.0,33,40.006134,1702326800.0,1702787800.0,40,40.0,1703023200.0,28959.373,40,64224,1703023200.0,-0.99999136,39.994656,12.3638935,1702916500.0,0.0025175172,40.0,0.0,1703023200.0,0.0,40.0,0.0,1702590800.0,0.003906713,48,0.99997044,1702906600.0,0.0,40,8.236552e-05,1702963000.0,0.011744762,40,1.0,1702931600.0,0.025063686,Attack,Attack-TCP-BYPass-V1
20.59932,0.4177711,0.0,0.0,434,0.41775447,0.0,387073.38,44,44.0,-1.1920929e-06,0.0,44,65291,83445.625,-0.999624,44.0,0.0,226481.52,170.90285,44.0,7.8281565,450800.7,48.111713,44.0,9.033509,0.0,0.22246163,319,0.9989618,34162.43,1.4877092,44,0.0008862027,1512831.9,0.08170774,44,0.9988742,143956.25,100.56163,Suspicious,Suspicious
0.0,20.022606,0.0,1702474800.0,36,20.01235,61727.207,1702852500.0,20,20.0,820585.25,1702352400.0,20,1158,103226.14,-1.0,20.0,32037.55,0.0,0.054289684,20.0,9757.995,564156.7,4.718827,20.0,10114.287,1702659200.0,0.0,11,0.4999987,1702996900.0,0.0918718,20,0.4998582,1702692700.0,0.035384905,20,0.49972707,1702588700.0,0.0,Benign,Benign
0.0,19.995543,0.0,1702816800.0,20,20.006361,0.0,1703023200.0,20,20.0,392705.22,1701902800.0,20,1115,235924.81,-0.99973583,21.997547,19431.195,0.0,0.06473493,22.0,10677.588,484023.44,0.0,20.0,10405.8,1702674300.0,0.00651248,0,0.5002404,1703023200.0,0.066200055,20,0.49971285,1702902500.0,0.0,20,0.500418,1702665600.0,0.0,Benign,Benign
0.0,32.722935,0.0,1702588800.0,38,32.437378,57200.504,1702806000.0,52,52.0,746409.1,1702754300.0,20,28842,0.0,-0.9990158,33.912716,7334.4336,762.6065,0.14614338,36.0,9452.439,301065.4,0.0,20.0,5568.1216,1702574600.0,0.0,23,0.5016234,1702692500.0,0.1754398,52,0.5003656,1702838000.0,0.01372978,52,0.5007832,1702991000.0,0.0,Attack,Suspicious
14.3724375,20.046886,0.0,0.0,86,32.017494,0.0,1238128.8,32,32.0,-1.1920929e-06,0.0,20,8003,7500.3774,-1.0,32.560177,10.7489,0.0,246.26205,32.0,0.0,476292.1,48.089638,32.0,14.060671,0.0,0.222463,58,0.67038804,0.0,143.1735,32,0.9926232,923956.75,0.068408474,28,0.3347763,206795.27,0.26099384,Benign,Benign
0.13321285,0.020240238,0.0,0.0,20,0.04764433,0.0,0.0,20,0.0,-1.1920929e-06,107963.21,20,0,336262.16,-0.99995464,20.00225,11.759059,69625.64,109.76872,20.0,14.284835,0.0,0.0,20.0,2.256469,0.0,0.0,2,0.0,526463.5,109.404305,0,0.49984738,84306.48,109.02703,0,8.969585e-06,0.0,0.0,Attack,Attack-TCP-Valid-SYN
0.0,24.003061,439935.94,0.0,89,24.004036,95254.94,635129.75,24,24.0,-1.1920929e-06,0.0,24,65471,0.0,-0.99985564,24.002094,8376.294,178124.64,0.1963032,24.0,0.0,227945.86,0.0,24.0,9324.848,171883.16,0.15358578,75,1.0,733066.5,0.17949665,24,0.00081639,153026.33,0.0111144455,24,0.99975395,261416.64,0.1799413,Benign,Benign
0.00019136135,39.994774,1702360700.0,1702830200.0,59,39.97726,1702570000.0,1702794800.0,40,40.0,1703023200.0,0.0,40,64253,1702727600.0,-1.0,39.993107,13.425459,1702558300.0,0.019202981,40.0,2.452128,1702514400.0,0.0,40.0,0.0,1702782800.0,0.0045209574,37,0.99959826,1702809100.0,0.0,40,0.0,1702670700.0,0.0028130151,40,1.0,1702791400.0,0.011490148,Attack,Attack-TCP-BYPass-V1
0.0038733007,32.051876,0.0,1702404600.0,86,32.094955,0.0,1702811500.0,32,32.0,148072.53,1702303600.0,20,1141,0.0,-1.0,28.197664,19410.602,0.0,0.047849722,32.0,12987.336,408735.38,1.6460154,20.0,54314.02,1702831400.0,0.0009780021,32,0.4999221,1703023200.0,0.071582794,32,0.500351,1702667400.0,0.014101513,32,0.50021094,1702512900.0,0.008143765,Benign,Benign-Systemic
0.0066069453,24.122387,1702338700.0,1702826500.0,52,24.09451,1702393300.0,1702550000.0,28,28.0,1702546000.0,16199.716,28,8916,1703023200.0,-1.0,28.329802,0.0,1703002600.0,0.030779481,28.0,0.0,1702474100.0,0.0,28.0,0.0,1702249700.0,0.0,15,0.99919933,1702847700.0,0.0495384,28,0.0006967505,1702640100.0,0.012198389,28,0.99974287,1702737300.0,0.011896493,Attack,Attack-TCP-Flag-SYN
0.0,23.99155,231409.11,92991.52,61,24.007572,60760.156,496740.88,24,24.0,-1.1920929e-06,0.0,24,1034,353373.66,-1.0,24.00281,8511.048,254401.72,0.17852294,24.0,0.0,0.0,0.0,24.0,10097.21,334187.12,0.16330746,74,0.9995462,608871.4,0.13976477,24,0.0005950561,212137.52,0.0,24,0.9996974,36458.215,0.20001008,Benign,Benign
0.0,32.042763,218766.39,0.0,71,32.130814,0.0,452488.1,32,32.0,-1.1920929e-06,1701659100.0,20,1050,0.0,-1.0,28.03888,39476.62,0.0,0.0,32.0,17170.95,801978.56,5.7852235,32.0,33352.645,0.0,0.020105338,61,0.66923916,588758.7,0.026512733,32,0.33298194,728904.2,0.020011187,32,0.6634661,0.0,0.0,Benign,Benign
20.30109,39.783466,0.0,0.0,457,31.412579,0.0,0.0,28,28.0,-1.1920929e-06,64810.957,28,213,250628.92,-0.99991953,29.530254,0.0,0.0,171.7519,28.0,0.0,145214.55,48.058285,28.0,0.0,0.0,0.22248222,282,0.99951327,0.0,0.9371087,28,0.0019997682,613004.0,0.00026644155,28,1.0,105061.52,0.26225734,Benign,Benign-SSH
0.0,32.03253,1702712600.0,1702884600.0,20,31.976627,1702669200.0,1702673400.0,32,32.0,1702295800.0,0.0,32,65535,1702874600.0,-1.0,32.170696,0.0,1702534100.0,0.0,32.0,0.0,1702864600.0,0.0,32.0,1.860406,1702461800.0,0.0,11,0.99890536,1702684500.0,0.002350772,32,0.0,1703023200.0,0.0,32,1.0,1702520400.0,0.018221458,Benign,Benign-SSH
0.005139889,0.027223658,1702637800.0,0.0,66,0.0,1702741100.0,0.0,20,0.0,1702579600.0,191480.53,20,45,1702502400.0,-0.9996365,20.0,0.0,1702352000.0,0.028094374,20.0,4.085527,1702483600.0,0.0,20.0,0.0,0.0,0.0,19,0.0,0.0,0.03094722,0,0.00086159335,-9.536743e-07,0.01876829,0,7.994757e-06,433458.53,0.0026182355,Benign,Attack-Killer-TCP
0.002583244,20.007223,1703023200.0,1703023200.0,46,20.001736,1702791600.0,1703023200.0,20,20.0,1702666800.0,8774.57,20,223,1702933000.0,-1.0,20.008425,0.0,1703023200.0,0.011809911,20.0,0.0,1703023200.0,5.1778665,20.0,4.411225,1702803700.0,0.006347952,0,0.0003006422,1702984200.0,0.0,20,0.99993825,1702754800.0,0.024671894,20,0.0,1703023200.0,0.0,Attack,Attack-TCP-Flag-SYN-TFO
0.12478409,0.0,271379.53,0.0,20,0.016126502,273353.28,359640.4,20,0.0,269725.53,0.0,20,0,317055.16,-0.9999728,20.003328,18.577225,124121.59,108.867355,20.0,29.260836,0.0,0.6885517,20.0,0.0,0.0,0.011896647,25,8.828019e-05,135116.38,109.41392,0,0.5002614,809427.1,110.529,0,0.0,148994.73,0.0,Attack,Attack-Killer-TCP
0.08318635,0.0,0.0,1012580.2,20,0.0,331206.9,301504.25,20,0.0,-1.1920929e-06,216120.17,20,0,554931.06,-1.0,20.002464,0.0,0.0,110.21688,20.0,0.2766346,0.0,0.0,20.0,3.4042616,0.0,0.0,11,0.0,634866.56,110.05923,0,0.5003991,599687.75,110.84751,0,0.0,573544.3,0.0,Benign,Attack-TCP-Flag-ACK-PSH
0.0,23.994778,1702899600.0,1702623200.0,37,23.9855,1702865700.0,1702975700.0,24,24.0,1702842400.0,0.0,24,1099,1703023200.0,-0.999794,24.002092,0.0,1702801300.0,0.0,24.0,0.0,1702970000.0,0.0,24.0,0.0,1702417800.0,0.0,16,1.0,1702994000.0,0.021674693,24,0.0,1702690700.0,0.0031260708,24,0.9996702,1702690200.0,0.0,Benign,Benign
0.0013126879,40.039238,1702825700.0,1702866800.0,20,39.99569,1702736600.0,1702829200.0,40,40.0,1703023200.0,0.0,40,64260,1702790000.0,-0.9999523,39.99216,0.0,1703023200.0,0.022763157,40.0,0.0,1702880600.0,3.2350128,40.0,0.0,1702777300.0,0.0016743819,53,0.9998486,1703023200.0,0.057198342,40,0.0003374868,1702915300.0,0.0,40,1.0,1702996400.0,0.0067178886,Attack,Attack-TCP-BYPass-V1
0.0,24.004095,190756.8,0.0,53,23.991678,0.0,0.0,24,24.0,-1.1920929e-06,0.0,24,1004,0.0,-1.0,24.003029,9940.915,0.0,0.19172679,24.0,0.0,0.0,0.0,24.0,11045.057,0.0,0.14439744,60,0.9998416,343473.0,0.16852003,24,0.00024746932,-9.536743e-07,0.0,24,0.9996845,438315.97,0.14140536,Benign,Benign
0.0,31.954401,82378.87,1702645200.0,20,31.89048,57403.35,1703020700.0,32,32.0,676435.8,1701287200.0,20,65535,0.0,-0.99978894,25.407618,17568.77,152104.9,0.046689194,26.0,9696.051,784908.06,4.557128,20.0,11868.548,1703023200.0,0.0,18,0.50113016,1703008400.0,0.113787316,32,0.5008964,1703023200.0,0.0,32,0.49932235,1702834800.0,0.010314259,Benign,Benign
0.0018430826,19.997208,1702178800.0,1702743300.0,20,19.99118,1702950400.0,1702623200.0,20,20.0,1702429200.0,6536.936,20,1095,1702741900.0,-0.999933,20.0,0.0,1702470500.0,0.0,20.0,1.9239308,1702520400.0,0.0,20.0,3.2016828,1702581000.0,0.0076049403,0,0.0,1702531800.0,0.0,20,0.9992149,1702818000.0,0.0,20,0.00034746667,1702798000.0,0.0,Benign,Benign-Web_Browsing_HTTP-S
0.0,23.97616,1702293500.0,1702775600.0,20,23.984915,1702600400.0,1702956500.0,24,24.0,1702558200.0,0.0,24,65476,1703023200.0,-1.0,23.995474,0.0,1702300000.0,0.008119319,24.0,0.0,1702858900.0,0.082613654,24.0,0.0,1702720000.0,0.0,21,0.99956584,1702904700.0,0.021711508,24,0.00011867204,1702813300.0,0.0,24,1.0,1702627300.0,0.0,Attack,Attack-TCP-SYN
0.15674,0.0,228828.83,0.0,90,0.09487645,0.0,143870.97,20,0.0,283119.34,34897.285,20,28,0.0,-0.99950963,20.00256,12.636272,39464.094,110.1044,20.0,17.10674,161413.2,0.0,20.0,0.0,0.0,0.0,58,0.0,0.0,111.29369,0,0.5009147,1032606.0,107.604675,0,0.0,0.0,0.0,Suspicious,Suspicious
0.0,39.987186,1703023200.0,1702750600.0,20,40.008553,1702890200.0,1702758400.0,40,40.0,1703023200.0,0.0,40,64218,1702827100.0,-1.0,39.9913,13.680196,1702997600.0,0.0,40.0,0.0,1703023200.0,0.0,40.0,0.0,1702783900.0,0.0,27,0.9997992,1703023200.0,0.0022047374,40,0.00028050336,1703023200.0,0.0,40,1.0,1702861300.0,0.0129498895,Attack,Attack-TCP-BYPass-V1
0.0,40.00225,1703008000.0,1702914700.0,46,40.000156,1702777300.0,1702838000.0,40,40.0,1702959100.0,0.0,40,64156,1702748700.0,-0.9999599,39.995377,6.984194,1702558000.0,0.015716068,40.0,0.0,1702920800.0,0.0,40.0,0.0,1702906000.0,0.006354392,40,0.9998277,1703023200.0,0.0,40,0.0,1703023200.0,0.0017006148,40,1.0,1702873600.0,0.020877067,Attack,Attack-TCP-BYPass-V1
0.11636966,0.008944725,210857.1,0.0,20,0.03350822,52944.344,31095.984,20,0.0,14623.124,66099.17,20,8,0.0,-0.99971104,20.0,2.9133856,0.0,109.10817,20.0,29.132328,0.0,0.0,20.0,0.0,0.0,0.0011898086,0,0.0,276210.53,109.05125,0,0.5000117,782897.94,108.82913,0,0.0,243349.1,0.0,Attack,Attack-TCP-Flag-SYN-ACK
0.0019493337,40.00424,1702994000.0,1702934300.0,43,39.99064,1702845000.0,1702874800.0,40,40.0,1702950500.0,0.0,40,64231,1702933400.0,-0.9999255,40.006382,0.0,1702904300.0,0.01784176,40.0,0.0,1702788500.0,0.0,40.0,0.0,1702709100.0,0.00623172,64,0.99968886,1703023200.0,0.014957731,40,0.0,1702950100.0,0.0,40,1.0,1703023200.0,0.007303234,Attack,Attack-TCP-BYPass-V1
0.0006589486,20.009125,0.0,1702880500.0,40,20.002033,180432.1,1702694000.0,20,20.0,362226.7,1702717000.0,20,1067,0.0,-0.99989414,20.0,17998.053,52609.75,0.12485574,20.0,9796.34,236736.8,3.4555416,20.0,9064.801,1702859800.0,0.001093092,22,0.50020957,1702905000.0,0.10842386,20,0.5004319,1702941700.0,0.008736826,20,0.49928048,1702483800.0,0.0012549818,Benign,Benign
5.7502255,24.130222,0.0,0.0,366,32.696075,0.0,296141.0,36,36.0,-1.1920929e-06,0.0,36,29145,412748.8,-0.9998235,37.434093,18.49923,19164.604,1.0976747,36.0,16.40469,618342.5,8.511646,36.0,15.299912,663671.94,0.21553177,299,0.9996169,0.0,0.452058,36,0.0005666407,938144.3,0.030403793,36,0.9988927,0.0,0.25996226,Benign,Benign-SSH
0.0,24.001595,1702838100.0,1702900400.0,35,23.985687,1703023200.0,1702702000.0,24,24.0,1702667500.0,0.0,24,1219,1702765400.0,-0.9998212,23.989944,0.0,1703023200.0,0.0,24.0,1.7495766,1702889200.0,0.0,24.0,2.282404,1702852600.0,0.0,0,0.0004377844,1702942500.0,0.0,24,1.0,1702964700.0,0.006595218,24,0.0008511509,1702613900.0,0.0,Attack,Attack-TCP-IGMP
0.0,23.98374,1702525300.0,1703023200.0,20,23.986433,1702924400.0,1702916600.0,24,24.0,1702621200.0,37889.418,24,1104,1702698600.0,-1.0,23.999105,0.0,1702345700.0,0.002584084,24.0,0.0,1702699400.0,0.0,24.0,8.154838,1702825000.0,0.007713809,1,0.999958,1702842900.0,0.0,24,0.0,1702819200.0,0.0,24,0.99993753,1702844400.0,0.008255707,Benign,Benign
0.14790758,0.08348479,10331.553,0.0,20,0.115567386,0.0,0.0,32,0.0,28082.781,0.0,20,0,170763.12,-0.99937874,28.858738,13.017379,0.0,109.59194,20.0,16.39068,0.0,1.116025,20.0,12.921531,0.0,0.04100088,25,0.0,226615.14,108.84437,0,0.5006092,1559161.4,109.43641,0,0.0,1734797.1,0.0,Attack,Attack-TCP-Flag-MIX
0.005036664,23.98804,1702590300.0,1702950300.0,99,23.98504,1702581100.0,1702952700.0,24,24.0,1702879100.0,51760.105,24,65535,1702811600.0,-0.9996021,24.00039,0.0,1702482400.0,0.0,24.0,0.0,1703023200.0,1.0915822,24.0,0.89935493,1702940900.0,0.0,0,4.1537798e-05,1702895500.0,0.0,24,0.0,1702920100.0,0.0,24,0.00014891745,1702658700.0,0.0,Benign,Benign
0.00026663498,20.005032,0.0,1702819600.0,20,19.996614,113728.86,1702967900.0,20,20.0,-1.1920929e-06,1703023200.0,20,1123,0.0,-0.99997544,20.006521,18360.97,0.0,0.08831466,20.0,9424.951,205986.95,1.2631471,20.0,10200.284,1702704600.0,0.0,0,0.5000926,1703023200.0,0.10225097,20,0.50033057,1702774000.0,0.0,20,0.49972537,1702020500.0,0.0,Benign,Benign
0.0,20.047672,1702698000.0,1702773600.0,20,19.97844,1702927700.0,1702812800.0,20,20.0,1702833800.0,0.0,20,1153,1702508000.0,-1.0,20.000479,0.0,1702484500.0,0.029354582,20.0,0.0,1702892800.0,1.0282612,20.0,0.0,1702606300.0,0.004691252,0,0.0,1703023200.0,0.0,20,0.99820167,1703023200.0,0.0,20,8.154384e-05,1702655100.0,0.0,Benign,Benign
0.054294627,0.41770697,0.0,0.0,811,19.974669,446340.84,0.0,56,20.0,90543.07,0.0,20,64220,0.0,-0.99603,36.01243,13232.358,0.0,0.011316533,20.0,11734.603,723420.06,13.479079,20.0,1347.3162,0.0,0.2212793,322,0.0005171342,2423560.5,0.0,56,0.99281293,-9.536743e-07,0.06456728,20,0.0,0.0,0.051503774,Benign,Benign-Web_Browsing_HTTP-S
0.0016741023,20.023779,0.0,1702755000.0,110,20.002178,0.0,1702750100.0,20,20.0,-1.1920929e-06,1701851500.0,20,1172,0.0,-0.9998326,20.005941,18377.92,0.0,0.105697766,20.0,10629.006,0.0,0.8894683,20.0,10773.47,1702561000.0,0.0,60,0.49889204,1703023200.0,0.147832,20,0.50035095,1703023200.0,0.003949866,20,0.5003765,1702664400.0,0.0,Benign,Benign
0.0,19.988503,1702393900.0,1702756200.0,20,19.981855,1702752300.0,1702362900.0,20,20.0,1702525400.0,92786.57,20,1045,1702639400.0,-1.0,20.0,0.0,1702374800.0,0.0,20.0,0.0,1702794500.0,0.0,20.0,2.2575662,1702353300.0,0.0,0,0.9995989,1702856000.0,0.007484311,20,0.0,1702814100.0,0.0014449965,20,0.9997088,1702788200.0,0.0010656335,Benign,Benign
0.0012939533,39.995945,1702966700.0,1702585700.0,20,39.98634,1703023200.0,1702749300.0,40,40.0,1703023200.0,0.0,40,64224,1703023200.0,-0.9998205,40.000237,0.7360507,1702770700.0,0.010489227,40.0,0.0,1702947700.0,0.0,40.0,0.0,1702648400.0,0.00803248,52,0.9996947,1702972000.0,0.0,40,0.0,1703023200.0,0.0,40,1.0,1702851000.0,0.024591876,Attack,Attack-TCP-BYPass-V1
0.09886558,0.0,290080.03,0.0,20,0.06347097,67485.336,33363.0,20,0.0,-1.1920929e-06,0.0,20,0,0.0,-0.9998382,20.001284,17.216328,0.0,109.53519,20.0,13.121088,173328.39,0.0,20.0,0.0,0.0,0.0,0,0.0,668612.8,108.94705,0,0.50069445,1355397.0,110.59366,0,0.0,0.0,0.022704216,Attack,Attack-Killall-v2
0.0,40.009445,1702602100.0,1703023200.0,20,39.997635,1702933900.0,1703010200.0,40,40.0,1703023200.0,45162.934,40,64170,1703023200.0,-0.9998868,39.997147,1.5928539,1702706200.0,0.0,40.0,0.0,1702822400.0,0.0,40.0,0.0,1702705700.0,0.0,38,0.9999544,1702892800.0,0.0109577915,40,4.5675217e-05,1703023200.0,0.0,40,1.0,1702880600.0,0.017801417,Attack,Attack-TCP-BYPass-V1
7.721149e-05,40.00381,1702710800.0,1702922500.0,20,39.999992,1702685400.0,1703020900.0,40,40.0,1702908900.0,0.0,40,64252,1703020700.0,-0.99998844,40.00264,0.0,1702974100.0,0.008965767,40.0,0.0,1703007900.0,0.0,40.0,0.0,1702946300.0,0.0,38,0.99992853,1702928800.0,0.04951577,40,0.00039442652,1702863900.0,0.006301434,40,1.0,1702877700.0,0.0041884007,Attack,Attack-TCP-BYPass-V1
0.0,20.004622,119094.95,1702696000.0,20,19.98269,561864.25,1703023200.0,20,20.0,-1.1920929e-06,1702018400.0,20,966,319225.16,-1.0,20.005985,20790.373,0.0,3.1628866,20.0,0.0,0.0,1.5857582,20.0,7220.3276,1702825600.0,0.015126103,13,0.49955732,1702870100.0,0.29732692,20,0.50067794,1703023200.0,0.0,20,0.49905986,1703023200.0,0.0,Attack,Attack-Killall-v2
0.0,19.98324,1703023200.0,1702444700.0,20,0.026024278,1702963500.0,1702447500.0,20,0.0,1703023200.0,0.0,20,139,1703023200.0,-1.0,20.002504,0.0,1702822100.0,0.0,20.0,5.8014326,1702823700.0,0.0,20.0,0.40799406,1702621400.0,0.0,25,0.0,1702727200.0,0.0,20,0.0002850486,1702832900.0,0.0,20,0.0,1702804100.0,0.010856768,Attack,Attack-TCP-IGMP
0.073102854,20.112747,0.0,0.0,20,0.41775554,180074.75,0.0,36,36.0,-1.1920929e-06,0.0,36,28981,504564.75,-1.0,38.271816,58.708157,198929.67,118.15102,36.0,28.704842,771871.75,8.784825,36.0,22.512503,0.0,0.031132258,58,1.0,0.0,22.279507,36,0.0,474993.0,0.019591693,36,1.0,0.0,129.63945,Benign,Benign-Telnet
0.0,39.977024,1702936400.0,1702736000.0,20,39.982357,1702695800.0,1702609000.0,40,40.0,1702763600.0,0.0,40,64314,1703023200.0,-1.0,39.992943,0.0,1702891600.0,0.0,40.0,0.0,1702645000.0,0.0,40.0,6.253789,1702593500.0,0.0,33,1.0,1702929300.0,0.01038153,40,0.0003630194,1702855600.0,0.0,40,1.0,1702716700.0,0.0062692547,Attack,Attack-TCP-BYPass-V1
0.0,19.996756,1702807000.0,1702960500.0,20,20.00029,1702888700.0,1702947000.0,20,20.0,1702577000.0,0.0,20,1149,1702815500.0,-0.99994695,20.0,21.546633,1702944400.0,0.0,20.0,6.161654,1702783200.0,0.0,20.0,4.744039,1702391700.0,0.0,2,0.0,1702515600.0,0.0,20,0.00014181694,1702672900.0,0.0,20,0.0,1702786300.0,0.001961048,Benign,Benign
0.0,23.974443,1702629400.0,1702773100.0,20,23.982113,1702925400.0,1702609200.0,24,24.0,1702546600.0,280564.84,24,1084,1702987300.0,-1.0,23.999254,7.5376563,1702590600.0,0.0,24.0,0.0,1702852500.0,0.0,24.0,2.7313113,1702703700.0,0.0,0,1.0,1702570900.0,0.018726492,24,0.000115270035,1702928400.0,0.00049919396,24,0.999777,1702602200.0,0.0,Benign,Attack-TCP-Valid-SYN
0.014382401,20.032343,123367.81,1702853800.0,137,19.995342,489027.1,1703023200.0,20,20.0,334453.38,1701899900.0,20,14743,257725.56,-0.9994728,20.001411,28179.686,0.0,0.0,20.0,11573.984,24671.334,5.8097353,20.0,11205.008,1702748200.0,0.014644112,41,0.49963468,1703023200.0,0.016066348,20,0.49996355,1702877600.0,0.0,20,0.5003969,1702703700.0,0.0,Benign,Benign-Web_Browsing_HTTP-S
0.0073671895,31.980831,0.0,401942.94,97,32.094303,0.0,0.0,32,32.0,-1.1920929e-06,1702889900.0,20,85,61188.98,-0.9992844,29.57568,47254.668,108565.03,0.040293,32.0,16328.007,0.0,0.0,32.0,46365.465,0.0,0.067002,47,0.0019460495,0.0,0.041254397,32,0.33320323,-9.536743e-07,0.0,32,0.0,0.0,0.0,Benign,Benign-Systemic
0.00035683406,20.010101,1702861000.0,1702811100.0,20,19.991316,1702691100.0,1702581800.0,20,20.0,1702806900.0,91641.87,20,1176,1702879400.0,-1.0,20.0,0.0,1702502700.0,0.0,20.0,0.0,1702594200.0,0.0,20.0,0.0,1702645200.0,0.015337082,17,0.0,1702644900.0,0.017329805,20,0.9998349,1702966100.0,0.0,20,0.00096842437,1702834300.0,0.0,Benign,Benign
0.0,20.02123,54893.14,0.0,114,20.012568,150379.23,986791.25,20,20.0,-1.1920929e-06,1701636600.0,20,1222,0.0,-0.99946475,20.002037,35792.926,0.0,0.015858741,20.0,11609.338,0.0,6.1293497,20.0,28158.844,0.0,0.02532647,81,0.6659923,890864.5,0.023564676,20,0.33315292,974508.6,0.0,20,0.66538787,263834.53,0.014944066,Benign,Benign
0.0,0.011110865,1702716400.0,0.0,20,0.0,1702698400.0,0.0,20,0.0,1702694000.0,1702369900.0,20,5,1702661600.0,-1.0,20.001097,0.0,1702210300.0,0.0,20.0,0.0,1702534800.0,0.0,20.0,0.0,0.0,0.0,2,0.0,0.0,0.0,0,1.0,-9.536743e-07,0.0,0,0.0,0.0,0.0,Benign,Benign
0.0,20.012875,1703013900.0,1702818400.0,20,19.988806,1702827600.0,1702811600.0,20,20.0,1703023200.0,0.0,20,161,1703023200.0,-1.0,20.000532,19.833347,1702853600.0,0.0041527883,20.0,13.704748,1702650200.0,0.0,20.0,0.0,1702955300.0,0.0,0,0.0,1702952700.0,0.0,20,0.00035051038,1703023200.0,0.0,20,0.00022930572,1702922100.0,0.00096521724,Attack,Attack-TCP-Flag-MIX
0.004953587,24.000103,0.0,0.0,57,24.004805,515273.5,0.0,24,24.0,-1.1920929e-06,319533.06,24,1013,0.0,-0.9997795,24.009436,7361.2446,0.0,0.19501622,24.0,0.0,97408.85,0.0,24.0,9542.72,0.0,0.17166087,79,0.999473,196900.75,0.21247989,24,0.0009956242,999870.4,0.015309325,24,0.99909085,565625.5,0.20054004,Benign,Benign
0.0,32.047913,144486.2,0.0,20,31.983465,995499.8,306409.25,32,32.0,-1.1920929e-06,169319.7,32,992,0.0,-0.9998866,32.58522,8424.366,206773.03,0.20904027,32.0,0.0,243449.58,0.0,32.0,9561.412,0.0,0.16854098,92,1.0,147826.83,0.1928941,32,0.001677991,826903.2,0.005988299,32,1.0,725687.25,0.16082972,Benign,Benign
0.0016221234,0.0,1702982300.0,0.0,73,40.017914,1702516500.0,27117.65,40,0.0,1702740100.0,123849.125,20,64264,1702933500.0,-1.0,20.0,17.441998,1702936200.0,0.0,40.0,5.9036064,1702709400.0,0.535937,40.0,1.6779627,193797.17,0.0,51,0.99982905,690888.8,0.0,40,0.0,-9.536743e-07,0.0,0,0.0,1703023200.0,0.0,Attack,Attack-TCP-BYPass-V1
0.0004043251,19.98768,1703023200.0,1702953700.0,53,19.986284,1702881700.0,1702893200.0,20,20.0,1703023200.0,4471.4985,20,131,1702744400.0,-1.0,20.0,3.0252242,1702816400.0,0.0,20.0,0.9998792,1702736500.0,0.0,20.0,10.612394,1702713200.0,0.010769807,40,0.0,1702742800.0,0.0043369364,20,0.00014640193,1703023200.0,0.00065484876,20,0.0009904376,1702801500.0,0.0,Suspicious,Suspicious
0.0,40.012623,1702785400.0,1702769900.0,20,39.995327,1703017600.0,1702819200.0,40,40.0,1703013000.0,0.0,40,64173,1702953000.0,-1.0,40.00448,0.0,1702790100.0,0.021357127,40.0,1.5238171,1703023200.0,0.0,40.0,4.828454,1702837400.0,0.0,19,0.9997769,1703023200.0,0.0075607263,40,0.0,1702768900.0,0.001969999,40,1.0,1702753500.0,0.012643761,Attack,Attack-TCP-BYPass-V1
0.0035808226,32.068798,0.0,1702675700.0,110,31.875418,0.0,1703023200.0,32,32.0,28510.03,1701175000.0,20,1171,0.0,-0.99951446,27.936537,17153.299,0.0,0.0,26.0,11969.21,695879.6,0.8878266,20.0,10614.24,1702258600.0,0.0,50,0.5001262,1702935800.0,0.0686364,32,0.4997271,1702799600.0,0.0,32,0.49906012,1702245600.0,0.046688892,Benign,Benign
0.0017384727,31.892202,0.0,676373.0,67,32.052376,357715.47,1226113.4,32,32.0,-1.1920929e-06,78139.484,32,65535,0.0,-0.9996784,32.545025,8277.899,326756.62,0.17409603,32.0,0.0,234186.16,2.1337492,32.0,8872.498,0.0,0.14985313,74,1.0,718299.56,0.18999617,32,0.0013350843,440422.03,0.00920413,32,0.9990909,1000302.1,0.17176378,Benign,Benign
12.007,31.461996,0.0,398951.66,204,20.009617,301539.56,462097.94,32,20.0,-1.1920929e-06,14403.108,20,64271,688500.56,-0.9986901,28.78146,0.0,441847.56,8.877497,32.0,0.0,641585.7,45.06884,32.0,0.0,0.0,0.2206187,101,0.6643474,663012.56,65.70174,32,0.33858818,358620.4,0.13331676,20,0.3298137,435355.38,109.95867,Benign,Benign-Systemic
0.005501913,20.111824,0.0,0.0,73,39.788284,0.0,0.0,28,28.0,189951.88,1702959900.0,20,226,0.0,-1.0,29.504494,30864.318,248404.7,0.053820293,28.0,15830.702,144849.52,0.0,28.0,29721.621,0.0,0.0,80,0.6670688,737946.6,0.06797586,28,0.33325413,584019.06,0.0027717159,28,0.66775286,0.0,0.0,Benign,Benign
0.0017483793,20.016766,1703023200.0,1702812800.0,20,20.00563,1703023200.0,1702948000.0,20,20.0,1702895400.0,0.0,20,276,1702819100.0,-1.0,20.000336,14.741652,1703023200.0,0.0,20.0,1.4804841,1702903800.0,0.0,20.0,12.254184,1702715600.0,0.0,11,0.00035327525,1702860000.0,0.0,20,0.0005304496,1703023200.0,0.0072523206,20,0.0,1702657300.0,0.015098238,Attack,Attack-TCP-Valid-SYN
0.0026145438,0.03736922,595954.1,0.0,57,0.0,873463.6,101415.72,24,0.0,385453.0,0.0,20,68,184304.53,-1.0,22.000202,41788.5,203280.53,0.08176616,22.0,42770.12,0.0,1.2244397,20.0,3.138154,0.0,0.0,16,0.49956596,62535.95,0.058197096,0,0.5005514,227082.16,0.057319157,0,0.0,0.0,0.0,Benign,Benign
0.0,19.99982,1702680800.0,1702803700.0,30,19.984121,1702944000.0,1702598500.0,20,20.0,1702314500.0,0.0,20,126,1702572300.0,-0.99972445,20.00016,37.85895,1702620700.0,0.0,20.0,5.8776627,1703023200.0,0.89975905,20.0,5.8076477,1702721000.0,0.0,19,0.0,1702801000.0,0.006827568,20,0.99815166,1702809900.0,0.023899417,20,0.0,1702668700.0,0.0,Benign,Benign-Email-Receive
0.0,20.01788,0.0,1702744200.0,61,20.006289,0.0,1702884100.0,20,20.0,475852.22,40107.27,20,65492,0.0,-1.0,20.002222,16297.427,0.0,0.06552695,20.0,40010.28,0.0,0.0,20.0,10033.179,1702628500.0,0.029062271,20,0.50001764,1702686700.0,0.090750195,20,0.33287346,1702822500.0,0.024992472,20,0.3326525,1702514000.0,0.0,Benign,Benign-Telnet
0.0,19.996737,1702574600.0,1702908900.0,20,19.98711,1702817500.0,1702711900.0,20,20.0,1702697900.0,10367.889,20,101,1702875500.0,-1.0,20.0,0.0,1702860700.0,0.0,20.0,0.0,1702645100.0,0.0,20.0,0.0,1702935300.0,0.011721706,12,0.0,1702857200.0,0.0025712238,20,0.0,1702811000.0,0.0,20,0.00016940618,1702596500.0,0.0154785,Benign,Benign
0.0007319854,23.989485,0.0,0.0,20,24.02317,623975.2,547486.8,24,24.0,-1.1920929e-06,278978.1,24,1001,349186.12,-1.0,24.020061,7360.828,0.0,0.19021006,24.0,0.0,63439.992,0.0,24.0,8573.761,0.0,0.17820095,75,1.0,673511.5,0.2005525,24,0.000770665,1535455.0,0.0,24,0.99942464,984623.2,0.24419002,Benign,Benign
0.0028212045,20.003897,1702772900.0,1703009000.0,29,19.975618,1702859900.0,1702457700.0,20,20.0,1702585900.0,137099.89,20,65302,1702529300.0,-1.0,20.00233,0.0,1702545800.0,0.023314148,20.0,0.0,1702892900.0,0.0,20.0,0.0,1702745500.0,0.0,0,0.99912107,1702640000.0,0.0,20,0.0,1702540300.0,0.0,20,0.99971867,1702665600.0,0.0,Benign,Benign
0.0,40.002037,1702852700.0,1703023200.0,20,39.976116,1702787600.0,1702629600.0,40,40.0,1702912000.0,0.0,40,64243,1703023200.0,-0.99985534,39.99411,0.0,1702859800.0,0.0,40.0,0.0,1702630400.0,0.0,40.0,4.463284,1702588500.0,0.0,45,1.0,1702927500.0,0.03236045,40,0.00045792418,1702734800.0,0.0037564053,40,0.99999154,1702965100.0,0.015618279,Attack,Attack-TCP-BYPass-V1
0.12253005,0.0021675895,130845.445,0.0,72,0.06410292,282925.56,520913.7,20,0.0,-1.1920929e-06,16327.942,20,0,156972.64,-0.9995319,20.0,9.948135,0.0,110.3119,20.0,18.973236,0.0,0.0,20.0,0.12046753,0.0,0.0,46,0.0,185827.38,110.30802,0,0.5004705,-9.536743e-07,108.45052,0,0.0,0.0,0.005493314,Attack,Attack-TCP-IGMP
0.0,40.014153,1703001100.0,1703023200.0,22,39.987526,1702667300.0,1702779500.0,40,40.0,1703023200.0,0.0,40,64148,1702816900.0,-1.0,39.99856,20.080032,1702686300.0,0.0,40.0,0.0,1703023200.0,0.0,40.0,3.0280893,1702703600.0,0.0,37,0.9998959,1702999600.0,0.007131911,40,0.00023672314,1703023200.0,0.0033609136,40,0.99994403,1702948500.0,0.0055000195,Attack,Attack-TCP-BYPass-V1
0.0,39.993813,1702691000.0,1702814600.0,20,39.9546,1702815000.0,1702821100.0,40,40.0,1703023200.0,0.0,40,64326,1702926000.0,-0.99991304,39.999157,0.67685664,1703023200.0,0.0,40.0,2.4942286,1702962800.0,0.0,40.0,0.0,1702908900.0,0.0012873145,32,1.0,1702905500.0,0.012723975,40,0.0,1703023200.0,0.0,40,1.0,1702892200.0,0.029423023,Attack,Attack-TCP-BYPass-V1
16.944191,20.112745,0.0,918398.0,110,20.112314,0.0,1380029.1,32,28.0,634100.44,0.0,20,8927,210474.9,-0.9986611,30.084095,40.033215,709237.44,232.4166,32.0,6.4184375,564821.75,48.03778,32.0,7.2607336,0.0,0.22248933,16,0.0087122135,723348.75,11.642383,32,0.5063079,1176678.6,104.027214,28,0.49321258,520812.22,127.52823,Suspicious,Suspicious
0.00027231374,23.99551,1702774300.0,1703023200.0,20,24.005545,1702658300.0,1702548900.0,24,24.0,1702331300.0,0.0,24,65426,1702791700.0,-1.0,23.998783,0.0,1702543100.0,0.008188803,24.0,0.0,1702494500.0,0.0,24.0,2.8084786,1702749400.0,0.0,19,1.0,1702734500.0,0.01678998,24,0.00037233203,1702959700.0,0.0,24,0.99952716,1702816600.0,0.0,Attack,Benign
0.0,24.010803,0.0,1702921300.0,20,24.004522,0.0,1703000400.0,24,24.0,297595.25,1701649400.0,20,1122,388536.56,-1.0,22.01444,16126.466,0.0,0.091486044,22.0,10263.789,462054.78,0.73755074,20.0,8898.347,1702704000.0,0.0,0,0.5003477,1703023200.0,0.05791075,24,0.49947605,1702842900.0,0.0009020513,24,0.49933752,1702677200.0,0.0,Benign,Benign
0.0014080069,0.05580364,1702844300.0,271402.56,20,0.0,1702404100.0,0.0,20,0.0,1702300400.0,1702228400.0,20,186,1702825200.0,-0.99990165,20.0,0.0,1702387200.0,0.0023189124,20.0,0.0,1702480600.0,0.0,20.0,0.0,0.0,0.0,0,0.0,0.0,0.0,0,0.9984521,-9.536743e-07,0.013911753,0,0.00062257703,0.0,0.0,Benign,Benign-Telnet
30.496769,20.11271,0.0,0.0,508,24.130442,0.0,752158.9,44,44.0,-1.1920929e-06,0.0,44,65507,596036.4,-0.9996858,44.0,0.0,330491.3,152.9997,44.0,0.0,0.0,48.15244,44.0,10.875682,0.0,0.22249036,324,1.0,0.0,1.9904165,44,0.0013697225,1191660.4,0.0,28,0.9990941,311297.34,119.09481,Benign,Benign-SSH
0.0088619245,40.00272,1702422400.0,1702918700.0,56,39.977634,1703023200.0,1702968200.0,40,40.0,1702998800.0,137187.28,40,64314,1703003400.0,-0.99955183,39.99375,17.99175,1702673700.0,0.020696266,40.0,14.650571,1702412300.0,0.0,40.0,8.028316,1702519900.0,0.0,63,1.0,1702684700.0,0.028518716,40,0.0003289545,1702878500.0,0.0,40,0.9999634,1703006800.0,0.0,Attack,Attack-TCP-BYPass-V1
0.0,31.900751,1702448100.0,1702972500.0,20,31.928682,1702697000.0,1702703900.0,32,32.0,1702735500.0,46522.37,32,385,1702460700.0,-0.99986666,31.121336,0.0,1702880000.0,0.0,32.0,0.0,1703023200.0,0.0,32.0,0.9217275,1702702100.0,0.0,0,0.00062710594,1702613400.0,0.042761914,32,0.00012530711,1702518500.0,0.01934033,32,0.0,1702726800.0,0.0,Benign,Benign
0.010455701,39.99522,325117.0,1702924000.0,61,39.96334,237988.56,1702596100.0,40,40.0,-1.1920929e-06,1702715100.0,20,28888,0.0,-0.9999358,30.044384,8460.079,0.0,0.1116791,30.0,4173.5103,235554.52,2.402736,20.0,4309.538,1702824100.0,0.0025557154,33,0.49963823,1702734500.0,8.402399,40,0.5001832,1703023200.0,0.0,40,0.49938986,1703023200.0,0.0,Suspicious,Suspicious
0.0028419192,19.957258,0.0,0.0,75,19.986565,371123.2,0.0,20,20.0,-1.1920929e-06,246902.44,20,998,241215.03,-0.9999295,20.000223,6814.4604,0.0,0.13770016,20.0,0.0,342561.75,2.0043702,20.0,9906.134,0.0,0.14570871,69,0.9997617,659686.56,0.13427392,20,0.00034996163,56452.53,0.012342848,20,0.99973726,446642.22,0.1594726,Benign,Benign
0.011910134,20.004585,100139.75,0.0,105,19.99701,334787.6,812765.4,20,20.0,-1.1920929e-06,260066.03,20,16065,0.0,-0.9993772,20.009289,8758.58,331005.47,0.17928271,20.0,0.0,215934.73,0.0,20.0,9760.096,0.0,0.1757185,76,0.0013958926,637735.5,0.19737653,20,1.0,737514.94,0.0004899341,20,0.0,0.0,0.19265074,Benign,Benign-Systemic
0.0028816436,0.0,1703023200.0,0.0,60,0.0036513328,1702512400.0,157180.89,20,0.0,1702234000.0,1702556000.0,20,0,1702525300.0,-1.0,20.000147,10.485619,1702671500.0,0.0,20.0,8.587739,1702588200.0,0.0,20.0,4.759119,0.0,0.0,2,0.00025592608,0.0,0.0,0,1.0,-9.536743e-07,0.014432671,0,0.0,5965.6035,0.0,Attack,Attack-TCP-SYN
0.0,39.986652,1702339000.0,1702731300.0,20,40.02201,1702697100.0,1702691500.0,40,40.0,1702917200.0,8133.9546,40,64181,1703023200.0,-1.0,39.99227,20.867758,1703023200.0,0.0,40.0,6.411497,1702739700.0,0.0,40.0,0.0,1702579100.0,0.016595332,26,0.9998433,1703023200.0,0.0,40,0.0,1703023200.0,0.0072098407,40,0.9997874,1702941000.0,0.021683443,Attack,Attack-TCP-BYPass-V1
0.0,32.024273,1702826100.0,1702898800.0,20,31.914295,1702585600.0,1702597800.0,32,32.0,1703023200.0,0.0,32,395,1702193500.0,-0.99988395,32.121353,0.0,1702712800.0,0.0,32.0,0.0,1702799500.0,0.0,32.0,0.0,1702767000.0,0.0,22,5.771752e-05,1702653200.0,0.021529647,32,1.0,1702523000.0,0.0,32,0.0,1702850000.0,0.0137966145,Attack,Benign-Web_Browsing_HTTP-S
0.0,31.84992,264340.22,0.0,20,31.995663,784348.9,1204061.2,32,32.0,-1.1920929e-06,200719.58,32,83,0.0,-0.9996267,33.55208,8918.501,555849.6,0.22721879,32.0,0.0,361422.1,0.0,32.0,7806.3633,0.0,0.1819274,47,0.0018557191,1010976.4,0.22282311,32,0.00085270987,527130.2,0.013509294,32,0.00032878018,363444.7,0.2154139,Benign,Benign
0.0,32.01347,96889.08,1702772900.0,26,31.87836,135212.52,1703011200.0,32,32.0,702256.25,1702294000.0,20,65535,105973.84,-0.99978036,26.089022,18059.307,0.0,0.060710922,26.0,13883.948,357506.1,1.2451477,20.0,9157.4375,1702717300.0,0.0,46,0.49894303,1703023200.0,0.09159157,32,0.4990435,1703023200.0,0.007695046,32,0.49907377,1702875600.0,0.026378749,Suspicious,Suspicious
0.0055761267,0.0,1702818000.0,1702937300.0,29,19.98681,1703023200.0,1703002200.0,20,20.0,1702735200.0,325129.56,20,110,1703023200.0,-1.0,20.0,36.88351,1702835600.0,0.0,20.0,5.467831,1702761300.0,0.0,20.0,14.101892,1702737700.0,0.0,27,0.0,1703023200.0,0.0,20,0.00042111252,1702955100.0,0.0,20,0.0,1702894600.0,0.0,Attack,Attack-TCP-Control
0.00020278273,20.01128,0.0,0.0,82,20.001802,659237.94,0.0,20,20.0,-1.1920929e-06,0.0,20,1005,135537.61,-0.99992466,20.003998,6456.458,575268.0,0.20008953,20.0,0.0,0.0,0.0,20.0,8719.874,0.0,0.16284747,81,0.9998783,824671.9,0.2085991,20,0.00062309566,998834.06,0.008730429,20,0.99936026,836232.1,0.18666343,Benign,Benign
0.0,20.001364,1702884500.0,1702763400.0,31,19.989843,1702543700.0,1702385500.0,20,20.0,1703023200.0,0.0,20,1069,1702682800.0,-1.0,20.0,0.0,1702382000.0,0.0,20.0,0.0,1703008400.0,0.0,20.0,0.0,1702577700.0,0.016506195,4,0.99967676,1703023200.0,0.014934971,20,0.0,1702708000.0,0.0,20,0.99997544,1702786300.0,0.010034025,Benign,Benign
0.0,19.987402,0.0,300317.56,68,19.994385,0.0,428102.94,20,20.0,24412.07,44225.312,20,1054,26066.758,-0.99979454,20.000021,7202.0737,461193.4,0.21597546,20.0,0.0,0.0,1.5326059,20.0,8533.899,386687.53,0.14721142,72,0.999433,752038.44,0.17993864,20,0.000120369084,-9.536743e-07,0.0,20,0.99998796,1055296.5,0.12410487,Benign,Benign
0.0,24.003416,0.0,251672.61,20,24.03667,66027.23,1009964.06,24,24.0,-1.1920929e-06,1702025200.0,20,65535,141195.42,-1.0,22.684084,29342.861,170255.44,0.036754273,24.0,19297.07,762188.94,6.1854525,24.0,25308.746,0.0,0.02006745,37,0.6671052,1750249.9,0.0,24,0.3327211,-9.536743e-07,0.0,24,0.66445553,61245.51,0.018311013,Benign,Benign
0.00047694336,20.00403,1703023200.0,1702795800.0,51,19.992731,1702485500.0,1703023200.0,20,20.0,1702917000.0,0.0,20,96,1703010000.0,-1.0,20.0,5.5785174,1702531600.0,0.0,20.0,0.4454848,1702814700.0,1.1025834,20.0,1.2738152,1702851200.0,0.01706454,20,0.0009078233,1702975400.0,0.0,20,0.0,1703023200.0,0.0,20,0.0,1702708700.0,0.018077953,Attack,Attack-TCP-Flag-SYN-ACK
0.0,40.00085,1702680800.0,1702797600.0,37,39.994347,1702449500.0,1702845400.0,40,40.0,1703023200.0,0.0,40,64213,1702998100.0,-0.99986666,39.994,7.673241,1702624600.0,0.0,40.0,0.0,1702789000.0,0.0,40.0,0.0,1702511700.0,0.005582047,56,1.0,1702727200.0,0.0,40,0.0,1702919200.0,0.0,40,0.99984235,1702951300.0,0.017614597,Attack,Attack-TCP-BYPass-V1
0.0,23.989132,1702662300.0,1702534900.0,20,23.990097,1702472400.0,1702396800.0,24,24.0,1702403500.0,0.0,24,65535,1702713200.0,-1.0,24.002733,0.0,1702210700.0,0.0,24.0,3.3577363,1702595600.0,0.0,24.0,11.546922,1702421000.0,0.0050093024,0,1.0,1702638100.0,0.0,24,0.0,1702430100.0,0.0,24,0.99974585,1702419200.0,0.02287321,Benign,Benign
0.0034363372,24.00523,0.0,0.0,33,24.001625,334577.5,1702932100.0,24,24.0,-1.1920929e-06,105620.03,24,1086,308162.72,-0.99988914,24.001743,8886.713,0.0,0.09847466,24.0,0.0,0.0,0.0,24.0,10483.808,0.0,0.117165595,45,1.0,380049.56,0.1277405,24,0.00042615793,358977.34,0.004858383,24,0.9998496,0.0,0.13353053,Benign,Benign
0.0026814335,0.0,1703023200.0,0.0,20,0.0,1702682800.0,0.0,20,0.0,1702530700.0,1702225900.0,20,85,1702482400.0,-1.0,20.001078,0.0,1702440800.0,0.0106760515,20.0,0.0,1702896000.0,0.0,20.0,0.0,0.0,0.0,0,0.0,0.0,0.007494432,0,1.0,629103.06,0.0,0,0.00022518169,0.0,0.0,Benign,Benign
0.004802498,19.99059,1702580100.0,1702291100.0,48,19.977354,1702873500.0,1702418200.0,20,20.0,1702369300.0,0.0,20,1143,1702857100.0,-1.0,20.002443,0.0,1702950100.0,0.002298695,20.0,0.14510638,1702490800.0,0.0,20.0,0.0,1702490500.0,0.019917471,0,0.0,1702696400.0,0.024384586,20,0.9977615,1702525000.0,0.0043716496,20,0.0,1702364800.0,0.045248423,Benign,Benign-Email-Send
0.0,39.99941,1703023200.0,1702888300.0,30,39.996006,1702646700.0,1702821600.0,40,40.0,1703023200.0,0.0,40,64247,1703009000.0,-0.999975,40.00044,0.0,1702732700.0,0.0,40.0,0.0139104,1702939100.0,0.0,40.0,0.0,1702763600.0,0.0019987423,29,1.0,1702879600.0,0.030265704,40,6.0667233e-05,1703023200.0,0.0,40,1.0,1702767200.0,0.0350693,Attack,Attack-TCP-BYPass-V1
0.0,40.021595,1702444200.0,1703019400.0,22,40.01418,1702757200.0,1702772000.0,40,40.0,1703023200.0,0.0,40,64131,1702894500.0,-1.0,39.996166,6.2635064,1702631700.0,0.0,40.0,5.5797524,1702847600.0,0.0,40.0,0.0,1702895900.0,0.0055430736,26,0.99973834,1702826600.0,0.0,40,8.605348e-05,1702897000.0,0.0,40,1.0,1703023200.0,0.02304146,Attack,Attack-TCP-BYPass-V1
0.0,24.00334,1702456300.0,1702863200.0,20,23.99315,1702629900.0,1702409100.0,24,24.0,1702394100.0,0.0,24,65466,1702552400.0,-1.0,24.004562,24.05693,1702590300.0,0.0,24.0,0.0,1702248600.0,0.06533059,24.0,6.974046,1702291200.0,0.005726748,21,1.0,1702514000.0,0.0,24,0.00016566238,1702750500.0,0.022919405,24,1.0,1702778400.0,0.0,Benign,Benign
2.199296,24.128946,88109.56,0.0,340,32.57362,0.0,0.0,36,36.0,-1.1920929e-06,142692.45,36,28905,0.0,-1.0,37.28435,10.936165,298607.72,1.1669784,36.0,4.6146994,688289.8,11.265788,36.0,18.826036,0.0,0.21508445,299,0.99959743,11985.259,0.3099957,36,0.0,1557696.6,0.008070779,36,0.99870664,158628.2,0.25361124,Benign,Benign-SSH
0.0,0.0,1702616600.0,0.0,20,0.0,1702784000.0,0.0,20,0.0,1702407000.0,1702042400.0,20,117,1702838800.0,-1.0,20.002707,0.0,1702414300.0,0.0,20.0,0.0,1702923900.0,0.0,20.0,8.315975,0.0,0.0,0,0.0,0.0,0.0,0,1.0,760566.9,0.0050046286,0,0.0,0.0,0.0025425218,Benign,Benign
0.0,24.012423,473534.06,1702796400.0,38,23.99889,0.0,1703023200.0,24,24.0,648417.2,1701522800.0,20,1087,0.0,-0.9999419,22.002672,21760.164,0.0,0.07028867,22.0,14781.655,468834.78,7.3495946,20.0,10318.175,1702557800.0,0.0054888884,31,0.5004305,1703023200.0,0.053211458,24,0.49963817,1703011000.0,0.0,24,0.49911427,1702563700.0,0.0,Benign,Benign
0.0,40.008408,1702939500.0,1702989000.0,46,39.992706,1702574200.0,1702852400.0,40,40.0,1703023200.0,0.0,40,64221,1703023200.0,-0.999806,40.005833,0.33721232,1702552000.0,0.009619419,40.0,6.5014663,1703016000.0,0.0,40.0,0.0,1702558500.0,0.009808123,44,0.9997258,1703023200.0,0.0,40,6.88253e-05,1702721500.0,0.0,40,1.0,1703023200.0,0.02760792,Attack,Attack-TCP-BYPass-V1
0.0,23.877195,1702815100.0,1703023200.0,20,31.86482,1702018400.0,1702516000.0,28,28.0,1701979000.0,0.0,28,9089,1702631400.0,-1.0,26.468178,16.416166,1702449200.0,0.007158647,28.0,0.0,1702945900.0,0.0,28.0,0.0,1702234100.0,0.0023796097,0,1.0,1702594400.0,0.010991951,28,0.0011541862,1702682600.0,0.0,28,0.9990132,1702402300.0,0.0150696505,Benign,Benign
0.0,40.116432,0.0,0.0,37,32.69838,0.0,167844.78,36,36.0,-1.1920929e-06,1701802500.0,20,28979,508423.7,-1.0,32.08474,46326.777,682875.56,167.2866,36.0,16879.816,296622.62,27.65117,36.0,0.0,0.0,0.15985473,72,0.007515313,0.0,0.0,36,0.32789716,434084.75,0.0,36,0.6738792,67501.54,0.18707462,Benign,Benign-Telnet
0.0,40.007587,1702406900.0,1702901500.0,20,40.015556,1702759600.0,1702659100.0,40,40.0,1702917400.0,0.0,40,64202,1702964500.0,-1.0,40.007576,22.363197,1702356100.0,0.0017007967,40.0,8.873127,1703023200.0,0.0,40.0,0.0,1702714000.0,0.022712005,24,1.0,1702922000.0,0.0,40,0.00019997465,1702863400.0,0.018210102,40,1.0,1703016300.0,0.0,Attack,Attack-TCP-BYPass-V1
0.0,39.99463,1703023200.0,1702651600.0,30,39.99346,1702426500.0,1702720000.0,40,40.0,1702976900.0,0.0,40,64307,1703023200.0,-1.0,39.992702,0.0,1703023200.0,0.0,40.0,0.0,1702977000.0,0.0,40.0,0.0,1702713100.0,0.0,24,1.0,1702812800.0,0.0087430645,40,0.00020094083,1702658700.0,0.0,40,1.0,1702917200.0,0.009527726,Attack,Attack-TCP-BYPass-V1
0.0009665293,23.995342,0.0,92098.54,114,23.993595,868761.94,0.0,24,24.0,-1.1920929e-06,224180.62,24,1029,11250.777,-1.0,24.003445,7782.9473,0.0,0.17734629,24.0,0.0,208429.72,0.0,24.0,9694.87,0.0,0.15833655,90,0.99963886,211682.39,0.17572482,24,0.00031914067,615889.3,0.00021130127,24,0.99990225,243483.78,0.19018894,Benign,Benign
0.0,32.03956,193988.0,1702718200.0,114,31.840382,0.0,1702571300.0,32,32.0,-1.1920929e-06,0.0,20,1141,0.0,-1.0,29.791164,64258.32,0.0,0.00076034013,32.0,43928.223,196343.9,0.0,32.0,28531.549,1702391200.0,0.0,10,0.668179,1702807300.0,0.062563956,32,0.33297893,1702482300.0,0.03430223,32,0.0,1702588200.0,0.020278474,Benign,Benign
0.0012964485,19.999025,1702546000.0,1702732400.0,20,19.98408,1702597500.0,1702458000.0,20,20.0,1703023200.0,0.0,20,1019,1702790400.0,-1.0,20.000843,0.0,1702429000.0,0.017555939,20.0,1.0311472,1702738800.0,0.0,20.0,1.3470201,1702606200.0,0.0014697724,4,0.99945986,1702782000.0,0.0,20,0.0,1703005400.0,0.009211895,20,1.0,1702473300.0,0.0,Benign,Benign
0.0018793689,40.01496,1702792700.0,1703007600.0,52,39.990395,1702596000.0,1702735500.0,40,40.0,1703023200.0,0.0,40,64215,1702933500.0,-1.0,39.997364,0.0,1702772500.0,0.0,40.0,0.0,1703023200.0,2.9531245,40.0,0.0,1703023200.0,0.010029805,52,0.9998333,1702977700.0,0.006651968,40,0.000121203615,1703023200.0,0.010114659,40,1.0,1703023200.0,0.04729719,Attack,Attack-TCP-BYPass-V1
0.0,39.99765,1702593800.0,1702793100.0,20,39.998497,1702533800.0,1703023200.0,40,40.0,1702801400.0,0.0,40,64268,1703017200.0,-1.0,40.00134,0.0,1702676200.0,0.0,40.0,0.0,1702862100.0,0.6197411,40.0,0.0,1702868100.0,0.0,37,1.0,1703023200.0,0.0040075933,40,0.0,1703023200.0,0.0,40,0.99995005,1702929500.0,0.017680747,Attack,Attack-TCP-BYPass-V1
0.0,23.991985,1702862000.0,1703023200.0,20,23.999502,1702511500.0,1702687200.0,24,24.0,1702805000.0,0.0,24,65419,1702755600.0,-1.0,23.994787,5.9990354,1702496400.0,0.0,24.0,5.963125,1702697500.0,0.0,24.0,1.3087367,1702519600.0,0.0,6,1.0,1702923100.0,0.0,24,0.00012198702,1702664700.0,0.0,24,0.99976176,1702652700.0,0.026523441,Attack,Attack-TCP-Flag-OSYN
0.0031238312,39.78585,1702571100.0,1702861700.0,20,39.79574,1702183700.0,1702409300.0,28,28.0,1702841000.0,0.0,28,169,1702543400.0,-1.0,26.86206,0.0,1702713300.0,0.015840543,28.0,0.0,1703023200.0,0.0,28.0,0.0,1702473100.0,0.0,0,0.9998585,1702758900.0,0.03590867,28,0.00025244468,1702748700.0,0.0,28,0.9990632,1702530000.0,0.0009729333,Benign,Benign
0.0,40.02172,1702724700.0,1702981800.0,20,39.976357,1702586800.0,1702875000.0,40,40.0,1702586900.0,0.0,40,64248,1703023200.0,-0.99998194,39.995308,0.0,1703023200.0,0.0043226923,40.0,3.8610497,1702364300.0,0.0,40.0,0.0,1702566900.0,0.0,44,0.999981,1702837200.0,0.0023349167,40,0.00011910488,1702683000.0,0.009415748,40,1.0,1702900000.0,0.01711607,Attack,Attack-TCP-BYPass-V1
0.0,23.991333,1702963600.0,1702477300.0,20,23.997189,1702970400.0,1702526500.0,24,24.0,1702619600.0,0.0,24,1053,1702694000.0,-1.0,23.99966,0.0,1702873700.0,0.009732833,24.0,0.0,1702510300.0,0.7278033,24.0,2.3620582,1702517400.0,0.010155589,10,0.9998517,1702884600.0,0.020315427,24,0.0004650658,1702645900.0,0.0041073193,24,0.9995083,1702594600.0,0.0,Benign,Benign
0.003829964,20.009666,0.0,1702356600.0,20,19.99675,0.0,1702898800.0,20,20.0,-1.1920929e-06,1702902300.0,20,1088,0.0,-1.0,20.001032,7822.4927,422881.62,0.10766248,20.0,8144.3115,119010.0,3.6413856,20.0,8771.593,1702711600.0,0.014339114,0,0.49982607,1702877800.0,0.13078488,20,0.49990752,1702867500.0,0.0145395445,20,0.5001755,1702664600.0,0.0,Benign,Benign-Web_Browsing_HTTP-S
0.001920678,23.994589,1702898200.0,1702747500.0,62,23.998562,1702843100.0,1702883600.0,24,24.0,1703023200.0,0.0,20,1082,1702832900.0,-1.0,24.002466,0.0,1702598700.0,0.0,24.0,0.0,1702534300.0,2.8098545,24.0,0.0,1702614800.0,0.012000432,10,0.9996285,1702727700.0,0.0,24,0.0,1702601600.0,0.033638373,24,0.99977684,1702528300.0,0.035380468,Benign,Benign
0.0034621279,32.220375,299708.7,1703023200.0,88,31.897562,1702981600.0,1703023200.0,32,32.0,1703023200.0,64081.516,32,65535,0.0,-0.9996279,32.273575,0.0,1702628100.0,0.033977747,32.0,0.29257524,1702475500.0,2.1884847,32.0,0.0,1702820000.0,0.04298534,78,0.99969226,1703023200.0,0.026934804,32,0.00041582732,1703005200.0,0.0,32,1.0,1702942600.0,0.0,Benign,Benign-FTP
0.0,23.99887,1702765600.0,1702970800.0,20,23.990324,1702525000.0,1702644100.0,24,24.0,1702542700.0,0.0,24,1065,1703023200.0,-1.0,23.999477,0.0,1702672500.0,0.0,24.0,0.0,1703023200.0,0.0,24.0,8.099875,1702742000.0,0.0059782406,9,1.0,1702778200.0,0.0,24,0.0,1702762900.0,0.0015037828,24,0.9996552,1702688300.0,0.012601487,Benign,Benign
0.05353364,32.305683,573060.2,0.0,770,20.015953,408035.34,478440.25,56,20.0,-1.1920929e-06,548.3809,20,64138,103860.93,-0.99603933,30.827377,10205.509,0.0,0.090524964,20.0,14805.624,711378.2,11.881345,20.0,2181.083,0.0,0.21971676,309,0.0013553221,537012.5,0.012399479,56,0.9963359,207369.44,0.028034076,20,0.0,0.0,0.043833654,Benign,Benign-Web_Browsing_HTTP-S
0.05303943,24.100035,1703023200.0,1702736400.0,763,19.99872,1702576300.0,31396.287,56,20.0,1702640400.0,0.0,20,64139,1703023200.0,-0.9960571,30.5719,0.0,1702579300.0,0.08263231,20.0,13.866182,1703023200.0,13.1383,20.0,0.0,1702875900.0,0.21691851,303,0.0015318405,1703023200.0,0.0,56,0.99645364,1702803800.0,0.026110744,20,0.0,1702664800.0,0.0,Benign,Benign-Systemic
0.0,20.00401,1703023200.0,1702789200.0,20,19.983986,1702732500.0,1702607200.0,20,20.0,1702665300.0,120697.086,20,963,1702915300.0,-0.99999815,20.0,0.0,1702915800.0,0.0,20.0,1.4599986,1702964000.0,0.0,20.0,6.9371233,1702541600.0,0.0,0,0.99972,1703023200.0,0.0,20,0.0006797728,1702623400.0,0.0,20,0.99984044,1702804200.0,0.0,Benign,Benign
0.055584136,32.33406,0.0,0.0,643,24.12947,0.0,35955.277,44,44.0,-1.1920929e-06,0.0,28,65535,0.0,-0.9998427,41.979927,8689.622,0.0,109.96654,44.0,26.02475,74282.38,24.601051,28.0,22.887068,375980.88,0.1859911,288,0.99959797,32373.9,2.8749664,44,0.0,-9.536743e-07,0.026963321,28,0.9999801,0.0,0.25405872,Benign,Benign-SSH
0.0,19.994202,1703023200.0,1702528000.0,20,20.003439,1703023200.0,1702930600.0,20,20.0,1702579000.0,0.0,20,168,1702687000.0,-1.0,20.0,0.0,1702980500.0,0.0010996877,20.0,0.0,1702890100.0,0.0,20.0,2.3363166,1702293800.0,0.006187419,0,0.0,1703023200.0,0.0,20,0.00077503134,1703023200.0,0.0,20,0.0004608888,1702702000.0,0.012654473,Suspicious,Benign-Web_Browsing_HTTP-S
0.0018224817,23.979267,1702550400.0,1702715000.0,20,23.992348,1702446500.0,1702336900.0,24,24.0,1703023200.0,0.0,24,983,1702565100.0,-1.0,23.996826,10.70838,1702514400.0,0.0,24.0,5.155821,1702758100.0,0.0,24.0,10.316553,1702345000.0,0.010741864,4,0.99958897,1702980500.0,0.0,24,0.00024477643,1702846500.0,0.0,24,1.0,1702802200.0,0.004217003,Suspicious,Attack-TCP-Flag-SYN-TFO
0.0026681186,0.41763237,0.0,1702694700.0,151,32.697243,172382.38,1702796800.0,44,44.0,434438.4,1701623600.0,20,63797,0.0,-1.0,32.47922,20286.14,112261.35,0.116855934,32.0,10594.703,0.0,5.949088,20.0,11623.3,1702901100.0,0.005449831,67,0.49941018,1703023200.0,0.051487345,44,0.5008117,1703023200.0,0.005190369,44,0.5002724,1703023200.0,0.0026136683,Suspicious,Suspicious
0.004748966,23.996365,1703023200.0,1702685000.0,38,23.996614,1702400800.0,1702530000.0,24,24.0,1702481800.0,0.0,24,1082,1703023200.0,-0.99974066,24.00241,0.0,1702501800.0,0.0076829656,24.0,0.0,1703023200.0,0.5777597,24.0,0.0,1702801000.0,0.010240701,25,0.00036230026,1703023200.0,0.0033554786,24,0.0,1702792600.0,0.0,24,0.0,1702466000.0,0.010895675,Benign,Benign
0.0,0.38133875,0.0,0.0,32,39.807957,0.0,138475.06,28,28.0,30540.02,1702321400.0,20,127,0.0,-1.0,25.951199,35434.566,16219.8955,0.033801645,28.0,19058.486,932038.0,0.659663,28.0,27805.38,0.0,0.036226362,59,0.66587377,643948.94,0.0074823014,28,0.33372003,134045.3,0.0,28,0.6653864,0.0,0.0,Benign,Benign
0.0,24.130236,1702280200.0,1703003600.0,20,0.41190442,1702007800.0,1702515800.0,28,28.0,1702390900.0,0.0,28,8943,1703023200.0,-0.99994445,27.682358,0.0,1702730600.0,0.007805328,28.0,0.0,1702851200.0,0.0,28.0,0.5574519,1702158700.0,0.0,0,0.99914163,1702748900.0,0.01324438,28,0.0,1702690800.0,0.009134641,28,0.9997914,1702287500.0,0.0251835,Benign,Benign
0.0008902059,39.982655,0.0,0.0,92,32.68592,0.0,300306.3,36,36.0,-1.1920929e-06,1701725800.0,20,28797,836963.4,-1.0,31.709478,43133.29,516215.34,0.0,36.0,20434.414,379267.1,0.0,36.0,31302.143,0.0,0.0038898268,71,0.6704832,599768.9,0.0,36,0.33197704,-9.536743e-07,0.0,36,0.67382383,0.0,0.0,Benign,Benign-Telnet
0.0049887174,31.96296,327468.78,1702348700.0,23,31.871101,422041.34,1703023200.0,32,32.0,87237.47,1702674400.0,20,64253,0.0,-0.9995643,27.243065,9121.55,0.0,1.372128,26.0,7022.6367,0.0,3.479313,20.0,7250.049,1702624000.0,0.0,13,0.5008976,1703023200.0,7.7224507,32,0.4994942,1703023200.0,0.022003872,32,0.49938998,1702946600.0,0.0,Suspicious,Suspicious
0.0,0.0,1702974000.0,1702819800.0,47,0.02278972,1702771800.0,1702718500.0,20,20.0,1703023200.0,0.0,20,126,1702870500.0,-0.99955887,20.00168,12.424867,1702798600.0,0.0,20.0,22.58129,1702651100.0,0.0,20.0,0.0,1702855400.0,0.011298031,16,0.0,1702797600.0,0.0,0,4.3571763e-05,1702949200.0,0.0,20,0.0,1702853100.0,0.0,Suspicious,Suspicious
0.0012700089,39.984726,1702982800.0,1702881400.0,36,39.995255,1702720100.0,1702910500.0,40,40.0,1703023200.0,85294.19,40,64212,1703023200.0,-1.0,39.998947,0.0,1703023200.0,0.0,40.0,0.0,1703023200.0,1.3888992,40.0,2.979662,1702750600.0,0.0,48,1.0,1702822300.0,0.0,40,0.00039834128,1703023200.0,0.0,40,0.9992481,1702814700.0,0.0,Benign,Attack-TCP-BYPass-V1
0.0,20.00272,0.0,1702492200.0,20,19.98452,187512.92,1702675000.0,20,20.0,138772.11,1701196200.0,20,65535,0.0,-0.9997083,20.0,7793.0703,0.0,0.19422223,20.0,950.4294,111141.125,3.1294765,20.0,3089.6147,1702664600.0,0.004862229,28,0.5010248,1703023200.0,0.22955479,20,0.49963838,1703023200.0,0.0017406436,20,0.49944997,1702749400.0,0.0,Benign,Benign
0.0,20.024246,1702653700.0,1703023200.0,115,19.97808,1702867000.0,1702577700.0,20,20.0,1703023200.0,0.0,20,7301,1702601100.0,-0.99955577,20.004353,0.0,1702660200.0,0.0,20.0,0.0,1702614100.0,0.0,20.0,0.0,1702972700.0,0.04155673,61,0.9984098,1702840700.0,0.0,20,0.0,1703023200.0,0.0,20,0.9997556,1703004800.0,0.0,Attack,Attack-TCP-Flag-OSYNP
0.115934856,0.0,598658.3,0.0,54,0.0,99862.67,415171.78,20,0.0,-1.1920929e-06,0.0,20,12,0.0,-0.9999084,20.00682,32.767075,0.0,110.43081,20.0,23.572117,0.0,0.0,20.0,7.883226,0.0,0.0006598091,6,0.0,0.0,109.70446,0,0.49937856,665707.44,109.26646,0,0.00016935596,127167.85,0.0,Attack,Attack-TCP-SYN
0.0,24.008118,0.0,0.0,67,24.018621,0.0,240792.22,24,24.0,203962.44,209003.47,20,1059,0.0,-1.0,22.662338,46851.875,4030.1445,0.0,24.0,51799.57,360933.56,7.5294375,24.0,27760.94,0.0,0.04552948,38,0.66767496,0.0,0.0,24,0.33358195,-9.536743e-07,0.054777503,24,0.33190313,0.0,0.03441831,Benign,Benign
0.0,0.037415635,278522.28,0.0,96,0.0,0.0,0.0,24,0.0,148573.69,1701525900.0,20,108,133941.36,-0.9995519,21.997126,36828.06,0.0,0.07540491,22.0,44993.74,182779.45,2.7671666,20.0,4.5226207,0.0,0.013238603,40,0.4986675,341230.06,0.06478041,0,0.5009273,-9.536743e-07,0.0,0,0.00045792182,333909.2,0.0010792164,Benign,Benign
0.0,24.002007,1703010700.0,1702633300.0,26,23.999655,0.0,1702669200.0,24,24.0,471903.4,0.0,20,65454,1702731400.0,-1.0,22.667582,103374.74,0.0,0.0,24.0,68808.414,1702830000.0,0.0,24.0,45877.414,1702333800.0,0.026435414,7,0.99987483,1702623900.0,0.0,24,0.33332095,1702526000.0,0.016626274,24,1.0,1702500700.0,0.007185525,Benign,Benign
10.534813,31.290924,0.0,0.0,265,31.929071,0.0,297055.9,32,32.0,-1.1920929e-06,0.0,32,64344,0.0,-0.99925417,32.969078,0.0,0.0,2.2891293,32.0,1.2030131,0.0,46.08807,32.0,0.0,0.0,0.22202364,245,1.0,0.0,0.38053033,32,0.33713344,234024.88,0.06972472,32,1.0,0.0,0.22649394,Benign,Benign-Web_Browsing_HTTP-S
0.0,39.98906,1702477000.0,1702735000.0,20,40.012978,1702294900.0,1702661100.0,40,40.0,1702826000.0,0.0,40,64106,1703023200.0,-0.9998439,40.010345,0.0,1702926200.0,0.0,40.0,0.0,1703023200.0,0.0,40.0,0.0,1702990700.0,0.0,25,1.0,1702837100.0,0.014957038,40,0.0,1702987000.0,0.0,40,0.99989945,1703023200.0,0.023373252,Attack,Attack-TCP-BYPass-V1
0.0,0.07047475,1703023200.0,0.0,20,0.0,1702663000.0,0.0,20,0.0,1702455300.0,1702293900.0,20,74,1702962600.0,-1.0,20.005825,0.0,1702342300.0,0.022744536,20.0,0.0,1702447200.0,0.0,20.0,2.0880015,0.0,0.0,0,0.0,124147.016,0.0,0,0.99872077,219296.03,0.017240811,0,0.0,0.0,0.001449397,Benign,Benign-Telnet
0.0,19.995028,1702818700.0,1702784300.0,20,19.985147,1702680000.0,1702648400.0,20,20.0,1702792300.0,0.0,20,1164,1702285600.0,-0.99985266,20.0,0.0,1702399600.0,0.008501798,20.0,0.0,1702647700.0,0.0,20.0,1.5739226,1702500400.0,0.0055965204,3,0.0,1702688900.0,0.0,20,0.00028247057,1703000800.0,0.011743237,20,0.0,1702834000.0,0.0,Benign,Benign
0.009054292,20.014647,1702980700.0,1702744000.0,61,19.97853,1702695000.0,1702634400.0,20,20.0,1702777600.0,0.0,20,1188,1702947200.0,-0.999804,20.0,0.0,1702753500.0,0.021372372,20.0,0.0,1702517900.0,1.5977815,20.0,0.0,1702624500.0,0.003374298,53,0.00029074601,1702920300.0,0.047393825,20,1.0,1702540900.0,0.0,20,7.931959e-06,1702360600.0,0.011423832,Benign,Benign
0.0032201365,0.0,1703023200.0,0.0,26,0.0050705476,1701843800.0,0.0,32,0.0,1702435200.0,1702650500.0,32,47,1702704300.0,-1.0,30.99933,0.0,1702112000.0,0.0,32.0,0.0,1702644400.0,0.0,32.0,0.0,0.0,0.0,13,0.0006442818,0.0,0.0020154142,0,1.0,-9.536743e-07,0.0,0,0.0,0.0,0.0,Benign,Benign-FTP
0.0055469894,0.0,1702657300.0,576852.0,20,0.0,1702922200.0,0.0,20,0.0,1702658200.0,1702888800.0,20,0,1702730500.0,-0.99980676,20.004854,0.0,1702419100.0,0.0,20.0,0.0,1702587600.0,0.0,20.0,0.0,0.0,0.0,31,0.00012521443,0.0,0.007027931,0,0.99971706,-9.536743e-07,0.0,0,0.0,0.0,0.0,Benign,Benign
0.0015244273,24.045944,1703007500.0,1702870100.0,20,23.98837,1702845400.0,1702303100.0,24,24.0,1702629200.0,0.0,24,65502,1702899800.0,-1.0,24.007286,0.0,1702075600.0,0.0,24.0,5.0890217,1702857500.0,0.4518118,24.0,0.0,1702155100.0,0.011282702,33,1.0,1702977200.0,0.012352047,24,0.0,1702753900.0,0.0,24,0.9995617,1702798100.0,0.0,Suspicious,Suspicious
0.0,0.040331855,1702996700.0,0.0,20,0.0,1702541800.0,254339.77,20,0.0,1702563000.0,1702639500.0,20,86,1702327300.0,-1.0,20.003939,1.2934508,1702263600.0,0.0,20.0,1.9022638,1702510500.0,0.0,20.0,10.006625,0.0,0.012966907,0,0.0,0.0,0.0,0,0.9993813,-9.536743e-07,0.02026521,0,0.0,0.0,0.0,Attack,Benign-Telnet
0.0026923367,31.444656,1702407400.0,1703023200.0,20,31.947086,1702415100.0,1702735900.0,32,32.0,1702178000.0,0.0,32,415,1702455400.0,-1.0,31.469807,20.02739,1702715900.0,0.0,32.0,1.0502497,1702783900.0,0.0,32.0,4.717124,1702564900.0,0.023168849,34,0.0,1702915700.0,0.0,32,1.0,1702675200.0,0.0,32,0.00043472796,1702704100.0,0.0,Benign,Benign-SSH
0.0,31.997677,282457.94,0.0,23,32.103683,123457.8,63463.5,32,32.0,-1.1920929e-06,1702348400.0,20,1095,0.0,-1.0,28.079473,68915.695,228079.2,0.061054166,32.0,12012.527,839532.44,0.05783103,32.0,29680.875,0.0,0.031839512,67,0.66732985,676926.6,0.064635776,32,0.33426312,311458.88,0.007157527,32,0.666155,0.0,0.00926369,Benign,Benign
0.10693512,0.007186133,0.0,203221.16,41,0.040000718,124823.56,0.0,20,0.0,-1.1920929e-06,0.0,20,56,633316.5,-1.0,20.002308,42.50286,148900.72,108.78558,20.0,18.731388,0.0,0.0,20.0,3.0876222,0.0,0.0,4,0.0,0.0,108.72918,0,0.50005394,14117.441,109.433304,0,0.0,182528.7,0.0,Attack,Attack-TCP-Flag-MIX
0.12786838,0.039600074,573952.75,0.0,40,0.08815934,252870.06,41133.777,20,0.0,498856.34,0.0,20,0,68399.01,-0.9998551,20.001507,6.0194464,0.0,109.588356,20.0,18.629152,523523.1,0.0,20.0,0.0019596508,0.0,0.0029824167,7,0.0,0.0,109.63093,0,0.50160015,457635.25,110.7088,0,0.0004734007,0.0,0.012234212,Attack,Attack-Killall-v2
0.0051402464,19.99859,0.0,0.0,89,19.994112,282556.53,1702739600.0,20,20.0,435546.88,202453.47,20,1050,550516.8,-0.9997136,20.00484,69028.36,0.0,0.013047675,20.0,70208.71,138605.52,0.91357046,20.0,29257.188,1702688300.0,0.045099102,48,0.66649884,1199563.5,0.017388973,20,0.33357638,1702627800.0,0.0107589895,20,0.6660759,1702566000.0,0.058183644,Benign,Benign
0.0017114313,40.0045,1702806100.0,1702574800.0,24,39.981388,1702732700.0,1702821000.0,40,40.0,1702805400.0,0.0,40,64318,1702711900.0,-0.9999449,40.008804,14.707779,1702534100.0,0.0,40.0,0.0,1702914800.0,0.0,40.0,2.261912,1702659600.0,0.0,31,0.9998874,1702860500.0,0.0,40,9.9013836e-05,1703023200.0,0.0,40,1.0,1703023200.0,0.018218135,Attack,Attack-TCP-BYPass-V1
0.002662284,0.05554056,1702689300.0,0.0,23,0.022512645,1702737500.0,0.0,32,0.0,1702588200.0,1702137900.0,32,85,1702683300.0,-1.0,30.877728,7.303886,1701943000.0,0.0,32.0,0.0,1702674700.0,0.0,32.0,1.096302,0.0,0.0,0,0.00024674597,0.0,0.037638843,0,1.0,-9.536743e-07,0.0,0,0.0,0.0,0.0,Benign,Benign-FTP
0.0,39.9943,1702858900.0,1702828300.0,20,40.008266,1702620500.0,1702719400.0,40,40.0,1702883600.0,0.0,40,64268,1702554500.0,-1.0,39.997307,0.0,1703023200.0,0.0,40.0,0.0,1703023200.0,0.0,40.0,0.0,1702863200.0,0.0,36,0.9999756,1702884200.0,0.0,40,0.0,1702964500.0,0.0027182167,40,0.99971783,1702597900.0,0.028819695,Attack,Attack-TCP-BYPass-V1
0.00093159947,20.008562,1702802300.0,1702725500.0,20,20.009611,1703023200.0,1702722200.0,20,20.0,1702943500.0,0.0,20,1091,1703023200.0,-1.0,20.0,16.116993,1702761500.0,0.0,20.0,0.0,1702808700.0,0.0,20.0,1.2273883,1702599000.0,0.01918875,18,0.0001841517,1703023200.0,0.0054703658,20,0.00014880553,1703023200.0,0.012136765,20,0.00021265658,1702917200.0,0.006900424,Attack,Attack-Killer-TCP
0.002852881,23.979462,1702698400.0,1703023200.0,38,23.993998,1702885500.0,1703023200.0,24,24.0,1702576600.0,0.0,24,1212,1702937900.0,-0.99964994,24.006855,4.472136,1702991900.0,0.0,24.0,0.0,1702935900.0,0.0,24.0,3.7919118,1702797000.0,0.011011294,17,0.0011921776,1702820000.0,0.004052354,24,0.00019971655,1702729000.0,0.002185416,24,0.000274713,1702753400.0,0.0008516418,Attack,Benign-FTP
0.004963245,23.962265,1702945400.0,1703023200.0,92,19.985682,1703023200.0,1702984700.0,20,20.0,1703023200.0,0.0,20,152,1702971300.0,-0.9994238,20.0,9.880421,1702627500.0,0.0,20.0,22.26354,1702926200.0,1.2104397,20.0,11.575076,1702845700.0,0.021008223,40,0.0,1703023200.0,0.0,24,0.000104058214,1703014500.0,0.0,20,0.0008683239,1703023200.0,0.0030091282,Suspicious,Suspicious
0.0,23.983053,1702809300.0,1702786700.0,20,23.993574,1702584600.0,1702417200.0,24,24.0,1702655400.0,198518.27,24,1100,1702684000.0,-1.0,23.999146,10.088596,1702444700.0,0.0,24.0,0.0,1702833700.0,0.0,24.0,5.1388345,1702616600.0,0.0,0,0.9999207,1702831200.0,0.0,24,0.0,1702632300.0,0.0,24,1.0,1702415500.0,0.018511148,Benign,Benign
0.0,20.021406,0.0,1702561900.0,20,20.002327,160709.9,1702712600.0,20,20.0,-1.1920929e-06,1702419300.0,20,1023,207582.16,-0.9999819,20.0,19287.88,0.0,0.09524801,20.0,7587.54,41569.9,0.97814846,20.0,7646.407,1702726800.0,0.0,16,0.49973094,1702880500.0,0.09411514,20,0.49980208,1702720100.0,0.0,20,0.50036716,1702505900.0,0.0024707192,Benign,Benign
0.00147288,40.009304,1702780700.0,1702931300.0,64,39.973316,1702758100.0,1702894800.0,40,40.0,1703023200.0,0.0,40,64190,1703021700.0,-0.9997955,39.99809,0.0,1702732400.0,0.0,40.0,0.0,1702739000.0,0.0,40.0,0.0,1702750700.0,0.010753249,59,1.0,1702976900.0,0.0,40,0.00014225428,1703023200.0,0.009587684,40,1.0,1703023200.0,0.0,Attack,Attack-TCP-BYPass-V1
0.0003364973,23.99218,0.0,1702997500.0,70,23.972267,0.0,1702793700.0,24,24.0,378559.88,1701474200.0,20,1096,0.0,-0.99965715,22.000553,17672.246,20026.932,0.07878765,22.0,12763.59,0.0,1.7226737,20.0,9671.061,1702587900.0,0.0,21,0.49996263,1703023200.0,0.082462825,24,0.5002465,1702924500.0,0.0,24,0.5000593,1702712800.0,0.0,Benign,Benign
0.0,40.010376,1702725500.0,1702918400.0,20,40.018333,1702579100.0,1702849700.0,40,40.0,1702885600.0,0.0,40,64120,1703023200.0,-1.0,39.99495,8.949474,1703023200.0,0.004130275,40.0,4.382412,1702709500.0,0.0,40.0,0.0,1702969100.0,0.007103978,54,0.9999139,1703023200.0,0.0,40,0.0,1702990100.0,0.006241062,40,1.0,1702938400.0,0.027260777,Attack,Attack-TCP-BYPass-V1
0.0,19.999626,1702677500.0,1702883600.0,20,19.981218,1702838000.0,1702451800.0,20,20.0,1702471300.0,60866.277,20,1086,1703000700.0,-1.0,20.0,0.0,1702416000.0,0.0,20.0,0.0,1702991000.0,0.0,20.0,0.0,1702580500.0,0.0059687323,4,1.0,1703009400.0,0.021729281,20,6.5872584e-05,1702859900.0,0.006539909,20,0.9998349,1702695800.0,0.0,Benign,Benign
13.341723,31.630466,0.0,1702787300.0,74,32.05539,133443.3,1702769200.0,32,32.0,-1.1920929e-06,0.0,32,241,0.0,-0.99995446,34.01765,0.0,82277.82,8.065115,32.0,4.0580254,89751.32,0.29139525,32.0,0.8066853,1702520400.0,0.07035683,90,0.0018130327,1702684200.0,96.636024,32,0.99992186,1702661100.0,0.03090583,32,0.00044379025,1702791800.0,0.1987531,Benign,Benign-Web_Browsing_HTTP-S
0.0,0.016876278,1702731300.0,261982.42,26,0.0,1702591100.0,0.0,20,0.0,1702489300.0,1702239900.0,20,0,1703023200.0,-0.9998693,20.0,10.98642,1702353000.0,0.0,20.0,0.0,1702640000.0,0.0,20.0,5.5756855,0.0,0.0,0,0.0,0.0,0.0,0,0.0,-9.536743e-07,0.0,0,0.00012040855,0.0,0.007688035,Benign,Benign
0.13240643,0.0,0.0,0.0,41,0.07271151,423784.72,0.0,20,0.0,-1.1920929e-06,0.0,20,0,0.0,-1.0,20.0,0.0,0.0,109.7083,20.0,9.267721,13143.473,0.0,20.0,0.0,0.0,0.0016470348,23,0.0,0.0,109.35212,0,0.5002227,1654260.9,110.06329,0,0.0006176544,131035.27,0.0029943718,Suspicious,Suspicious
15.428823,31.26673,0.0,0.0,313,32.01993,0.0,0.0,32,32.0,-1.1920929e-06,288230.06,32,64172,762515.1,-0.9996934,34.904907,0.0,99894.164,211.06003,32.0,0.0,294039.56,48.081867,32.0,0.0,0.0,0.22248659,237,0.99838734,0.0,0.6993268,32,0.33516672,153589.1,0.0,32,1.0,200132.78,0.26188543,Benign,Benign-Web_Browsing_HTTP-S
0.0055414955,20.007868,62449.812,0.0,104,19.977804,183821.88,1055514.1,20,20.0,-1.1920929e-06,70429.03,20,963,0.0,-1.0,20.009304,7259.226,0.0,0.22596525,20.0,2.3315544,239111.8,0.0,20.0,8096.886,0.0,0.18197222,75,0.9994591,256457.61,0.19761762,20,0.0005595723,308808.2,0.0032365534,20,0.999369,209574.52,0.21551551,Benign,Benign
0.0,23.975061,1702544400.0,1702977800.0,20,23.983154,1702848800.0,1702541200.0,24,24.0,1702826200.0,0.0,24,1037,1702762400.0,-1.0,23.994555,0.0,1702372200.0,0.0029082363,24.0,0.0,1702857900.0,0.0,24.0,2.2241044,1702284900.0,0.0029033362,16,0.9995765,1702993900.0,0.0066166106,24,4.057763e-05,1702755700.0,0.0,24,0.9996396,1702608600.0,0.0,Benign,Benign
0.0,32.09795,1702700900.0,1702905600.0,20,31.988693,1702657900.0,1702627700.0,32,32.0,1702712800.0,0.0,32,9346,1702688900.0,-1.0,31.441204,0.0,1703023200.0,0.0,32.0,0.23817836,1702919700.0,0.0,32.0,2.8522956,1702594400.0,0.0,22,0.99981934,1702742800.0,0.042579155,32,0.00048852357,1702579000.0,0.0,32,0.9996625,1702604500.0,0.012755617,Benign,Benign-SSH
0.0025057264,40.030174,1703023200.0,1703023200.0,91,39.99624,1702644700.0,1703023200.0,40,40.0,1703023200.0,0.0,40,64128,1702842800.0,-0.9998713,39.996994,32.940716,1702926100.0,0.07744496,40.0,12.501662,1702760200.0,3.5715063,40.0,3.6482737,1702651900.0,0.030200383,65,1.0,1702827300.0,0.0,40,0.49997807,1703023200.0,0.0,40,0.9994988,1702856800.0,0.0062451805,Attack,Attack-TCP-BYPass-V1
0.003963873,24.011515,124848.59,1702917900.0,101,23.979023,636329.4,1702787100.0,24,24.0,147071.08,1702158700.0,20,65499,0.0,-0.99967074,22.013727,3816.2983,0.0,1.2369914,22.0,3734.851,89387.14,0.6513294,20.0,2534.997,1702876300.0,0.0010927182,24,0.5004813,1703013500.0,8.158558,24,0.5002881,1702829300.0,0.009528312,24,0.5001871,1702758500.0,0.0,Benign,Benign
0.0,40.019753,1703008800.0,1703023200.0,20,39.999256,1702859100.0,1702662300.0,40,40.0,1703023200.0,0.0,40,64193,1702792300.0,-1.0,40.00898,0.0,1702849700.0,0.0,40.0,0.0,1703023200.0,0.0,40.0,3.079871,1702781200.0,0.0,26,0.9999942,1703023200.0,0.0014137737,40,6.9648806e-05,1702964600.0,0.0,40,0.99996305,1703023200.0,0.014784351,Attack,Attack-TCP-BYPass-V1
0.0,24.054771,375774.53,1703023200.0,64,23.970871,305896.7,1703023200.0,24,24.0,-1.1920929e-06,1701033900.0,20,1020,0.0,-0.9998127,21.996174,18506.36,71061.82,0.116523646,22.0,9182.077,584779.75,0.0,20.0,6498.659,1702896300.0,0.012448284,0,0.5000499,1702991500.0,0.062956594,24,0.49977374,1703023200.0,0.0,24,0.50002795,1702528800.0,0.0,Benign,Benign
0.0021321466,31.89536,1702505100.0,1702953000.0,21,31.991304,1702996400.0,1702827100.0,32,32.0,1702419200.0,164473.42,32,251,1702161300.0,-0.9995739,31.877668,0.0,1702498700.0,0.0,32.0,0.0,1702963300.0,1.9714725,32.0,0.34968427,1702320100.0,0.0119430665,18,3.811806e-05,1702614000.0,0.0,32,1.0,1703023200.0,0.012115689,32,0.00025158768,1702950900.0,0.007972437,Benign,Benign-Web_Browsing_HTTP-S
0.13996086,0.0,185480.42,0.0,25,0.049021013,304706.97,1199281.2,20,0.0,285048.28,0.0,20,0,0.0,-0.9999572,20.004513,40.522236,0.0,108.70343,20.0,23.426643,0.0,0.0,20.0,2.878757,0.0,0.0,25,0.0,407075.3,109.18153,0,0.5004674,1307416.4,107.64302,0,0.0,260052.39,0.0,Attack,Attack-TCP-Flag-SYN-ACK
0.0,24.007822,1702788100.0,1702925200.0,20,24.002686,1702594800.0,1702783700.0,24,24.0,1702788700.0,0.0,24,1095,1702717600.0,-0.99995196,24.003998,3.3354547,1702593700.0,0.0,24.0,0.0,1702839300.0,0.0,24.0,4.8845296,1702380800.0,0.0,20,0.9997401,1702737400.0,0.0,24,5.9568247e-05,1702880800.0,0.0,24,0.9997433,1702854500.0,0.0012505305,Benign,Benign
0.007546654,39.78884,1702582500.0,1702962700.0,20,0.35535842,1702238200.0,1702564400.0,28,28.0,1702496400.0,0.0,28,65535,1703023200.0,-1.0,27.99524,0.0,1702553900.0,0.004806876,28.0,0.0,1702747300.0,0.0,28.0,1.0093734,1702376300.0,0.0,0,0.9998246,1702878700.0,0.054298002,28,0.00030192174,1702856000.0,0.013331496,28,0.9993564,1702659800.0,0.0,Benign,Benign-Systemic
0.0013646678,23.985323,0.0,120792.0,28,24.015898,689976.56,135545.53,24,24.0,-1.1920929e-06,87326.35,24,1053,0.0,-0.99976164,24.012865,8274.933,0.0,0.2107779,24.0,0.0,125741.086,0.0,24.0,9890.96,0.0,0.15737152,46,0.99994665,1036066.75,0.19084775,24,0.00046171166,222206.4,0.0,24,0.9996129,699694.25,0.18454525,Benign,Benign
0.0,19.999712,1702990800.0,1702922000.0,20,19.992353,1703023200.0,1702948900.0,20,20.0,1702976400.0,0.0,20,1218,1702690200.0,-1.0,20.0,0.0,1703023200.0,0.008874642,20.0,0.0,1702991600.0,0.0,20.0,4.8551445,1702789800.0,0.0,0,0.0,1702675300.0,0.0,20,0.0,1703023200.0,0.003126512,20,0.0002404317,1702657700.0,0.0198363,Benign,Benign-Web_Browsing_HTTP-S
0.0,19.999239,0.0,1702902100.0,77,19.98706,0.0,1703023200.0,20,20.0,585403.6,1702199300.0,20,1156,11520.54,-0.99980736,20.000896,17208.309,0.0,0.056861095,20.0,9314.563,119987.91,2.3498719,20.0,9132.196,1702775900.0,0.003360034,8,0.49926513,1703023200.0,0.07607799,20,0.50030035,1702668000.0,0.0,24,0.50010484,1702663000.0,0.0118066985,Benign,Benign
0.0,23.99178,1702752600.0,1702984300.0,20,23.984955,1702374500.0,1702758800.0,24,24.0,1702786800.0,0.0,24,65535,1702916400.0,-0.99999577,23.992815,0.0,1702740400.0,0.0024756968,24.0,0.0,1703023200.0,0.0,24.0,8.733873,1702632800.0,0.0,5,0.99987346,1703023200.0,0.024786014,24,0.00072076364,1703001200.0,0.0,24,1.0,1702738400.0,0.0010416696,Attack,Suspicious
0.0,39.971233,1702993900.0,1702906200.0,32,39.96179,1703023200.0,1702813400.0,40,40.0,1703023200.0,0.0,40,64137,1703023200.0,-0.9999896,39.99703,8.917948,1702490900.0,0.0,40.0,0.0,1702946000.0,0.0,40.0,2.0496519,1702729300.0,0.001876517,32,1.0,1703012200.0,0.0035394356,40,0.00019785734,1703023200.0,0.0,40,0.9997863,1702984100.0,0.016557114,Attack,Attack-TCP-BYPass-V1
0.0,20.005365,1702545800.0,1702783400.0,20,19.992525,1702631300.0,1702571100.0,20,20.0,1702848500.0,0.0,20,1115,1703023200.0,-0.99984163,20.0,0.0,1702516900.0,0.0,20.0,0.0,1702650400.0,0.0,20.0,0.0,1702318300.0,0.0,9,0.0,1703023200.0,0.008121906,20,0.00015721117,1703015200.0,0.009705788,20,0.00040768966,1702593400.0,0.018344285,Benign,Benign
0.0,19.999592,1703023200.0,1702807700.0,20,19.978613,1703023200.0,1702970800.0,20,20.0,1702315300.0,0.0,20,0,1703023200.0,-1.0,20.0,0.0,1702938200.0,0.0,20.0,4.1547737,1702773200.0,0.0,20.0,1.1359375,1702434800.0,0.0,17,0.001088609,1702735900.0,0.0,20,0.00069320743,1702911000.0,0.0041646888,20,0.0,1702593900.0,0.0,Attack,Attack-TCP-SYN
0.0,19.983944,1703023200.0,1702700200.0,20,19.997627,1703023200.0,1703023200.0,20,20.0,1702968200.0,0.0,20,132,1703023200.0,-0.9997737,20.0,1.9061557,1702675500.0,0.013506598,20.0,10.009941,1702943700.0,0.0,20.0,0.0,1702663000.0,0.021040997,3,0.0,1702889000.0,0.008400487,20,0.0003586267,1702924900.0,0.008173589,20,0.0002503461,1702661400.0,0.012074717,Suspicious,Suspicious
0.0,19.999943,1702716400.0,1703023200.0,20,19.98913,1703023200.0,1702864500.0,20,20.0,1702655900.0,174537.22,20,1091,1703023200.0,-1.0,20.0,0.0,1702654800.0,0.0,20.0,0.0,1702739200.0,0.0,20.0,0.9039142,1702712200.0,0.0,0,0.0,1702900500.0,0.0,20,0.0,1703023200.0,0.0043329005,20,0.0,1702902800.0,0.0075964816,Benign,Benign
0.0,32.159115,618550.5,1703023200.0,77,32.029804,39004.117,1702880400.0,32,32.0,-1.1920929e-06,1702356400.0,20,90,492710.9,-0.9998478,27.57573,6251.7827,0.0,1.0538236,26.0,7142.7646,0.0,0.0,20.0,20172.072,1702660700.0,0.0074008605,54,0.49997202,1702791200.0,0.06587625,32,0.5008603,1702704800.0,0.003844354,32,0.0011411152,1702667400.0,0.0,Benign,Benign
0.0,20.00817,1703023200.0,1702678000.0,20,20.00732,1702990800.0,1702794900.0,20,20.0,1702836000.0,0.0,20,10,1703023200.0,-1.0,20.0,0.0,1702983600.0,0.007318493,20.0,0.0,1703023200.0,0.823776,20.0,0.7732502,1702723500.0,0.0,24,1.0,1703015800.0,0.0,20,0.0003256955,1703023200.0,0.0,20,0.999783,1702843800.0,0.0,Attack,Attack-TCP-IGMP
0.0,24.009092,1702915300.0,1702604700.0,20,23.995773,1702397200.0,1702467600.0,24,24.0,1702892000.0,0.0,24,65535,1703023200.0,-1.0,23.998774,0.0,1702234600.0,0.0,24.0,0.0,1702696100.0,0.0,24.0,5.056519,1702369000.0,0.007099236,19,0.9999642,1702942300.0,0.0068697142,24,6.733483e-05,1702418700.0,0.0,24,0.9999551,1702663200.0,0.024169594,Benign,Benign
0.0,0.0,1702515500.0,581656.3,20,0.0,1702858900.0,0.0,20,0.0,1702503800.0,1702007600.0,20,76,1703023200.0,-0.99985516,20.0,0.0,1702457900.0,0.0070511885,20.0,0.0,1702775200.0,0.27624252,20.0,2.5715718,0.0,0.005315903,0,0.0,2777.9353,0.01309326,0,0.99866277,635076.7,0.0,0,0.0005068805,31120.697,0.0017483986,Benign,Benign
0.0007599808,40.00515,1702876500.0,1702923000.0,20,39.9891,1702783500.0,1703023200.0,40,40.0,1702929200.0,0.0,40,64214,1702772500.0,-0.9999439,40.005272,0.0,1702572800.0,0.040216252,40.0,0.16395737,1702750300.0,0.0,40.0,0.0,1702714600.0,0.018599223,39,0.99956334,1703023200.0,0.016527593,40,0.00025939156,1702622100.0,0.0,40,1.0,1703023200.0,0.010415687,Attack,Attack-TCP-BYPass-V1
0.0,32.125324,477282.12,1702612100.0,20,31.850153,256543.7,1703023200.0,32,32.0,117789.7,1701365200.0,20,64190,39241.992,-0.99929446,27.008392,11990.424,0.0,0.13544221,26.0,7535.153,448631.94,0.0,20.0,8759.796,1702395900.0,0.0,12,0.50069714,1702875600.0,0.14945853,32,0.5003747,1703023200.0,0.0,32,0.499212,1702677200.0,0.0063699135,Attack,Attack-TCP-Flag-SYN
0.11888346,0.0,289888.2,0.0,35,0.06558206,565036.25,0.0,20,0.0,-1.1920929e-06,0.0,20,14,0.0,-0.999701,20.0,9.5294075,0.0,108.24085,20.0,12.798159,0.0,0.0,20.0,0.0,0.0,0.0,15,0.0,0.0,109.01126,0,0.5004212,674792.9,108.63904,0,0.0,226176.11,0.0,Suspicious,Suspicious
0.0,23.99304,40382.477,1702417900.0,20,23.99147,0.0,1702864600.0,24,24.0,-1.1920929e-06,1701704300.0,20,1108,282028.34,-1.0,21.995508,30878.764,0.0,0.061378613,22.0,13657.192,322434.6,0.0,20.0,9717.063,1702746900.0,0.0,6,0.5007603,1702999900.0,0.059758395,24,0.4998717,1702699100.0,0.0045414944,24,0.4992291,1702610400.0,0.0,Benign,Benign
0.0030636014,32.086563,380935.56,1702940800.0,69,32.03062,208496.52,1702564600.0,32,32.0,304116.22,0.0,20,142,0.0,-0.99975944,30.994453,160099.25,0.0,0.0,32.0,50442.77,597840.4,0.0,32.0,39716.066,1702478200.0,0.023886478,8,0.6682975,1702707100.0,0.0,32,0.33429182,1702706800.0,0.035746,32,0.0,1702668800.0,0.014041806,Benign,Benign-SSH
0.0,40.01507,1702750500.0,1702691700.0,20,39.989483,1702662500.0,1702734600.0,40,40.0,1702841700.0,361614.06,40,64168,1703023200.0,-1.0,39.9971,0.0,1702681900.0,0.01923328,40.0,0.0,1703020500.0,0.0,40.0,0.0,1702787600.0,0.0,37,1.0,1703023200.0,0.050443497,40,0.00083578465,1702833000.0,0.0018779337,40,1.0,1702986500.0,0.005289735,Attack,Attack-TCP-BYPass-V1
0.0,39.990376,1702936600.0,1703009300.0,24,39.987457,1702921700.0,1703007100.0,40,40.0,1702981500.0,0.0,40,64232,1702902800.0,-1.0,39.99253,16.65417,1702493400.0,0.0,40.0,4.29233,1702722200.0,0.0,40.0,1.0801296,1702324500.0,0.0024446275,33,0.9998535,1703014800.0,0.0,40,0.0,1703023200.0,0.0020296548,40,0.99992,1702943400.0,0.0355878,Attack,Attack-TCP-BYPass-V1
0.0,40.039196,1702852900.0,1703023200.0,34,40.00733,1702679900.0,1702969700.0,40,40.0,1703023200.0,0.0,40,64121,1702913300.0,-0.9997868,39.990906,8.192557,1702948700.0,0.0,40.0,0.8360735,1703023200.0,0.0,40.0,0.0,1702551200.0,0.001356039,45,1.0,1702945700.0,0.0,40,0.00021599326,1703014300.0,0.0,40,0.9998675,1702965200.0,0.00258995,Attack,Attack-TCP-BYPass-V1
0.0031646958,19.99677,1702474400.0,1702975100.0,20,19.99407,1702933500.0,1702616800.0,20,20.0,1702906200.0,102835.586,20,1080,1702628000.0,-1.0,20.0,0.0,1702821600.0,0.0,20.0,0.0,1703023200.0,0.0,20.0,1.6096008,1702756400.0,0.0,10,0.0,1702667300.0,0.027738137,20,7.765853e-05,1702885400.0,0.010276354,20,0.9999905,1702602200.0,0.0,Benign,Benign
0.0,23.992882,1702658600.0,1702784600.0,20,23.995962,1702328000.0,1702618200.0,24,24.0,1702694900.0,0.0,24,1060,1702930200.0,-1.0,23.99584,15.051357,1702417300.0,0.004870572,24.0,3.5257492,1702630300.0,0.0,24.0,10.065912,1702318700.0,0.0072455346,0,0.9993213,1702689300.0,0.0,24,0.0002228562,1702847000.0,0.0,24,1.0,1702677200.0,0.017880622,Benign,Benign
0.111298874,0.005258931,298497.1,0.0,36,0.043389153,181306.66,0.0,20,0.0,-1.1920929e-06,0.0,20,72,250731.23,-0.99987537,20.00335,8.570472,190599.64,109.96706,20.0,21.031248,0.0,0.0,20.0,8.469839,0.0,0.004294969,29,0.0,0.0,109.470085,0,0.5001702,302287.4,107.98164,0,0.00020839873,0.0,0.0036974023,Benign,Attack-TCP-Flag-SYN-ACK
0.0,40.02015,1702970200.0,1703023200.0,20,40.00219,1703023200.0,1702698900.0,40,40.0,1703023200.0,0.0,40,64208,1703023200.0,-1.0,40.005096,0.0,1702876400.0,0.0,40.0,0.0,1702696200.0,1.0015086,40.0,1.2789092,1702591600.0,0.0,61,1.0,1703023200.0,0.032478113,40,0.00028472685,1702930000.0,0.0,40,1.0,1702885200.0,0.0,Attack,Attack-TCP-BYPass-V1
0.0,24.005161,418175.4,1702389900.0,20,23.990347,0.0,1703023200.0,24,24.0,353096.78,1701599700.0,20,65535,0.0,-1.0,22.003426,15513.579,0.0,0.05940763,22.0,14059.153,415333.75,1.9222151,20.0,9888.629,1702886900.0,0.0,22,0.5003637,1702997200.0,0.08221147,24,0.50041294,1702872400.0,0.0,24,0.49929172,1702620700.0,0.0,Benign,Benign
0.0014309899,32.283115,1702499300.0,1702803300.0,34,20.111795,1702217900.0,1702470000.0,28,28.0,1702401400.0,0.0,28,270,1702615600.0,-1.0,27.111036,0.0,1702532200.0,0.0088050775,28.0,0.0,1702939800.0,0.0,28.0,0.0,1702453900.0,0.0034141005,18,0.9997213,1702473900.0,0.0,28,0.0007085484,1702419200.0,0.0,28,0.99969846,1702239200.0,0.0,Benign,Benign
0.007238423,20.001312,0.0,0.0,119,20.004883,565951.3,0.0,20,20.0,-1.1920929e-06,91147.48,20,1080,0.0,-0.9998793,20.001717,8010.8237,0.0,0.15064524,20.0,9985.794,0.0,3.7020116,20.0,9365.686,0.0,0.12799627,79,0.66585857,738188.25,0.111467816,20,0.33357397,716210.7,0.0025406699,20,0.6675665,467510.28,0.08052781,Benign,Benign
0.0012620704,0.018705213,144667.3,0.0,20,0.0,0.0,0.0,24,0.0,-1.1920929e-06,0.0,20,171,261686.19,-0.99994487,22.007465,22600.248,0.0,0.020724377,22.0,103805.414,0.0,0.0,20.0,4.3803306,199779.39,0.017824719,29,0.4995003,87364.375,0.046479136,0,0.49995953,623230.44,0.0013996653,0,0.00030739518,0.0,0.0,Benign,Benign
14.121653,20.011911,44033.65,1044134.94,180,19.999914,63685.41,479319.38,20,20.0,-1.1920929e-06,387321.22,20,65256,1352740.2,-0.9988484,20.0,0.0,57254.98,9.43972,20.0,9.846195,64860.355,39.91313,20.0,7.3884664,0.0,0.2172047,83,0.99760664,33320.37,3.313514,20,0.00243309,72715.375,113.30164,20,0.9974566,1032809.06,0.0,Attack,Attack-TCP-Flag-SYN-TFO
0.0,0.08167895,1702956300.0,0.0,20,0.029148173,1702734200.0,0.0,20,0.0,1702463200.0,1703023200.0,20,12,1702447900.0,-0.9999573,20.0,0.0,1702567000.0,0.0,20.0,4.597048,1702663300.0,0.0,20.0,0.0,0.0,0.0,3,0.0,0.0,0.0060927994,0,1.0,352656.72,0.0,0,2.7650525e-08,0.0,0.011382982,Benign,Benign-Web_Browsing_HTTP-S
19.684813,20.112722,0.0,0.0,73,31.793362,0.0,1149422.0,32,32.0,1148381.5,0.0,20,7746,0.0,-0.99965763,30.171429,0.0,608337.44,262.93436,32.0,0.0,624460.6,48.1145,32.0,7.15027,0.0,0.22248942,14,0.009120787,0.0,16.093052,32,0.0046626823,124041.914,113.55549,28,0.32545146,464908.06,130.03809,Suspicious,Suspicious
0.0011141656,32.15443,92665.33,1702792300.0,83,31.948418,0.0,1702994000.0,32,32.0,133801.9,1702646100.0,20,16830,0.0,-0.9997991,26.727934,20336.035,37601.504,0.10287133,26.0,8031.222,163350.44,2.6838877,20.0,7653.3584,1702927200.0,0.020574551,35,0.50010043,1702954900.0,0.14296219,32,0.5003046,1703023200.0,0.02222066,32,2.9130491e-05,1702832400.0,0.014162585,Attack,Attack-TCP-Flag-ACK
0.0,31.869022,1702951300.0,1702795900.0,20,31.928177,1702734200.0,1702622300.0,32,32.0,1702216600.0,24191.865,32,1342,1702169500.0,-1.0,31.689129,0.0,1702680000.0,0.011060115,32.0,0.0,1703023200.0,1.9834462,32.0,3.8050358,1702581100.0,0.0022041274,1,0.00029619472,1702712800.0,0.029766718,24,1.0,1703023200.0,0.019271893,32,0.0,1702833700.0,0.0,Benign,Benign-Systemic
37.116405,32.547203,0.0,0.0,622,24.130371,87559.445,946462.6,44,44.0,-1.1920929e-06,307093.03,28,65305,368112.25,-0.9998881,44.0,0.0,386845.9,186.91931,44.0,0.0,999777.0,48.156387,44.0,13.645238,0.0,0.22249195,326,1.0,127664.23,2.5864446,44,0.0025559075,1354275.0,0.02240446,28,1.0,363627.06,0.26248524,Benign,Benign-SSH
0.0012312322,24.021132,115891.85,1702365800.0,37,23.941734,1085825.8,1702915000.0,24,24.0,271488.28,1699642400.0,20,1092,0.0,-1.0,22.028252,12215.917,147300.2,0.20251077,22.0,4743.006,727758.4,7.1903505,20.0,4400.59,1702263200.0,0.0,68,0.500124,1702923800.0,0.18090807,24,0.49982232,1703023200.0,0.0,24,0.50021094,1702662700.0,0.0,Benign,Benign
0.0011886859,40.041626,1702849500.0,1702965000.0,65,40.00475,1702684000.0,1702799200.0,40,40.0,1703023200.0,32632.37,40,64249,1702893300.0,-0.9999852,39.999275,0.0,1703023200.0,0.0,40.0,0.0,1703023200.0,0.0,40.0,0.0,1702925800.0,0.010891072,69,0.9998718,1703023200.0,0.0,40,0.0,1703023200.0,0.0,40,1.0,1702992000.0,0.019855345,Attack,Attack-TCP-BYPass-V1
0.0013694699,20.000301,0.0,1702936700.0,76,19.99839,129841.64,1702755600.0,20,20.0,374031.0,1701835500.0,20,1121,64886.41,-0.9998644,20.0,90116.28,0.0,0.050342068,20.0,94407.15,324373.9,2.6408248,20.0,10855.446,1702785300.0,0.0073038577,20,0.4990817,1702686600.0,0.031193517,20,0.5003495,1702761900.0,0.0,20,0.50085527,1702761200.0,0.0,Benign,Benign
0.0021849992,0.0,1702841900.0,0.0,20,0.0,1703023200.0,0.0,20,0.0,1703023200.0,1701903400.0,20,249,1703023200.0,-1.0,20.000988,9.978601,1702870400.0,0.0442031,20.0,16.018362,1702670100.0,0.0,20.0,9.138807,0.0,0.0,0,2.427697e-05,16413.824,0.024303965,0,1.0,340302.72,0.0,0,0.0,0.0,0.0,Benign,Benign
0.0,0.38560867,0.0,1702904700.0,47,31.739733,0.0,1702596600.0,28,28.0,-1.1920929e-06,0.0,20,9211,119854.46,-0.9999921,28.203196,41693.17,452319.34,0.028239645,28.0,70179.54,557448.56,0.0,28.0,25804.248,1702707600.0,0.019909445,43,0.6669606,1702751700.0,0.049781844,28,0.33346903,1702652000.0,0.035488177,28,0.33165294,1702355800.0,0.0012581622,Benign,Benign
0.0074572447,20.017546,0.0,1702490500.0,61,19.984756,0.0,1702812800.0,20,20.0,-1.1920929e-06,1702144500.0,20,1034,0.0,-1.0,20.005707,16131.319,328919.66,6.263931,20.0,5866.858,0.0,0.0,20.0,5931.396,1702982300.0,0.023616107,0,0.00015355476,1702759800.0,0.012601477,20,0.49964684,1702803600.0,0.008605575,20,0.0,1702693500.0,0.0,Benign,Benign-Web_Browsing_HTTP-S
0.0,40.01476,1702809500.0,1703023200.0,20,40.000942,1702724100.0,1703023200.0,40,40.0,1702879100.0,0.0,40,64204,1703023200.0,-0.9999381,40.00012,0.0,1703023200.0,0.01746582,40.0,0.0,1702771600.0,0.0,40.0,0.0,1702748300.0,0.0042126845,44,0.99980915,1703023200.0,0.007935103,40,0.0,1703000600.0,0.0,40,1.0,1702932500.0,0.0293498,Attack,Attack-TCP-BYPass-V1
0.0,40.015625,1702772200.0,1702825700.0,20,40.000225,1702707600.0,1702745600.0,40,40.0,1702889300.0,0.0,40,64222,1702997800.0,-1.0,40.002285,10.184792,1702721000.0,0.0,40.0,0.0,1702948500.0,0.0,40.0,0.0,1702565200.0,0.0,46,0.9997974,1702959100.0,0.0046514873,40,0.0,1702712200.0,0.0,40,1.0,1702969000.0,0.0040275184,Attack,Attack-TCP-BYPass-V1
0.1707513,19.983418,299961.5,1702694100.0,115,19.999243,51876.613,1335081.1,20,20.0,-1.1920929e-06,54827.58,20,45,618941.5,-1.0,20.0,49.402233,306798.34,109.24042,20.0,5.346125,236033.08,3.0786147,20.0,15.39565,1702700200.0,0.01067575,52,0.5002677,1702733000.0,82.420006,20,0.00030699387,1702838100.0,109.038185,20,0.4984832,1703023200.0,0.0,Attack,Attack-TCP-Flag-SYN-TIME
0.0012556845,20.012337,1702863600.0,1702816100.0,20,20.010885,1702745500.0,1702992500.0,20,20.0,1702696400.0,0.0,20,58,1703023200.0,-0.99985224,20.007042,19.761566,1703023200.0,8.345445e-05,20.0,14.4137535,1702838500.0,0.0,20.0,5.6988206,1702900600.0,0.0,42,0.00044864754,1702941400.0,0.02601294,20,0.000922899,1703023200.0,0.021769835,20,0.0,1702820400.0,0.0,Attack,Attack-TCP-Flag-SYN
22.477491,31.26585,0.0,0.0,629,24.126461,0.0,845139.4,36,32.0,-1.1920929e-06,312215.34,36,29296,961743.06,-0.9993245,38.60554,0.0,154322.34,59.530647,36.0,0.0,0.0,48.156162,36.0,11.754689,0.0,0.22249195,321,1.0,0.0,0.0,36,0.0045098667,1867833.0,0.0520201,36,0.9999672,882301.75,0.26249325,Benign,Benign-SSH
0.13128944,0.0,388738.34,0.0,20,0.08823021,168586.44,0.0,20,0.0,-1.1920929e-06,95782.75,20,96,0.0,-0.99994993,20.002132,0.13161302,18698.623,111.64055,20.0,17.891975,0.0,0.57250357,20.0,4.3248386,0.0,0.019722495,50,0.0,520378.84,111.108246,0,0.5000183,993231.25,109.246284,0,0.0005663047,911260.6,0.0,Attack,Attack-TCP-Control
0.0,19.998833,1702512000.0,1702935900.0,61,19.9992,1702590000.0,1702646500.0,20,20.0,1702657200.0,68517.64,20,1120,1702735100.0,-0.9999564,20.0,0.0,1702438100.0,0.005777675,20.0,0.0,1702738200.0,0.0,20.0,0.0,1702408100.0,0.00428279,14,0.99912816,1702506100.0,0.038638327,20,0.0,1702721700.0,0.0015343743,20,0.99975675,1702683800.0,0.0023427026,Benign,Benign
0.0030882524,0.0,1702513800.0,1042612.06,20,0.0,1702648600.0,0.0,20,0.0,1702155100.0,1702562400.0,20,17,1702625900.0,-0.99982285,20.0,0.0,1702997500.0,0.0,20.0,0.0,1702346000.0,0.0,20.0,0.0,0.0,0.0,0,0.0,555190.94,0.0,0,0.00019230803,-9.536743e-07,0.007382998,0,0.00031223064,101131.0,0.018650968,Benign,Benign
0.0041868677,0.03647277,1702790300.0,0.0,54,0.018782796,1703023200.0,0.0,20,0.0,1702701200.0,1702351200.0,20,30,1702630000.0,-1.0,20.006374,8.294073,1702380300.0,0.0001605498,20.0,0.0,1702445600.0,0.0,20.0,10.397951,0.0,0.0,3,0.0,26407.566,0.009788468,0,0.50068563,34595.047,109.68717,0,0.0002369731,0.0,0.0,Attack,Benign
0.0,23.981604,1702795400.0,1702835500.0,20,23.996592,1702327000.0,1702636500.0,24,24.0,1702536200.0,0.0,24,1068,1702894200.0,-1.0,23.990305,7.5678105,1702280700.0,0.0,24.0,0.0,1702321900.0,0.0,24.0,10.962419,1702657200.0,0.0,13,0.99992305,1702617500.0,0.0,24,0.0,1702916200.0,0.0,24,0.99967414,1702681600.0,0.0,Benign,Benign
0.0013371273,24.000017,180693.7,1702782000.0,55,23.97902,647866.4,1702953900.0,24,24.0,-1.1920929e-06,1702249200.0,20,1116,360472.9,-0.9997911,21.99334,2647.7935,0.0,1.3506179,22.0,906.0807,713574.56,0.0,20.0,1184.545,1702758500.0,0.009148946,18,0.49991354,1703023200.0,0.8827283,24,0.5000269,1702992800.0,0.0,24,0.5004795,1702734600.0,0.0,Benign,Benign
0.0035976933,23.988728,1702435500.0,1702745600.0,20,23.988169,1702446000.0,1702507500.0,24,24.0,1702883300.0,2977.175,24,1069,1703023200.0,-1.0,24.001175,12.758828,1702493300.0,0.004503632,24.0,0.0,1702559000.0,1.8120817,24.0,0.0,1702663400.0,0.0015618987,28,0.9997488,1702643200.0,0.01781649,24,0.00015118692,1702938600.0,0.0,24,1.0,1702773100.0,0.0055477964,Benign,Benign
0.0,0.0,1702912800.0,522665.1,29,0.0,1703023200.0,67995.83,20,0.0,1702627500.0,1702218000.0,20,93,1702754200.0,-0.9997665,20.0,21.096464,1702523600.0,0.0023640487,20.0,0.0,1702708000.0,1.4189138,20.0,4.822995,0.0,0.0,5,0.00015652407,203054.8,0.00026144888,0,1.0,303040.4,9.1347225e-05,0,0.0,0.0,0.007959863,Benign,Benign
11.966444,31.925312,0.0,87597.54,165,32.0399,0.0,427986.97,32,32.0,-1.1920929e-06,0.0,32,64220,974987.75,-0.99952394,31.534903,16.116903,392365.78,11.455865,32.0,0.0,817327.25,46.058678,32.0,8.883829,0.0,0.22170697,192,1.0,157628.22,1.5901297,32,0.0026546316,1002601.94,0.07802583,32,1.0,0.0,0.22781,Benign,Benign-Web_Browsing_HTTP-S
0.0,40.005978,1702951000.0,1702658700.0,54,39.96976,1702946200.0,1702696100.0,40,40.0,1702861600.0,148298.12,40,64253,1702814200.0,-0.9998519,39.999138,9.627777,1702992900.0,0.0,40.0,0.0,1703023200.0,0.0,40.0,0.0,1702761300.0,0.015792016,51,1.0,1702857900.0,0.0,40,0.0,1703023200.0,0.0010653071,40,1.0,1702756000.0,0.018134972,Attack,Attack-TCP-BYPass-V1
0.00032913676,39.977634,1702838700.0,1702686000.0,31,39.99428,1702746100.0,1703023200.0,40,40.0,1703000300.0,0.0,40,64192,1703023200.0,-1.0,39.98702,15.277669,1702877200.0,0.0,40.0,2.8744736,1702929500.0,0.0,40.0,0.0,1702742100.0,0.009789414,51,1.0,1702796900.0,0.0,40,0.0003248679,1702852000.0,0.0,40,1.0,1702840300.0,0.011403111,Attack,Attack-TCP-BYPass-V1
1.3440508e-05,31.686014,431476.16,1703023200.0,84,32.07985,0.0,1702798700.0,32,32.0,272054.25,0.0,20,65535,60900.824,-0.9996334,29.073143,43783.38,210832.62,0.03638769,32.0,48428.137,1024033.9,0.0,32.0,30042.588,1702976800.0,0.03120676,28,0.66784596,1703023200.0,0.029989732,32,0.33334562,1702808700.0,0.02198462,32,0.33286327,1702682900.0,0.0,Benign,Benign-Systemic
0.0,19.998753,1702913700.0,1702683100.0,20,19.99782,1702719600.0,1702631000.0,20,20.0,1702370600.0,0.0,20,1183,1702686100.0,-1.0,20.0,0.0,1702564700.0,0.0,20.0,0.0,1703023200.0,0.0,20.0,0.0,1702536200.0,0.0,0,0.0001472547,1702884400.0,0.015691414,20,0.00064143346,1702712300.0,0.013122251,20,0.0,1702733000.0,0.013609879,Benign,Benign
0.10060266,20.008936,437501.44,1702520400.0,69,19.973017,616140.8,1702767000.0,20,20.0,-1.1920929e-06,0.0,20,1054,444619.34,-1.0,20.0,32.61928,79634.28,77.76441,20.0,10.613658,0.0,1.2080711,20.0,19.139648,1702807900.0,0.02487608,43,0.50048596,1703023200.0,0.84774286,20,0.5005933,1702955900.0,0.01723186,20,0.49962845,1703023200.0,0.0,Attack,Attack-Killall-v2
9.254855,19.934374,320578.97,1702959400.0,65,19.999598,20875.416,1703023200.0,28,20.0,71464.88,165122.19,20,7780,641581.6,-0.99913824,20.0,40.961327,0.0,97.57834,20.0,14.936623,0.0,15.7655735,20.0,5.0595803,1702793900.0,0.11629847,0,0.9977532,1702810100.0,44.36481,20,0.0,1702831400.0,114.23874,20,0.0,1703023200.0,0.0,Attack,Attack-TCP-Flag-SYN-TFO
9.921661,0.41124055,0.0,1702697000.0,60,0.24369723,0.0,1702721400.0,44,44.0,-1.1920929e-06,1702283500.0,20,63937,375857.38,-0.9998473,33.72437,29.717617,0.0,7.220132,32.0,11468.23,0.0,10.903724,20.0,0.0,1702676100.0,0.026057946,69,0.49968004,1702627200.0,3.823486,44,0.49718216,1702966900.0,0.0,44,0.5007334,1702699100.0,0.0,Suspicious,Suspicious
0.10997633,0.027190449,634825.56,0.0,20,0.10235589,506922.7,486422.0,20,0.0,-1.1920929e-06,0.0,20,0,0.0,-1.0,20.008785,9.271248,82047.87,109.6913,20.0,12.358233,0.0,0.0,20.0,2.9710233,0.0,0.0,0,0.0,0.0,110.11325,0,0.50038224,387614.97,108.814705,0,0.0,0.0,0.0,Attack,Attack-TCP-Flag-ACK-PSH
0.0,40.017536,399277.7,1702717000.0,45,39.940582,216404.92,1702948000.0,40,40.0,-1.1920929e-06,1701140700.0,20,64172,698166.2,-0.99968743,30.023703,16593.242,0.0,0.9209657,30.0,6201.863,709009.56,1.5101597,20.0,3750.402,1702863900.0,0.02776692,56,0.50046283,1703023200.0,0.0,40,0.49990833,1703023200.0,0.0,40,0.5004586,1703007400.0,0.017276028,Attack,Attack-TCP-BYPass-V1
0.0,32.01854,239142.86,1702655700.0,20,31.910576,153712.98,1702774400.0,32,32.0,917450.06,1701452200.0,20,65535,0.0,-0.99954677,26.650719,19536.658,0.0,0.08062445,26.0,10669.277,764753.6,3.0070622,20.0,11172.143,1702966400.0,0.0,8,0.5009438,1702918000.0,0.09164517,32,0.5006325,1702968000.0,0.0050119907,32,0.49939787,1702471600.0,0.002722862,Attack,Benign-Systemic
0.0030969824,19.99919,0.0,0.0,20,19.988962,460733.8,0.0,20,20.0,-1.1920929e-06,52814.324,20,1031,0.0,-1.0,20.006147,7214.411,0.0,0.22796878,20.0,0.0,190099.53,0.0,20.0,8106.339,0.0,0.18400057,78,1.0,651784.1,0.23008177,20,0.00066884985,633241.94,0.010666218,20,0.99908763,0.0,0.22213133,Benign,Benign
0.0039768764,40.005333,1702810000.0,1702799400.0,65,39.996735,1702977800.0,1702931500.0,40,40.0,1703023200.0,0.0,40,64140,1703023200.0,-0.99986905,39.999725,0.0,1703023200.0,0.0,40.0,0.0,1703023200.0,0.0,40.0,0.0,1702753300.0,0.018014751,51,1.0,1702981000.0,0.0,40,0.0,1703023200.0,0.0136402855,40,0.999723,1703023200.0,0.005947866,Attack,Attack-TCP-BYPass-V1
0.0,0.052498266,33073.47,10866.363,46,0.04552399,324510.8,0.0,24,0.0,249740.98,0.0,20,41,68016.93,-1.0,21.998503,39817.54,0.0,0.03366422,22.0,103442.97,0.0,0.0,20.0,3.80956,0.0,0.0,0,0.49892706,0.0,0.018442044,0,0.500103,-9.536743e-07,0.04856406,0,6.2958665e-05,369492.78,0.0,Benign,Benign
0.004889349,40.00782,0.0,1702728400.0,114,39.97231,0.0,1702914700.0,40,40.0,1283452.8,1702077400.0,20,64320,547384.25,-0.99990886,30.071495,20186.691,647690.6,0.08047104,40.0,11741.131,342048.6,2.016921,40.0,8772.335,1702879600.0,0.037281536,48,0.5000897,1703023200.0,0.0,40,0.49941897,1703016800.0,0.019078815,40,0.33435944,1703023200.0,0.0016997617,Attack,Attack-TCP-BYPass-V1
17.212841,31.779459,0.0,0.0,327,31.948942,0.0,941125.44,32,32.0,-1.1920929e-06,27910.357,20,116,0.0,-0.9994863,30.246489,0.0,57153.824,205.58987,32.0,0.0,1013057.9,48.13914,32.0,0.0,0.0,0.22249134,233,0.9982888,0.0,0.6633627,32,0.001140465,1467886.1,108.782555,32,0.33743826,391074.8,0.26183185,Suspicious,Benign-Systemic
0.00033580317,0.056226246,433045.6,0.0,42,0.0,165316.11,557306.2,24,0.0,-1.1920929e-06,0.0,20,0,383323.53,-1.0,22.007652,73466.42,0.0,0.055627447,22.0,52543.594,0.0,0.0,20.0,0.0,0.0,0.0045743114,9,0.49941596,221554.81,0.035124764,0,0.50059676,-9.536743e-07,0.03751058,0,0.00016055748,0.0,0.011512927,Benign,Benign
0.0009215362,20.008255,1702797700.0,1702649700.0,20,19.997732,1702857300.0,1702794200.0,20,20.0,1702812200.0,0.0,20,1189,1702945000.0,-1.0,20.0,17.783037,1702867600.0,0.0,20.0,0.0,1702986200.0,0.0,20.0,8.130629,1702394000.0,0.0,13,0.0,1702678000.0,0.0,20,0.00023985938,1703023200.0,0.0,20,0.0,1702527400.0,0.0,Benign,Benign-Systemic
0.0,39.989628,1702995800.0,1703023200.0,41,40.016254,1702838100.0,1702730000.0,40,40.0,1703023200.0,0.0,40,64199,1702960500.0,-1.0,39.997944,6.4882445,1703012400.0,0.0,40.0,5.2434235,1703023200.0,0.0,40.0,0.0,1702983800.0,0.0,35,1.0,1702742400.0,0.0,40,7.1347094e-05,1703020800.0,0.0,40,0.99980146,1702731000.0,0.025972903,Attack,Attack-TCP-BYPass-V1
0.0029416853,0.0,1702345500.0,778775.0,25,0.014854602,1702799000.0,573041.8,20,0.0,1702590800.0,1701856400.0,20,103,1702905600.0,-0.9997825,20.002085,0.0,1702314100.0,0.0,20.0,13.286458,1702818000.0,0.0,20.0,1.9399267,0.0,0.0,0,0.0,0.0,0.0,0,0.9989211,178004.58,0.0,0,0.0,0.0,0.017036842,Benign,Benign-Web_Browsing_HTTP-S
0.0005630374,39.783546,1702602500.0,1702709400.0,20,24.126879,1702278300.0,1702584000.0,28,28.0,1702469200.0,215675.36,28,65535,1702783400.0,-1.0,26.826347,0.0,1702244100.0,0.015594681,28.0,0.0,1702964600.0,0.51054275,28.0,0.0,1702156500.0,0.0,2,0.9996365,1702411300.0,0.0,28,0.0007375162,1702526600.0,0.0,28,0.9998034,1702399100.0,0.0,Benign,Benign-SSH
0.0,31.937328,1702847200.0,1702782700.0,30,31.936817,1702535600.0,1703023200.0,32,32.0,1702474100.0,0.0,32,286,1702750300.0,-0.9997434,31.254066,11.895016,1702775000.0,0.025188887,32.0,3.026885,1703023200.0,1.4258409,32.0,0.0,1702841500.0,0.033395227,55,0.0,1702505100.0,0.007898189,32,0.99940556,1703023200.0,0.0066455146,32,0.0012224297,1702457200.0,0.0,Benign,Benign-Systemic
0.00020621694,31.945086,647613.6,1702846100.0,30,31.666796,92218.77,1703023200.0,32,32.0,938604.44,1700941000.0,20,65535,0.0,-0.9994584,27.172768,17512.008,0.0,0.035546493,26.0,9755.291,792939.4,0.0,20.0,10770.625,1702911000.0,0.0,60,0.49977735,1703023200.0,0.10631971,32,0.50060683,1703023200.0,0.0,32,0.499345,1702945400.0,0.016073257,Suspicious,Suspicious
23.869028,31.350035,0.0,0.0,396,31.403526,271439.3,564018.75,28,32.0,-1.1920929e-06,0.0,28,7762,101631.88,-0.99997365,30.617516,0.0,361315.38,3.036474,28.0,0.30867544,0.0,45.46989,28.0,0.0,0.0,0.22111729,275,1.0,0.0,1.3829857,44,0.0,-9.536743e-07,0.0,28,1.0,0.0,0.26241267,Benign,Benign-Systemic
0.0,23.983532,1702676700.0,1702886700.0,20,23.984884,1702741000.0,1702589200.0,24,24.0,1702800000.0,0.0,24,65415,1702716000.0,-1.0,23.997839,0.0,1702374900.0,0.0,24.0,5.4686565,1702689800.0,0.0,24.0,10.23058,1702674200.0,0.0053912117,18,1.0,1702800900.0,0.005433133,24,0.0,1702657800.0,0.0,24,0.99972683,1702650600.0,0.0,Attack,Attack-TCP-Flag-MIX
0.0,20.002117,1702645800.0,1702570100.0,20,19.989183,1702995500.0,1702516000.0,20,20.0,1702298000.0,68576.79,20,1101,1702620400.0,-1.0,20.0,0.19883072,1701924500.0,0.004825876,20.0,0.0,1703023200.0,0.0,20.0,4.8753643,1702624400.0,0.0,0,0.99915045,1702907500.0,0.0037651954,20,0.0,1702845000.0,0.006639276,20,1.0,1702543000.0,0.0021761456,Benign,Benign
0.0,23.991888,606792.6,1703014000.0,20,23.994133,708776.75,1703023200.0,24,24.0,376635.8,1702247400.0,20,65535,0.0,-1.0,22.010698,19091.672,123976.35,0.07547997,22.0,12280.712,343026.97,2.1861684,20.0,10635.842,1702880100.0,0.0018037912,27,0.5007325,1703023200.0,0.059855886,24,0.5001642,1702813600.0,0.0030018166,24,0.4996634,1702845200.0,0.009866113,Benign,Benign
0.0,19.998432,0.0,1702899600.0,55,19.996487,219879.08,1702853500.0,20,20.0,603657.6,0.0,20,1052,0.0,-1.0,20.0,63821.793,0.0,0.05350772,20.0,38876.727,0.0,0.0,20.0,33732.637,1702581400.0,0.025744349,15,0.66731185,1702781700.0,0.10125863,20,0.33327064,1702915100.0,0.056650765,20,0.33293027,1702886800.0,0.0,Benign,Benign
0.0,20.112745,1702476400.0,1702777100.0,27,20.112364,1702111600.0,1702550800.0,28,28.0,1702694700.0,0.0,28,9666,1702897500.0,-1.0,27.344912,0.0,1702636500.0,0.0,28.0,0.0,1703023200.0,0.0,28.0,5.1771555,1702350000.0,0.0,19,0.99973685,1702713200.0,0.0,28,0.0,1702865500.0,0.018863628,28,0.9997816,1702322400.0,0.0014651024,Benign,Benign
0.003905666,39.783524,0.0,1702780300.0,102,20.109226,0.0,1703023200.0,28,28.0,-1.1920929e-06,1702704800.0,20,8507,0.0,-1.0,24.003561,5573.35,0.0,0.14775804,24.0,6247.159,529085.7,6.449503,20.0,6807.243,1702622800.0,0.018063089,19,0.49840257,1702905200.0,0.048789717,28,0.50000775,1703023200.0,0.0,28,0.5011733,1703023200.0,0.0,Benign,Benign
0.0,23.989912,1702477400.0,1702839400.0,20,23.993849,1702387600.0,1702730900.0,24,24.0,1702953900.0,0.0,24,65535,1702929700.0,-1.0,23.99517,0.0,1702618600.0,0.0038958425,24.0,0.0,1702729900.0,0.852978,24.0,2.4809895,1702890800.0,0.0022766287,12,0.9997033,1702593500.0,0.044602588,24,3.9393668e-05,1703023200.0,0.014107235,24,0.99947244,1702424000.0,0.010962435,Benign,Benign
0.0039756303,31.886524,0.0,0.0,115,32.018337,169217.98,1409559.9,32,32.0,-1.1920929e-06,0.0,32,241,0.0,-0.99955875,31.726131,9714.949,0.0,0.10848744,32.0,0.0,0.0,1.0489242,32.0,9726.194,0.0,0.1236184,98,0.00061447197,124009.59,0.12810478,32,1.0,-9.536743e-07,0.0,32,0.0,0.0,0.13052803,Benign,Benign-Web_Browsing_HTTP-S
0.0,23.97483,1702894200.0,1703023200.0,20,23.999063,1702968000.0,1702861000.0,24,24.0,1703023200.0,0.0,24,1027,1703023200.0,-0.99995124,23.989944,11.169716,1702784500.0,0.0,24.0,1.8942744,1703023200.0,0.0,24.0,7.308804,1702761300.0,0.012328787,10,0.99965143,1702888800.0,0.0,24,0.00026910473,1703023200.0,0.0068577547,24,0.9997339,1703022100.0,0.022514043,Suspicious,Suspicious
0.0,24.017527,0.0,0.0,110,24.012823,0.0,0.0,24,24.0,648681.4,1702100600.0,20,1206,0.0,-1.0,22.670364,31538.822,0.0,0.0,24.0,16589.23,935225.9,5.6144576,24.0,25827.045,0.0,0.033503246,54,0.6664068,275389.38,0.009114855,24,0.33325872,-9.536743e-07,0.007850973,24,0.6656543,0.0,0.023010533,Benign,Benign
0.005825409,20.00307,1702535700.0,1702660700.0,67,19.987602,1702958100.0,1702856200.0,20,20.0,1702337700.0,0.0,20,959,1702929200.0,-0.99979967,20.003695,21.049608,1702875900.0,0.0,20.0,5.5102615,1702924700.0,0.0,20.0,3.3168705,1702667100.0,0.0,28,0.0,1702608300.0,0.0,20,0.99808455,1703023200.0,0.0,20,0.0,1702398800.0,0.0,Benign,Benign-Web_Browsing_HTTP-S
8.014451,24.111675,0.0,0.0,259,32.61499,0.0,0.0,44,44.0,-1.1920929e-06,0.0,44,63740,448042.34,-1.0,44.0,18.705828,49785.008,205.48398,44.0,0.0,0.0,48.12065,44.0,6.044254,0.0,0.22248432,279,1.0,473418.16,4.7996926,44,0.0,-9.536743e-07,0.0,44,1.0,0.0,113.92397,Benign,Benign
0.0,24.025116,225988.22,1702924000.0,74,23.979616,281852.62,1702908200.0,24,24.0,567712.44,1700603100.0,20,65535,0.0,-0.99958265,21.994495,17983.39,0.0,0.14420065,22.0,9592.906,0.0,3.1170495,20.0,9307.676,1702477400.0,0.018661983,33,0.49937335,1703023200.0,0.10412609,24,0.5005592,1703023200.0,0.0,24,0.50010484,1702973000.0,0.0036891077,Benign,Benign
0.0046204086,24.002434,157499.22,1703023200.0,44,23.993988,0.0,1702894600.0,24,24.0,886727.0,1701941800.0,20,6352,0.0,-0.99978995,23.99318,19380.516,0.0,0.09872876,24.0,8981.652,505180.72,1.9399767,20.0,6544.346,1703023200.0,0.052285556,37,0.5001033,1703023200.0,0.087496646,24,0.50001574,1703023200.0,0.0,24,0.5005517,1702740500.0,0.00038009675,Suspicious,Suspicious
0.0,19.983515,1702680200.0,1702857000.0,20,19.997578,1702687200.0,1702890200.0,20,20.0,1703023200.0,0.0,20,7195,1703023200.0,-1.0,20.0,0.0,1702633000.0,0.0,20.0,4.9207115,1702856400.0,0.0,20.0,0.0,1702827500.0,0.0,8,0.9993886,1702976500.0,0.026894385,20,0.00011508164,1702953500.0,0.0,20,1.0,1702883600.0,0.0,Suspicious,Suspicious
0.0,19.97889,1703023200.0,1702744200.0,20,19.985842,1702641400.0,1702854400.0,20,20.0,1702655000.0,0.0,20,146,1702953100.0,-0.9997109,20.0,0.0,1702747800.0,0.0,20.0,0.0,1702698400.0,0.06560475,20.0,0.0,1702623200.0,0.0005330835,34,0.0,1702897500.0,0.02046952,20,0.00079004007,1702965500.0,0.0,20,0.0,1702787700.0,0.01579284,Suspicious,Suspicious
0.0,19.999552,1702550300.0,1702811600.0,20,19.988792,1703023200.0,1702588300.0,20,20.0,1702472000.0,107066.4,20,1020,1703023200.0,-1.0,20.0,0.0,1702730900.0,0.011256075,20.0,0.0,1702802300.0,0.05349493,20.0,0.0,1702476500.0,0.00171134,0,0.99950373,1702850400.0,0.0,20,0.000109543216,1703023200.0,0.0019753855,20,0.99991846,1702975400.0,0.0,Benign,Benign
0.0,39.992542,1702943700.0,1702632300.0,20,39.97748,1702668400.0,1702680200.0,40,40.0,1702772600.0,0.0,40,64296,1702988200.0,-1.0,39.98445,28.148552,1702566000.0,0.0010312907,40.0,0.0,1702827900.0,0.0,40.0,3.901669,1702597800.0,0.00017980959,32,0.9996197,1702886400.0,0.0048204367,40,0.00033839804,1703023200.0,0.0,40,1.0,1702902900.0,0.017237207,Attack,Attack-TCP-BYPass-V1
0.0,40.012264,1703023200.0,1702897900.0,26,40.016235,1702611300.0,1703023200.0,40,40.0,1702935400.0,84888.14,40,64276,1702813600.0,-1.0,40.002407,0.0,1703023200.0,0.027816497,40.0,0.0,1702878700.0,0.0,40.0,0.0,1702681200.0,0.012476788,52,0.99961424,1702848900.0,0.0196872,40,8.546537e-05,1702965200.0,0.008339407,40,1.0,1703023200.0,0.0020965287,Attack,Attack-TCP-BYPass-V1
0.0066576293,32.010483,0.0,1702613500.0,20,32.12493,0.0,1703023200.0,32,32.0,452323.9,1701907500.0,20,1157,0.0,-0.9993564,25.09307,24012.402,103070.29,0.033219554,26.0,11780.017,681622.06,6.482742,20.0,54504.023,1702794800.0,0.01349702,25,0.50040114,1703023200.0,0.047598984,32,0.5015567,1702863600.0,0.0,32,0.49944496,1703023200.0,0.050470695,Benign,Benign
0.002583918,24.008049,0.0,1702936800.0,103,23.988033,0.0,1702801200.0,24,24.0,696943.8,1702112000.0,20,65471,135753.2,-0.99989253,22.007614,18147.975,0.0,0.041380666,22.0,10448.819,125382.54,0.0,20.0,9672.722,1702715000.0,0.014128422,0,0.5005656,1702802200.0,0.024920838,24,0.49995244,1702775400.0,0.03370721,24,0.4994659,1702720100.0,0.0,Benign,Benign
16.413395,32.124443,683760.25,951569.94,284,31.8912,0.0,1093846.6,32,32.0,-1.1920929e-06,96972.87,32,8023,153788.95,-0.99944514,33.99892,3.4395366,268089.66,12.31239,32.0,3.2240381,18073.236,40.097885,32.0,8.319922,0.0,0.21984616,198,0.9998597,275884.94,11.290612,32,0.0024283838,319331.8,0.02899876,32,1.0,120185.66,122.87364,Benign,Benign-Systemic
0.0,20.004278,1703016700.0,1703023200.0,20,20.00071,1703023200.0,1703023200.0,20,20.0,1702705200.0,277737.3,20,175,1702942800.0,-1.0,20.000006,28.057919,1702887600.0,0.0,20.0,6.824895,1702594400.0,0.0,20.0,4.584941,1702465700.0,0.0023196181,3,0.0,1702700800.0,0.0,20,0.0003628441,1702963500.0,0.0145324245,20,0.0006361703,1702746500.0,0.0,Attack,Attack-Killer-TCP
0.00685833,39.822826,0.0,0.0,157,40.211735,0.0,0.0,36,36.0,449425.03,1700365600.0,20,29297,91913.27,-0.99974316,32.14934,37472.105,537996.56,0.08163026,36.0,18973.148,481346.47,0.0,36.0,30387.102,0.0,0.0,124,0.6730785,635722.6,0.0,36,0.32987005,257117.36,0.0,40,0.6745953,0.0,0.0,Benign,Benign-Telnet
0.0,0.0,1702812400.0,324302.78,28,0.0,1702798200.0,0.0,20,0.0,1702335900.0,1702688800.0,20,0,1702767900.0,-1.0,20.0,0.0,1702298200.0,0.0,20.0,0.0,1702979700.0,0.0,20.0,3.1687405,0.0,0.0,15,7.227262e-05,159355.7,0.016087368,0,1.0,589932.25,0.021850793,0,0.0003475743,0.0,0.011873623,Benign,Benign
0.0,23.982279,1702713200.0,1703014900.0,45,23.990995,1703023200.0,1702765400.0,24,24.0,1702994000.0,0.0,24,65507,1703023200.0,-0.99982655,24.001308,0.84757525,1702272300.0,0.0,24.0,8.55429,1702771500.0,0.0,24.0,11.278457,1702982100.0,0.042441513,33,0.9997958,1703023200.0,0.0,24,0.0,1703023200.0,0.018619949,24,1.0,1703023200.0,6.686796e-05,Suspicious,Suspicious
1.0848512e-05,40.005695,1703023200.0,1702835500.0,57,40.007477,1702895600.0,1702506600.0,40,40.0,1703023200.0,0.0,40,64155,1703023200.0,-0.99986535,39.999844,18.725033,1702842100.0,0.0,40.0,0.0,1703023200.0,0.0,40.0,0.73563206,1702783700.0,0.00030277626,43,1.0,1702846600.0,0.002318575,40,0.00031046098,1702949500.0,0.0,40,1.0,1703023200.0,0.0065693893,Attack,Attack-TCP-BYPass-V1
0.0,39.98827,1702686100.0,1702789400.0,20,40.002438,1702526500.0,1702695700.0,40,40.0,1703019000.0,0.0,40,64220,1702980900.0,-1.0,39.99937,0.0,1702506100.0,0.0,40.0,0.0,1702713600.0,0.0,40.0,2.4970703,1702758100.0,0.0026754932,44,1.0,1703023200.0,0.012318743,40,2.0289282e-05,1702943600.0,0.003443364,40,0.9999068,1702885600.0,0.0048979875,Attack,Attack-TCP-BYPass-V1
0.0028792056,32.012096,376950.94,1702437800.0,109,31.871368,35150.492,1702912800.0,32,32.0,257669.1,1701184300.0,20,65535,0.0,-0.9993746,26.342745,19703.64,0.0,0.07102517,26.0,9896.541,109656.77,4.8101544,20.0,11665.232,1702647700.0,0.0,48,0.5004873,1702978600.0,0.094748154,32,0.50053215,1703023200.0,0.0,32,0.49981,1702745100.0,0.009431796,Benign,Benign
0.0,20.005892,1703023200.0,1703023200.0,20,19.988821,1703023200.0,1702735700.0,20,20.0,1702753900.0,0.0,20,1179,1703023200.0,-1.0,20.0,0.0,1702594600.0,0.0,20.0,0.0,1702943400.0,0.0,20.0,1.0694989,1702695800.0,0.0037288843,2,0.00010635574,1702992400.0,0.06928652,20,9.718173e-05,1703023200.0,0.0059287883,20,0.0004561382,1702635800.0,0.020536242,Suspicious,Suspicious
0.0,23.999954,1702631700.0,1702939100.0,20,23.999702,1702274600.0,1702542000.0,24,24.0,1702458900.0,52512.426,24,65535,1702840000.0,-0.9999527,24.00138,0.0,1702538900.0,0.0,24.0,0.0,1702686800.0,0.67059475,24.0,0.58385164,1702588700.0,0.0048977467,16,1.0,1702696700.0,0.013621519,24,0.00019013011,1702819800.0,0.0,24,1.0,1702393600.0,0.020894717,Benign,Benign
0.0002484225,23.98551,394429.22,0.0,82,24.021637,822682.25,360479.5,24,24.0,-1.1920929e-06,0.0,24,1031,13768.325,-1.0,24.002365,8744.948,0.0,0.15152104,24.0,0.0,0.0,0.5886941,24.0,10725.614,0.0,0.13802263,107,0.99965614,774949.2,0.10816922,24,0.00041986027,-9.536743e-07,0.0,24,0.9998729,524714.75,0.14853038,Benign,Benign
13.629723,23.874128,0.0,0.0,207,20.051342,0.0,1323845.4,32,20.0,-1.1920929e-06,516860.75,20,6377,18221.037,-0.99790305,24.593021,0.0,0.0,196.20839,20.0,0.0,532251.3,48.1404,32.0,9.079841,0.0,0.22248994,120,0.66867936,447938.25,8.364399,32,0.3404924,1303789.0,0.16810231,20,0.3266056,665709.8,0.25518224,Benign,Benign-Systemic
0.0008250216,40.0352,0.0,1702483500.0,20,39.912292,25627.191,1702562600.0,40,40.0,151789.83,1702286800.0,20,29698,543396.3,-0.9994776,30.078037,8775.481,0.0,0.13270742,30.0,0.0,213202.14,0.0,20.0,3616.9795,1702464900.0,0.0,45,0.501479,1702741500.0,0.13079703,40,0.5010815,1703023200.0,0.0,40,0.4995367,1702858600.0,0.0005084758,Benign,Benign-SSH
0.0,39.994843,1703023200.0,1702826600.0,20,39.976223,1702833700.0,1702791800.0,40,40.0,1702931500.0,0.0,40,64201,1703023200.0,-1.0,39.997875,8.764019,1702658300.0,0.023099028,40.0,15.448649,1702882600.0,0.0,40.0,0.0,1702780900.0,0.017579768,46,0.99971265,1703023200.0,0.00660175,40,0.000193831,1703023200.0,0.0,40,1.0,1702595000.0,0.0296357,Attack,Attack-TCP-BYPass-V1
0.0,19.998993,1702909700.0,1702665300.0,20,19.9885,1702519600.0,1702742800.0,20,20.0,1702886500.0,0.0,20,65535,1702978600.0,-1.0,20.001322,0.0,1702573000.0,0.050713915,20.0,0.0,1702904700.0,0.0,20.0,0.0,1702620400.0,0.012793678,0,0.99969196,1703023200.0,0.04893644,20,0.0,1702703900.0,0.00856536,20,0.99949414,1702362600.0,0.011320764,Benign,Benign-Systemic
0.0015532088,19.990582,671820.3,1702885500.0,88,20.004072,0.0,1702862000.0,20,20.0,170480.2,0.0,20,6361,1703023200.0,-0.9997367,20.001528,6.9950466,0.0,6.2830515,20.0,9.190436,165860.9,8.834657,20.0,0.8335166,1702803300.0,0.12817673,30,0.99821514,1703023200.0,0.0,20,0.0001288689,1702525600.0,0.07233462,20,0.99780124,1703023200.0,0.0,Attack,Attack-TCP-Flag-SYN-TFO
0.0,40.005405,1702645500.0,1702930700.0,20,39.982445,1702229900.0,1702689800.0,40,40.0,1703023200.0,0.0,40,64285,1703023200.0,-1.0,39.994476,0.0,1702869100.0,0.0,40.0,0.0,1703023200.0,0.0,40.0,0.0,1702759600.0,0.00700338,41,0.99961376,1702865300.0,0.020128207,40,0.0,1702862700.0,0.0,40,1.0,1703023200.0,0.021398714,Attack,Attack-TCP-BYPass-V1
0.0010025225,19.99848,0.0,0.0,20,19.997833,735.4488,369773.94,20,20.0,-1.1920929e-06,194206.17,20,1003,0.0,-1.0,20.01046,7296.8384,0.0,0.23388155,20.0,0.0,509723.03,0.0,20.0,9294.917,0.0,0.18295592,42,1.0,173379.06,0.2193579,20,0.0016360279,984145.9,0.024250142,20,0.99950606,193209.7,0.20790805,Benign,Benign
0.107957594,0.020447161,389171.62,0.0,20,0.0020050993,668496.5,389047.88,20,0.0,-1.1920929e-06,0.0,20,37,608951.1,-0.99983704,20.002459,58.94602,157361.47,108.87156,20.0,21.170795,0.0,0.0,20.0,10.296355,0.0,0.021121558,6,0.0,189383.12,108.441696,0,0.50064874,-9.536743e-07,109.67148,0,0.0,0.0,0.018951973,Attack,Attack-TCP-Flag-ACK
0.0,39.99621,1702681700.0,1702735400.0,39,40.021225,1702677000.0,1702767900.0,40,40.0,1703023200.0,0.0,40,64237,1702949200.0,-1.0,39.99262,26.247221,1702760400.0,0.0,40.0,1.2224375,1703023200.0,0.0,40.0,0.0,1702659100.0,0.0060410146,39,1.0,1702816400.0,0.0,40,0.0,1702748900.0,0.005919528,40,0.9998958,1703019100.0,0.0,Attack,Attack-TCP-BYPass-V1
0.00054922904,23.981638,454220.8,1702933100.0,52,23.978144,1251979.6,1703023200.0,24,24.0,108659.25,1701960300.0,20,65456,159375.6,-1.0,21.996626,5454.243,0.0,1.403234,22.0,4068.8281,483791.66,0.5798016,20.0,4790.5996,1703023200.0,0.0072984695,15,0.50095093,1703023200.0,1.081145,24,0.50064796,1703023200.0,0.010965417,24,0.5002974,1703023000.0,0.016420294,Attack,Attack-TCP-Control
0.05606612,32.637928,0.0,0.0,617,24.129663,491778.4,0.0,44,44.0,-1.1920929e-06,0.0,28,65535,395947.3,-0.99995154,43.106777,25.872784,0.0,71.97026,44.0,35.332043,0.0,42.86474,44.0,33.023552,0.0,0.22072795,306,0.9985235,231742.33,0.2860127,44,0.000846759,1747339.5,0.0,28,0.99921536,1638012.4,0.2604935,Benign,Benign-SSH
7.3112135,24.13022,0.0,0.0,281,32.59966,0.0,0.0,44,44.0,-1.1920929e-06,0.0,44,63759,0.0,-0.99990463,43.536537,25.516167,275417.88,191.91277,44.0,12.989256,0.0,47.77532,44.0,12.577997,0.0,0.22245283,272,0.9982678,305059.03,19.439762,44,0.0013415077,943719.44,0.039814413,44,0.998622,0.0,100.70956,Benign,Benign
0.0047041965,0.0,1702643200.0,182555.17,20,0.0,1702701700.0,0.0,20,0.0,1702629500.0,1702937500.0,20,148,1702457900.0,-0.9999235,20.007195,1.118198,1702529000.0,0.0049837087,20.0,0.0,1702768900.0,0.0,20.0,0.0,0.0,0.0,5,0.00021203131,59178.785,0.052112613,0,1.0,683833.94,0.011265409,0,0.0,0.0,0.0045589567,Benign,Benign-Systemic
0.0,20.006514,1702471200.0,1702972800.0,20,19.9955,1702771600.0,1702302100.0,20,20.0,1702222700.0,0.0,20,1048,1702929200.0,-1.0,20.0,0.0,1702509300.0,0.0,20.0,0.0,1702824700.0,0.0,20.0,0.9852776,1702726000.0,0.009812634,0,0.9998928,1702946700.0,0.0044481065,20,0.0,1702800300.0,0.0022645085,20,1.0,1702814300.0,0.000534631,Benign,Benign
0.0008946471,23.98952,1702694500.0,1702682600.0,20,23.9863,1702703400.0,1702766300.0,24,24.0,1702606600.0,0.0,24,65527,1702758700.0,-1.0,23.998957,0.0,1702587100.0,0.0,24.0,0.0,1702992000.0,4.000316,24.0,4.591642,1702729600.0,0.03346686,0,0.9998567,1703023200.0,0.01404365,24,0.0,1703023200.0,0.0,24,1.0,1702730000.0,0.0,Benign,Benign
0.00085879135,23.982363,1703023200.0,1703023200.0,20,24.000525,1703023200.0,1702906100.0,24,24.0,1702861400.0,0.0,24,1162,1702723600.0,-0.9997857,23.995619,6.846815,1703023200.0,0.0,24.0,8.007232,1703023200.0,0.0,24.0,11.091015,1702931800.0,0.0017589564,6,0.00036863456,1702991200.0,0.024036637,24,0.0005407239,1703023200.0,0.0,24,0.00055521686,1702737300.0,0.00014055053,Suspicious,Suspicious
0.0,20.027426,917960.75,1702514600.0,20,19.989325,503564.88,1702937300.0,20,20.0,119614.29,1702083500.0,20,1013,64188.438,-0.9997989,20.010496,19855.084,410690.12,0.17591707,20.0,1846.8584,371225.78,3.8908653,20.0,6181.247,1702836900.0,0.0,1,0.5006363,1702940400.0,0.18033463,20,0.49936596,1703023200.0,0.01380168,20,0.49938878,1702673200.0,0.0,Attack,Attack-TCP-Flag-SYN
0.13286905,0.04782895,550912.4,82787.55,20,0.03659198,0.0,766465.56,20,0.0,306249.62,4725.8335,20,96,0.0,-0.99975306,20.005802,0.05939044,0.0,109.18872,20.0,32.298496,0.0,0.0,20.0,0.0,0.0,0.00050314754,27,0.0,388550.06,109.11791,0,0.5005664,730645.0,108.30544,0,0.00017835354,292282.62,0.0034458193,Attack,Attack-TCP-Flag-MIX
0.0016352442,23.998728,0.0,0.0,20,24.01797,397475.3,0.0,24,24.0,193793.31,40130.316,24,1086,0.0,-1.0,24.00509,7488.095,0.0,0.12548025,24.0,0.0,329409.28,0.0,24.0,10582.617,0.0,0.13638154,53,0.9998927,0.0,0.10657084,24,0.33381444,147248.52,0.0034818375,24,0.99987626,580078.44,0.12932748,Benign,Benign
0.0011084807,39.98584,1702470400.0,1702609500.0,21,39.975086,1702751600.0,1702377500.0,40,40.0,1702996900.0,0.0,40,64295,1703023200.0,-0.9999905,40.00386,0.0,1702676000.0,0.0,40.0,0.0,1702615800.0,0.0,40.0,1.2611268,1702575700.0,0.0,41,0.99994636,1703023200.0,0.022765877,40,0.0,1702717300.0,0.0,40,0.99998844,1702886900.0,0.0,Attack,Attack-TCP-BYPass-V1
0.0,39.997723,1702780000.0,1702762400.0,20,39.987953,1703023200.0,1702954100.0,40,40.0,1703023200.0,0.0,40,64331,1703023200.0,-0.9999928,40.00472,22.504297,1702824300.0,0.0,40.0,1.2664703,1702619300.0,0.0,40.0,1.5363423,1702479100.0,0.0,63,0.9998968,1703023200.0,0.0,40,0.00019387416,1702538000.0,0.001963243,40,1.0,1702755200.0,0.008652193,Attack,Attack-TCP-BYPass-V1
0.14287677,0.04153733,504173.22,0.0,78,0.03899737,0.0,40250.54,20,0.0,-1.1920929e-06,0.0,20,26,0.0,-0.9995017,29.237913,32.236076,0.0,108.74399,20.0,28.782087,0.0,1.9082841,20.0,6.258112,0.0,0.027964216,49,0.0,0.0,109.79875,0,0.5008572,1444842.9,109.34575,0,0.0,363034.06,0.0024098714,Attack,Attack-TCP-Flag-ACK-PSH
14.964977,31.38623,2901.388,99018.69,327,20.03596,0.0,884265.6,32,32.0,-1.1920929e-06,0.0,20,64230,0.0,-0.99888796,29.74827,0.0,223170.05,10.828945,32.0,0.0,1051033.5,47.64115,32.0,0.0,0.0,0.22241567,220,0.9987834,0.0,69.90516,32,0.3401727,1324623.2,0.1361519,32,0.99901193,0.0,113.12223,Benign,Benign
0.0,31.97529,1701956500.0,1703023200.0,20,0.0,1701894700.0,1702416600.0,28,28.0,1702366300.0,253479.39,28,302,1702562200.0,-1.0,29.112545,2.832438,1702783100.0,0.0,28.0,0.0,1702943600.0,0.0,28.0,0.0,1702208100.0,0.0,0,1.0,1702572300.0,0.025298528,28,0.00019059364,1702415000.0,0.0,28,0.9991547,1702211600.0,0.0061900443,Benign,Benign
0.005621437,20.000645,0.0,1702696700.0,27,19.996704,137377.45,1702823800.0,20,20.0,129086.055,1703016400.0,20,1091,0.0,-0.9998554,20.0,8181.425,0.0,0.15548626,20.0,6950.0522,0.0,4.672131,20.0,6663.6484,1702729300.0,0.016537666,4,0.50005394,1703023200.0,0.108620115,20,0.50010425,1702967700.0,0.006642649,20,0.5003247,1702847400.0,0.0,Suspicious,Suspicious
0.003860913,24.010874,0.0,1702817700.0,85,23.990774,239236.58,1702819500.0,24,24.0,673560.7,1700872000.0,20,1157,0.0,-0.9998043,22.007252,16099.019,0.0,0.09650145,22.0,9219.505,274640.12,0.38157558,20.0,11691.068,1702570100.0,0.0019585078,24,0.5006171,1703023200.0,0.101891175,24,0.50023127,1702987800.0,0.004218969,24,0.49935147,1702735600.0,0.0062295706,Benign,Benign
0.017212804,39.883656,0.0,1702792100.0,210,0.41413072,98092.09,1702779300.0,44,44.0,-1.1920929e-06,1702760100.0,20,65252,232453.19,-0.999905,33.2047,17625.992,0.0,0.17010862,32.0,11334.083,0.0,3.5901155,20.0,11777.149,1702662700.0,0.005628861,77,0.4994378,1703023200.0,0.009928559,44,0.5000035,1703023200.0,0.0,44,0.50022936,1702672300.0,0.0,Attack,Attack-TCP-Flag-SYN-ACK
0.0035261437,20.015795,0.0,1702609500.0,20,20.01125,101443.5,1702950900.0,20,20.0,-1.1920929e-06,1701822200.0,20,16489,0.0,-1.0,20.005856,18116.28,0.0,0.093513966,20.0,10796.443,0.0,3.0131125,20.0,10844.789,1702567800.0,0.017309938,19,0.49923477,1702878200.0,0.0641217,36,0.50085044,1702841900.0,0.0054076393,20,0.5006633,1702579200.0,0.0,Benign,Benign-Email-Send
0.0040090014,24.005035,0.0,0.0,53,23.982288,0.0,1702790400.0,24,24.0,44731.562,1701509000.0,20,65535,0.0,-0.99967515,21.99673,36167.117,0.0,0.067423366,22.0,14388.11,0.0,1.7751484,20.0,12461.667,1702551700.0,0.02355341,49,0.49922377,1702895900.0,0.06688889,24,0.5004782,1702852200.0,0.0,24,0.49975488,1702640800.0,0.0,Benign,Benign
0.0,32.038696,1703023200.0,1702992900.0,20,31.862858,1702824700.0,1702750600.0,32,32.0,1702835800.0,0.0,32,469,1702312700.0,-1.0,33.07815,0.0,1702874600.0,0.0,32.0,0.0,1702987000.0,0.7762072,32.0,10.790908,1702363800.0,0.009122776,23,0.0009832974,1702686700.0,0.0,32,1.0,1703023200.0,0.0,32,0.0,1702723300.0,0.039947428,Benign,Benign-SSH
0.0,19.99451,1703023200.0,1703023200.0,30,19.98632,1703023200.0,1702903000.0,20,20.0,1702769400.0,0.0,20,301,1703023200.0,-0.9999631,20.0,26.823172,1703023200.0,0.0,20.0,14.855712,1702763100.0,0.0,20.0,8.043253,1702568300.0,0.0016616198,4,0.001247936,1702725900.0,0.0,20,0.0004377129,1703023200.0,0.006785514,20,0.0,1702808600.0,0.019159643,Attack,Attack-TCP-SYN
0.0016475914,24.007446,0.0,0.0,53,23.996641,552631.94,0.0,24,24.0,-1.1920929e-06,0.0,24,1036,0.0,-0.9999882,24.005287,9345.485,84524.75,0.16224381,24.0,0.0,0.0,0.0,24.0,7427.2173,0.0,0.17689218,98,1.0,0.0,0.16085166,24,0.0007732324,572174.9,0.0,24,0.999091,268702.8,0.22285329,Benign,Benign
0.002616215,40.02249,1703022700.0,1703023200.0,33,40.002396,1702852600.0,1702758400.0,40,40.0,1703023200.0,35374.746,40,64128,1703023200.0,-0.99985826,40.00124,8.005009,1702599200.0,0.005871881,40.0,8.964426,1702913900.0,0.0,40.0,0.0,1702588000.0,0.018620504,64,0.9999009,1702963100.0,0.0,40,1.0027053e-06,1702990200.0,0.0,40,1.0,1703023200.0,0.010859231,Attack,Attack-TCP-BYPass-V1
29.061832,0.41265443,0.0,0.0,279,31.938839,0.0,1989705.8,32,32.0,355511.53,0.0,20,9596,414324.38,-0.999505,30.306774,0.0,803234.44,263.51056,32.0,0.0,504446.47,48.155693,32.0,15.958821,0.0,0.22249195,170,0.0089884875,267175.94,100.79125,32,0.0047197314,2448169.8,105.55091,28,0.32758635,2365161.0,0.26249072,Suspicious,Suspicious
0.0061817276,19.987387,314779.16,0.0,59,19.988146,627351.1,0.0,20,20.0,-1.1920929e-06,80130.7,20,1006,0.0,-0.99989074,20.0,8539.813,239559.36,0.2270621,20.0,0.0,0.0,0.0,20.0,9905.449,0.0,0.17201202,56,0.9998981,1033760.2,0.21013103,20,0.00054147973,930693.9,0.0,20,0.99915874,0.0,0.16659208,Benign,Benign
0.0029731784,23.994488,272688.97,1702783000.0,21,23.983084,537949.56,1702896800.0,24,24.0,762667.8,1701524000.0,20,65522,0.0,-0.9999267,22.01277,1628.8018,0.0,0.62346596,22.0,906.94806,807369.25,0.0,20.0,399.3136,1702974300.0,0.026203442,6,0.5007716,1703023200.0,0.257876,24,0.49976152,1703023200.0,0.0,24,0.50016344,1702685600.0,0.02151431,Benign,Benign
0.114673965,0.0,0.0,0.0,20,0.0468884,257372.48,124148.46,20,0.0,214891.34,0.0,20,68,60835.934,-0.9996934,20.002333,18.803658,314038.38,110.78058,20.0,14.271935,0.0,0.0,20.0,1.8253584,0.0,0.0,7,0.0,143738.6,110.35602,0,0.50019926,658064.0,109.219986,0,0.0,712639.6,0.0,Attack,Attack-Killer-TCP
0.11998307,0.0645709,750506.06,0.0,20,0.033909258,534067.3,0.0,20,0.0,212411.4,225902.53,20,0,40463.254,-0.99973387,20.006184,1.0374213,0.0,110.6197,20.0,9.779964,0.0,0.0,20.0,3.4022906,0.0,0.025642004,31,0.0,0.0,110.9116,0,0.50179535,-9.536743e-07,109.67755,0,0.0,0.0,0.021530868,Attack,Attack-TCP-Flag-ACK
0.00027038477,20.01981,1702560500.0,1702832500.0,24,20.001143,1702728200.0,1702840800.0,20,20.0,1702674400.0,224041.4,20,1220,1703023200.0,-0.9999782,20.0,0.0,1702949800.0,0.0,20.0,4.724442,1702707500.0,0.0,20.0,0.0,1702692600.0,0.009617181,0,0.0005189323,1702360000.0,0.0,20,0.9992879,1702782600.0,0.0,20,0.0,1702556500.0,0.009020962,Benign,Benign-Systemic
0.0,24.017527,784287.94,0.0,41,24.03585,168799.11,379492.47,24,24.0,444447.9,1701646800.0,20,1112,0.0,-1.0,22.657713,36861.438,548165.7,0.028488914,24.0,19356.162,1410185.2,6.247582,24.0,29383.918,0.0,0.037623253,47,0.6669472,685628.4,0.0,24,0.3336331,102969.49,0.0024779332,24,0.6657059,0.0,0.012599854,Benign,Benign
0.11754514,0.019196993,0.0,0.0,20,0.009776854,98891.79,322468.0,20,0.0,-1.1920929e-06,91465.03,20,76,839559.5,-0.99998784,20.005972,11.007927,0.0,109.0982,20.0,18.32369,9100.153,0.0,20.0,0.0,0.0,0.0,0,0.0,0.0,109.71649,0,0.50027215,852129.44,108.60025,0,0.0,194724.72,0.016440107,Attack,Attack-TCP-Flag-MIX
0.0,40.020985,1702962300.0,1702960000.0,21,39.97764,1702754800.0,1702813300.0,40,40.0,1702987800.0,0.0,40,64300,1702979600.0,-1.0,39.996284,5.1930804,1702803500.0,0.0,40.0,0.0,1702957400.0,1.542206,40.0,0.0,1702566100.0,0.003710877,52,0.9995839,1702999200.0,0.0,40,0.0002625943,1703023200.0,0.0039142673,40,1.0,1703015200.0,0.020860976,Attack,Attack-TCP-BYPass-V1
0.0020073869,39.99255,1703023200.0,1702986100.0,41,39.95946,1702897800.0,1702888300.0,40,40.0,1703023200.0,0.0,40,64204,1702654800.0,-0.99991435,39.99617,0.0,1702975000.0,0.02318585,40.0,0.0,1703023200.0,0.0,40.0,0.0,1702953300.0,0.0,35,1.0,1702915300.0,0.0,40,3.271242e-05,1702911000.0,0.0046685943,40,0.9998822,1702932600.0,0.018579924,Attack,Attack-TCP-BYPass-V1
0.0038352692,20.023321,26215.13,1702716400.0,68,19.991318,457111.7,1702712700.0,20,20.0,-1.1920929e-06,0.0,20,16230,112285.96,-1.0,20.006456,20606.064,0.0,0.051379815,20.0,1.9601053,0.0,0.30418643,20.0,11023.551,1702537200.0,0.012900484,31,0.0,1703023200.0,0.0708858,20,0.9988983,1702854100.0,0.010219044,20,0.0,1702637700.0,0.0,Benign,Benign-Systemic
0.0012936541,19.997038,1702964500.0,1702782300.0,46,20.003315,1702892400.0,1702796800.0,20,20.0,1702920700.0,0.0,20,87,1702915100.0,-1.0,20.0,17.897322,1702624500.0,0.009928119,20.0,0.0,1702863600.0,0.0,20.0,2.4295452,1702732400.0,0.0,13,0.000771401,1702571800.0,0.0,20,0.00034636728,1702813600.0,0.015162416,20,0.00012381248,1702925800.0,0.0,Attack,Attack-TCP-SYN
13.204239,31.687992,0.0,72579.375,289,32.076744,0.0,313054.38,32,32.0,-1.1920929e-06,166974.42,32,254,0.0,-0.9994504,34.210403,5.3095117,180926.88,1.1560926,32.0,1.5202016,533162.44,21.987211,32.0,4.0343432,0.0,0.2026012,201,0.0014512975,0.0,1.415839,32,1.0,821308.25,0.018315146,32,0.0009608982,0.0,0.24881312,Benign,Benign-SSH
0.0,0.028615257,177924.92,0.0,20,0.02442635,6602.155,0.0,20,0.0,-1.1920929e-06,64074.125,20,34,0.0,-0.999928,20.0,77283.76,0.0,0.010811946,20.0,68322.62,490955.56,1.0687046,20.0,1.9992383,0.0,0.0,13,0.49977264,0.0,0.059185788,0,0.5007029,775820.4,0.02551077,0,0.0,0.0,0.0,Benign,Benign
0.0,32.066517,45962.742,1703023200.0,36,31.957745,0.0,1702928000.0,32,32.0,598319.6,0.0,32,65535,253441.19,-1.0,30.087824,43530.992,431880.94,0.04176745,32.0,51502.434,295562.34,0.0,32.0,41416.992,1702634200.0,0.019294662,46,0.99977136,1702776000.0,0.054831807,32,0.33287385,1702900500.0,0.025935225,32,0.9998298,1702442400.0,0.0,Benign,Benign-Systemic
0.0,20.011747,1702746400.0,1702371700.0,57,19.98098,1702575200.0,1702765000.0,20,20.0,1702368500.0,44436.082,20,1115,1702837500.0,-1.0,20.0,5.6825433,1702916700.0,0.0,20.0,0.0,1702705300.0,0.0,20.0,0.93050545,1702724700.0,0.0,0,0.0,1702396700.0,0.0,20,0.00034451543,1703023200.0,0.0023291605,20,0.00011938659,1702520600.0,0.0,Benign,Benign-Web_Browsing_HTTP-S
0.0067922464,24.089134,94867.97,1702947600.0,113,39.787712,0.0,1702720000.0,28,28.0,139526.33,1702249100.0,20,9117,0.0,-1.0,23.993053,16499.373,462147.34,0.087582074,24.0,6950.81,1090241.1,0.2162001,20.0,9572.953,1702920100.0,0.0,63,0.49902463,1703023200.0,0.11889211,28,0.5015867,1703023200.0,0.0,28,0.50037324,1702638700.0,0.0,Benign,Benign
0.0,40.032684,1702955000.0,1702645900.0,20,40.023132,1703023200.0,1702783000.0,40,40.0,1702864400.0,0.0,40,64310,1703023200.0,-0.99963236,39.989254,0.0,1702657400.0,0.0,40.0,0.0,1702817700.0,0.0,40.0,0.0,1702560600.0,0.0037043032,28,0.9995313,1703023200.0,0.0,40,0.00023922777,1702895000.0,0.0021854674,40,1.0,1703023200.0,0.006145161,Attack,Attack-TCP-BYPass-V1
0.000266094,40.010155,1703002400.0,1703023200.0,57,39.970924,1702678300.0,1702849200.0,40,40.0,1703023200.0,0.0,40,64255,1703023200.0,-1.0,40.000423,12.055253,1702615000.0,0.0,40.0,0.0,1702744200.0,0.76604545,40.0,0.0,1702776800.0,0.012621439,44,0.99974877,1702799500.0,0.0,40,0.0,1703017900.0,0.0,40,1.0,1702973600.0,0.014647696,Attack,Attack-TCP-BYPass-V1
0.0,0.04329372,541845.94,0.0,20,0.0,335861.0,395109.12,24,0.0,-1.1920929e-06,0.0,20,0,825104.9,-1.0,22.000511,33990.387,0.0,0.038845178,22.0,15902.031,0.0,1.395881,20.0,3.717332,0.0,0.0,0,0.4998226,595646.2,0.0,0,0.5005237,111615.14,0.045147624,0,0.0,0.0,0.006889468,Benign,Benign
0.0,31.548206,1702818800.0,1702864800.0,29,0.41211826,1702793700.0,306381.56,36,36.0,1702520800.0,1702180700.0,36,28996,1703023200.0,-1.0,33.955757,36.064526,1703023200.0,0.1500858,36.0,15.158452,1703023200.0,0.0,36.0,6.023584,1702304000.0,0.0,32,0.0068641766,611083.44,0.011791011,36,0.0,-9.536743e-07,0.0,36,0.67211294,129199.6,0.0,Benign,Benign-Telnet
0.0023342723,31.790876,0.0,1702752100.0,20,31.916033,182925.53,1703023200.0,32,32.0,-1.1920929e-06,1702624600.0,20,972,0.0,-0.9997261,26.09652,23470.863,0.0,0.04188761,32.0,14239.566,158685.27,6.176479,32.0,63939.297,0.0,0.02962822,22,0.49924788,839237.8,0.0,32,0.3316445,1703023200.0,0.0,32,0.50033987,1702817000.0,0.029195856,Benign,Benign
0.0,24.027977,0.0,472073.12,20,24.047157,430594.75,732220.7,24,24.0,47525.2,1702727300.0,20,1057,22723.084,-1.0,22.650259,31824.336,0.0,0.011707865,24.0,11540.595,563186.06,0.9073471,24.0,26179.602,0.0,0.04698812,25,0.6654757,1195001.5,0.0,24,0.33374205,-9.536743e-07,0.0,24,0.6669735,539926.25,0.004176576,Benign,Benign
0.08948491,0.041275404,0.0,0.0,20,0.032611832,0.0,499155.1,20,0.0,244073.45,77630.96,20,132,436498.62,-0.99964947,20.000233,11.590458,0.0,111.11157,20.0,28.994791,214032.72,6.5080833,20.0,1.8547149,0.0,0.02084182,0,0.0,0.0,109.17336,0,0.49912134,1313615.9,112.61221,0,0.0,62240.21,0.057141144,Attack,Attack-TCP-Valid-SYN
0.0,23.989674,1702972300.0,1703023200.0,20,23.981684,1703023200.0,1702643000.0,24,24.0,1703023200.0,0.0,24,1011,1703023200.0,-1.0,23.993685,0.0,1702619900.0,0.0,24.0,2.4353473,1702840600.0,0.0,24.0,0.61057407,1702662900.0,0.017844858,0,0.9991766,1702954000.0,0.0,24,0.0003763282,1703014300.0,0.005105142,24,1.0,1702919400.0,0.017132996,Suspicious,Suspicious
0.0,23.992035,632440.1,1703023200.0,20,23.9928,0.0,1702675000.0,24,24.0,121239.51,0.0,20,65506,468941.53,-1.0,22.652517,106098.48,0.0,0.0,24.0,69379.48,320420.1,2.2848146,24.0,36791.312,1702627000.0,0.00870072,0,0.66659373,1702943000.0,0.0,24,0.3336553,1702813800.0,0.04018478,24,0.33327132,1702845400.0,0.009139534,Attack,Attack-TCP-Valid-SYN
0.0,31.996727,1702438100.0,1703008400.0,20,31.855225,1702698800.0,1702465300.0,32,32.0,1702155400.0,0.0,32,479,1702535400.0,-0.9999478,32.40816,0.0,1702824700.0,0.0,32.0,0.0,1703023200.0,0.0,32.0,0.0,1702544400.0,0.0,29,0.0,1702001800.0,0.005093662,32,0.9966445,1702937600.0,0.0,32,0.0,1701987700.0,0.037345283,Benign,Benign-SSH
0.111920506,0.012227795,193728.67,42441.723,20,0.003389211,0.0,1313142.0,20,0.0,265649.28,0.0,20,78,542321.6,-1.0,20.0,8.332723,0.0,110.87325,20.0,23.960995,0.0,0.0,20.0,0.0,0.0,0.024006724,10,0.0,448556.3,108.86247,0,0.50097626,754793.0,110.39503,0,0.00084101636,990490.3,0.025594939,Attack,Attack-TCP-SYN
0.0,20.112638,0.0,0.0,20,0.4177554,0.0,354971.78,36,36.0,-1.1920929e-06,34375.855,36,29097,251477.02,-1.0,35.843037,50.96599,0.0,118.17609,36.0,19.027937,204593.98,5.659712,36.0,7.3549633,0.0,0.023115002,32,1.0,0.0,21.645708,36,0.0,418275.38,0.045880534,36,1.0,39874.45,129.55391,Benign,Benign-Telnet
0.0,31.893492,1702647600.0,1703023200.0,20,31.861267,1702785900.0,1702495500.0,32,32.0,1702789100.0,0.0,32,1199,1702255500.0,-1.0,32.060417,0.0,1702307800.0,0.0,32.0,0.0,1702713000.0,1.784804,32.0,3.2824945,1702485800.0,0.0,34,0.99995106,1702818300.0,0.0060129785,32,0.0,1703023200.0,0.0,32,0.9994292,1702763900.0,0.00771777,Benign,Benign
0.0,0.41777152,0.0,175257.73,117,20.111858,0.0,0.0,28,28.0,-1.1920929e-06,0.0,28,9029,123204.24,-0.9992457,28.160418,8428.441,7810.5073,0.19825332,28.0,8711.018,0.0,1.295687,28.0,5918.4453,0.0,0.088792704,114,0.99914175,260924.25,0.112668335,28,0.0,1017718.56,0.022027886,28,1.0,0.0,0.023369212,Benign,Benign
0.003241414,0.002761578,0.0,0.0,20,0.00843011,0.0,110844.01,32,0.0,-1.1920929e-06,0.0,20,0,0.0,-1.0,28.47332,110330.57,0.0,0.023402857,26.0,113504.45,38994.004,0.0,20.0,18.188976,0.0,0.012582715,32,0.49894992,0.0,0.035995923,0,0.5008897,26236.178,0.038694557,0,0.0001388842,90149.23,0.0,Benign,Benign
0.003564561,0.0,651566.75,0.0,34,0.0,23001.945,243885.17,24,0.0,100738.53,0.0,20,0,0.0,-1.0,21.995937,42292.44,0.0,0.06638526,22.0,105183.84,234827.02,0.0,20.0,11.166156,0.0,0.0,8,0.49939883,849374.2,0.0147758555,0,0.5006957,451850.8,0.0360336,0,0.0,0.0,0.0,Benign,Benign
0.0025973984,0.4149365,0.0,1702732400.0,145,0.41279602,0.0,1702983800.0,44,44.0,-1.1920929e-06,1701900700.0,20,4456,122859.17,-1.0,30.38298,19297.408,0.0,0.08478485,32.0,11609.559,223580.6,2.306097,20.0,11102.557,1702768600.0,0.02714971,69,0.49946114,1703023200.0,0.038049955,44,0.500233,1703023200.0,0.0,44,0.4997663,1703023200.0,0.013600102,Suspicious,Suspicious
0.0,20.001234,1702700000.0,1702680400.0,20,19.996195,1702549000.0,1702581600.0,20,20.0,1702697100.0,0.0,20,1111,1702969500.0,-1.0,20.0,0.0,1702706400.0,0.00140204,20.0,3.7636957,1702773600.0,0.0,20.0,0.0,1702595800.0,0.008812,0,0.9999679,1702727300.0,0.0,20,1.872509e-06,1702815700.0,0.0,20,1.0,1702482600.0,0.009627399,Benign,Benign
0.0004853084,20.004652,31810.725,1702931200.0,33,20.000086,0.0,1702855600.0,20,20.0,-1.1920929e-06,0.0,20,7223,172989.06,-1.0,20.001072,20573.562,307563.22,0.057460096,20.0,8060.9946,998802.1,0.0,20.0,9659.924,1703023200.0,0.014905926,26,0.66747624,1702871900.0,0.059229907,20,0.5000758,1702988400.0,0.023442293,20,0.3331127,1702811400.0,0.0,Attack,Attack-TCP-Control
0.0,0.0,1702907300.0,0.0,20,0.0,1703023200.0,0.0,32,0.0,1702438800.0,1702073700.0,20,35,1702884200.0,-0.99967647,20.0,0.0,1702285000.0,0.0,20.0,0.0,1702839600.0,2.3096316,20.0,6.1754622,0.0,0.0013050593,0,0.0,57319.652,0.0,0,0.999878,-9.536743e-07,0.0,0,0.00013663853,0.0,0.0013351281,Benign,Benign
0.0,31.946003,1703023200.0,1703023200.0,20,31.891474,1702839700.0,1702693200.0,32,32.0,1702893200.0,0.0,32,1328,1702546700.0,-0.999694,31.241179,0.0,1702976800.0,0.0,32.0,0.0,1703023200.0,0.0,32.0,0.0,1702420400.0,0.0,28,0.00016032685,1702997800.0,0.030984448,32,1.0,1702778900.0,0.0,32,0.0,1702553300.0,0.0137440935,Benign,Benign-FTP
0.0018291607,23.994768,1702642000.0,1702952300.0,41,24.003485,1702591200.0,1702857600.0,24,20.0,1702731100.0,0.0,24,1000,1702808300.0,-0.99993724,23.990713,5.118348,1702361300.0,0.0,24.0,0.0,1702835100.0,0.5552797,24.0,5.7697935,1703011200.0,0.0066773496,38,1.0,1703023200.0,0.0,24,0.00027207108,1702969100.0,0.018466933,24,0.9999641,1702844500.0,0.0,Suspicious,Suspicious
0.054767888,32.494263,479684.3,0.0,517,31.989006,202339.84,0.0,44,32.0,212891.53,0.0,32,65268,788831.9,-0.9985691,38.81392,20358.986,0.0,0.09737184,32.0,10209.143,587271.9,10.731164,32.0,4681.184,872125.56,0.17129934,243,0.99986935,637449.9,0.04271898,44,0.33624706,-9.536743e-07,0.061720375,32,0.9987486,0.0,0.0,Benign,Benign-FTP
0.0023330592,0.12009206,355695.8,0.0,93,0.018578278,0.0,0.0,40,0.0,-1.1920929e-06,87354.89,20,161,127961.29,-1.0,30.030697,60031.15,0.0,0.0548296,30.0,67332.28,0.0,0.0,20.0,0.0,0.0,0.007148466,43,0.4989945,0.0,0.011795722,0,0.5002316,657364.75,0.023903333,0,0.0014216878,0.0,0.0019152598,Benign,Benign-Telnet
14.086418,19.961552,381642.75,1702624300.0,228,19.999361,323966.34,1703023200.0,20,20.0,-1.1920929e-06,312333.9,20,18186,0.0,-0.9982098,20.0,1.863887,214623.78,103.56963,20.0,0.6711959,860109.94,46.18684,20.0,2.7814412,1702909700.0,0.22199622,64,0.0,1702819300.0,4.5764294,32,1.0,1702950400.0,112.83389,20,0.0,1702933400.0,0.0,Attack,Attack-TCP-Flag-OSYNP
0.11699935,0.0,188578.42,0.0,20,0.06459453,0.0,19864.83,20,0.0,-1.1920929e-06,18186.7,20,0,0.0,-0.99982977,20.0,0.0,0.0,110.25004,20.0,13.145799,217569.88,0.0,20.0,5.0743036,0.0,0.021558462,11,0.00016040639,0.0,115.92315,0,0.5013525,513334.88,111.25501,0,0.0,0.0,0.0,Benign,Benign
0.0,40.046806,495831.66,1702453000.0,20,39.93636,0.0,1702877000.0,40,40.0,-1.1920929e-06,1701997000.0,20,28953,319373.2,-1.0,30.056204,11072.656,0.0,0.240341,30.0,499.1864,294312.5,4.0770845,20.0,3110.5615,1702582500.0,0.0,20,0.50017506,1702917600.0,0.23056372,40,0.49975467,1703023200.0,0.004372419,40,0.499551,1702702100.0,0.018156007,Benign,Benign
0.0,39.923172,298650.0,1702476500.0,20,39.947014,360776.03,1702746500.0,40,40.0,-1.1920929e-06,1702201000.0,20,6457,6815.301,-0.9998373,30.047644,7815.49,0.0,10.360129,30.0,5529.7354,0.0,6.4240127,20.0,0.0,1702484000.0,0.04013204,34,0.50069547,1702587500.0,12.637612,40,0.498818,1703023200.0,0.04065853,40,0.49856853,1703023200.0,0.0,Suspicious,Suspicious
0.0025997807,0.0,526354.4,158495.73,55,0.0,394046.03,221026.86,20,0.0,-1.1920929e-06,0.0,20,60,192829.97,-0.999874,20.002998,0.0,0.0,0.0050023412,20.0,96126.59,404575.3,1.8310108,20.0,0.0,95596.51,0.0069524613,11,0.49982512,729151.9,0.008669918,0,0.5007128,463179.56,0.0295149,0,0.0012246128,324897.0,0.003954565,Benign,Benign
4.266741,20.112656,0.0,0.0,20,0.41775474,363681.1,1211734.1,36,36.0,-1.1920929e-06,0.0,36,29172,222964.2,-1.0,36.435844,7.5352826,0.0,118.16701,36.0,0.29202965,66910.56,7.9561367,36.0,17.451204,0.0,0.04657724,88,1.0,0.0,22.29102,36,0.0011701954,1340080.8,0.03942695,36,0.9999738,331673.62,129.89413,Benign,Benign-Telnet
0.0,20.005615,671510.75,1702886000.0,60,20.010756,0.0,1702962700.0,20,20.0,-1.1920929e-06,0.0,20,1130,394341.84,-1.0,20.003136,31657.76,425801.44,0.0,20.0,43353.49,680070.75,1.9997685,20.0,26839.348,1702829200.0,0.01662575,10,0.6670287,1702937100.0,0.041975766,20,0.33363578,1702434200.0,0.05237547,20,0.3315084,1702614300.0,0.0038284853,Benign,Benign
0.0,39.98496,1703023200.0,1702818200.0,70,40.00897,1702863100.0,1702711400.0,40,40.0,1702910100.0,99972.195,40,64277,1703023200.0,-0.99978185,39.984833,0.0,1702658800.0,0.021848412,40.0,2.189147,1702936600.0,0.0,40.0,0.022347322,1702723200.0,0.0027758724,48,0.9999682,1702942800.0,0.025978677,40,5.175763e-05,1703023200.0,0.004636561,40,0.9998733,1702975000.0,0.0043877442,Attack,Attack-TCP-BYPass-V1
0.1222188,0.0020168228,413023.97,0.0,33,0.049370997,0.0,370269.75,20,0.0,202310.8,272958.94,20,0,550836.06,-1.0,20.005217,32.2652,172431.33,109.33061,20.0,14.881179,0.0,0.0,20.0,15.269467,0.0,0.0008559926,25,0.0,0.0,109.24806,0,0.5003411,787443.25,108.851746,0,0.0,27612.812,0.0,Attack,Attack-TCP-Flag-ACK
0.0,40.011974,0.0,0.0,81,32.69696,0.0,289346.03,36,36.0,-1.1920929e-06,1700761300.0,20,28784,391877.6,-1.0,31.192675,44714.2,354601.16,0.0,36.0,22674.244,427090.03,0.0,36.0,32760.65,0.0,0.024140911,76,0.6701259,830548.1,0.0,36,0.33129317,379133.44,0.0,36,0.6729925,0.0,0.0,Benign,Benign-Telnet
0.0,31.957396,664972.94,1702917500.0,27,31.861814,416488.88,1703023200.0,32,32.0,171180.19,1701173600.0,20,65505,0.0,-0.99930596,23.854076,19161.67,0.0,0.08009875,26.0,9092.926,533799.7,0.0,20.0,7820.0874,1702690000.0,0.0,49,0.5000727,1703023200.0,0.14564052,32,0.50075877,1703023200.0,0.008422393,32,0.50005865,1702976000.0,0.026404299,Suspicious,Suspicious
0.0,40.00206,1702870500.0,1702817800.0,20,39.9944,1702725000.0,1702782100.0,40,40.0,1703023200.0,0.0,40,64155,1703023200.0,-0.9999309,39.99116,9.668789,1702675300.0,0.0,40.0,0.0,1703023200.0,0.0,40.0,0.0,1702622500.0,0.008708321,46,0.9996456,1703023200.0,0.0,40,0.0,1702945700.0,0.0,40,1.0,1702964600.0,0.005169007,Attack,Attack-TCP-BYPass-V1
0.0035375068,32.25897,0.0,1433832.2,117,32.115803,135407.53,927940.2,32,32.0,73035.57,1702295300.0,20,16617,0.0,-1.0,28.960968,44288.66,283610.22,0.024664383,32.0,14708.427,1122036.0,1.6216638,32.0,10522.034,0.0,0.074442945,37,0.0005718309,0.0,0.04372419,32,0.3340023,1702971600.0,0.03660986,32,0.0,0.0,0.015427433,Benign,Benign-Systemic
0.002410248,0.011244291,531904.56,0.0,46,0.0,440164.78,759130.0,24,0.0,500344.8,0.0,20,19,287758.88,-0.9999452,22.003239,21181.646,0.0,0.052905604,22.0,72369.03,184202.72,3.4484577,20.0,11.517742,0.0,0.0,3,0.4993654,324058.53,0.051279686,0,0.5017349,424862.4,0.036673155,0,0.00012102666,0.0,0.0,Benign,Benign
0.0,23.979496,1702849400.0,1702658300.0,20,23.998333,1702982800.0,1702814100.0,24,24.0,1703023200.0,24193.373,24,65512,1702392000.0,-1.0,24.003746,0.0,1702374700.0,0.0,24.0,0.0,1703023200.0,0.16957988,24.0,10.029279,1702641400.0,0.0,0,1.0,1703023200.0,0.011401983,24,0.0002793202,1702726300.0,0.0,24,0.99974114,1702831900.0,0.0,Attack,Attack-TCP-Valid-SYN
0.0,39.989544,1702921900.0,1702954500.0,20,39.98374,1702704600.0,1702717700.0,40,40.0,1703023200.0,72361.81,40,64162,1703023200.0,-0.9997566,40.006073,11.835361,1702711300.0,0.0,40.0,3.8148649,1703023200.0,1.4316415,40.0,0.0,1702612400.0,0.013996452,35,1.0,1702798100.0,0.0,40,0.0,1703023200.0,0.0,40,1.0,1702937200.0,0.016195077,Attack,Attack-TCP-BYPass-V1
0.0,24.009544,1702627000.0,1702900700.0,20,23.98359,1702785400.0,1702831100.0,24,24.0,1703023200.0,36687.23,24,65431,1702866300.0,-0.9998549,23.9958,0.0,1702581200.0,0.008107777,24.0,0.0,1702859900.0,2.979181,24.0,0.0,1702779300.0,0.0021580083,1,0.9996205,1702827800.0,0.0,24,7.209197e-05,1702881900.0,0.0,24,0.9999968,1702817800.0,0.0,Benign,Benign
0.124689,0.12489429,0.0,0.0,20,0.002964328,0.0,0.0,20,0.0,-1.1920929e-06,78752.61,20,116,0.0,-1.0,20.004568,20.362404,0.0,110.71524,20.0,26.047066,0.0,0.45301372,20.0,12.246151,0.0,0.009198859,7,0.0,0.0,110.46554,0,0.49916995,626047.2,110.42641,0,0.00062390656,230847.75,0.0,Attack,Benign-Telnet
0.0,39.99695,1702890600.0,1702785300.0,20,39.979904,1702616600.0,1702798500.0,40,40.0,1703023200.0,0.0,40,64143,1703023200.0,-1.0,39.999817,0.0,1702752300.0,0.0,40.0,0.0,1703023200.0,0.0,40.0,0.0,1703023200.0,0.0,38,1.0,1702878200.0,0.0,40,0.0,1703023200.0,0.00097217725,40,1.0,1702882600.0,0.015029122,Attack,Attack-TCP-BYPass-V1
0.011842253,32.61286,0.0,1702412400.0,144,24.122337,780440.7,1702883000.0,52,52.0,368335.34,1702130300.0,20,29909,0.0,-1.0,38.35426,10998.849,0.0,0.20223057,36.0,5218.219,813489.25,2.2231395,20.0,4093.4236,1702621700.0,0.008304097,87,0.49954697,1702764800.0,0.17344785,52,0.5006412,1703023200.0,0.010380871,52,0.50036925,1702723000.0,0.0131939985,Suspicious,Suspicious
0.0007913556,24.006693,556829.9,1702584200.0,20,23.978298,359382.0,1702703000.0,24,24.0,-1.1920929e-06,1701851300.0,20,65535,355774.2,-0.9998359,22.02012,4072.6016,313092.75,1.2342066,22.0,1404.84,0.0,3.2700272,20.0,842.6796,1702590100.0,0.00395406,42,0.49999747,1703023200.0,0.6587792,24,0.5001505,1703023200.0,0.0,24,0.50058544,1702689000.0,0.0,Benign,Benign
0.0,20.015347,14694.792,1702712200.0,32,19.997635,0.0,1703023200.0,20,20.0,216322.95,1701237600.0,20,1072,0.0,-1.0,20.003824,18927.498,0.0,0.09395334,20.0,10257.563,0.0,0.0,20.0,8685.353,1702794400.0,0.033355765,11,0.5003406,1702940800.0,0.096351944,20,0.4997843,1702842400.0,0.023007557,20,0.49967673,1702501600.0,0.0,Attack,Attack-TCP-IGMP
0.0002361702,23.996046,327329.0,93609.94,76,24.003376,0.0,173064.33,24,24.0,-1.1920929e-06,24778.633,24,1030,49235.688,-0.99998945,24.00847,8417.923,0.0,0.18453765,24.0,0.0,191376.1,0.88657135,24.0,10002.056,10094.81,0.14652063,85,0.9995167,988539.2,0.14571735,24,0.00037846775,357756.78,0.0,24,0.9999684,319245.1,0.16200571,Benign,Benign
0.0010882771,19.99541,0.0,0.0,20,20.000336,435243.03,0.0,20,20.0,-1.1920929e-06,115620.055,20,971,0.0,-1.0,20.004465,5023.42,0.0,0.24598002,20.0,0.0,410031.12,0.0,20.0,7516.031,0.0,0.18085359,61,0.9994293,1017860.3,0.24268456,20,0.00064944354,2124657.0,0.009436025,20,0.99906254,1192460.1,0.21400563,Benign,Benign
0.8449817,0.4177989,267799.97,0.0,342,0.41766825,0.0,0.0,36,36.0,10515.842,0.0,36,29536,416202.06,-0.9999054,36.496693,22.741224,544630.2,0.5769907,36.0,24.16535,766282.5,6.408297,36.0,13.392376,695958.94,0.2143812,293,0.9988971,339272.75,0.14637315,36,0.0,1588912.2,0.020017419,36,0.9986975,0.0,0.23956433,Suspicious,Suspicious
0.0,40.003353,1703023200.0,1702967400.0,20,39.98242,1703023200.0,1702478700.0,40,40.0,1703023200.0,0.0,40,64157,1702902900.0,-1.0,39.999935,0.0,1702877000.0,0.0,40.0,0.0,1703023200.0,0.086206004,40.0,0.0,1702772100.0,0.0,28,1.0,1703023200.0,0.0,40,0.00026167274,1702981000.0,0.0,40,1.0,1702890600.0,0.020353273,Attack,Attack-TCP-BYPass-V1
0.0,39.980267,1702919400.0,1702901000.0,42,39.99506,1702891300.0,1703014900.0,40,40.0,1703023200.0,0.0,40,64239,1703023200.0,-0.9998582,39.99839,7.342973,1703023200.0,0.007415237,40.0,0.0,1703023200.0,0.32870927,40.0,0.0,1703018500.0,0.0,47,1.0,1702968700.0,0.0038667687,40,0.0,1702842500.0,0.0,40,0.9999469,1702830200.0,0.0019934825,Attack,Attack-TCP-BYPass-V1
0.0,19.983583,0.0,1702940800.0,39,19.994614,0.0,1702870900.0,20,20.0,116272.16,0.0,20,7339,321890.62,-1.0,20.0,20690.277,0.0,0.09626561,20.0,9422.97,0.0,0.0,20.0,10220.944,1702472100.0,0.024308525,39,0.49984485,1703023200.0,0.0952164,20,0.5000684,1702947100.0,0.01990482,20,0.50008863,1702910500.0,0.01048056,Suspicious,Suspicious
0.0,24.010265,973776.4,1702874600.0,20,23.98677,263228.7,1702820500.0,24,24.0,210214.86,1701129200.0,20,65535,0.0,-0.9995651,21.997923,9579.936,0.0,0.17712003,22.0,8929.126,200331.0,0.0,20.0,6441.563,1702667500.0,0.0,24,0.50060034,1703023200.0,0.14236362,24,0.50005317,1703023200.0,0.0,24,0.49979824,1702559900.0,0.0,Benign,Benign
0.0,23.980986,299590.5,1703023200.0,26,23.977219,936294.1,1703023200.0,24,24.0,-1.1920929e-06,1702422400.0,20,65359,0.0,-0.9997585,22.001722,7401.4946,0.0,0.12297739,22.0,6711.0723,252904.97,0.0,20.0,6130.368,1702974000.0,0.0,5,0.50002974,1702965400.0,0.15574124,24,0.50070137,1703023200.0,0.02247621,24,0.50037587,1702799500.0,0.0,Attack,Attack-TCP-Flag-MIX
0.0,40.006565,1703023200.0,1703023200.0,20,39.991974,1702900600.0,1702814500.0,40,40.0,1702873900.0,17168.799,40,64208,1703023200.0,-0.99991894,39.993004,0.0,1702460200.0,0.0,40.0,0.0,1703023200.0,0.0,40.0,0.0,1702442000.0,0.0088557685,49,0.9996298,1702968300.0,0.029666487,40,0.00040735342,1703017100.0,0.00048011367,40,1.0,1703023200.0,0.020826004,Attack,Attack-TCP-BYPass-V1
0.0,24.01287,406515.38,1702822500.0,95,19.991678,0.0,1702995200.0,20,24.0,895041.44,1702397800.0,20,65535,0.0,-0.9995883,22.020006,16037.123,0.0,0.111353606,22.0,7257.676,791261.6,2.3305213,20.0,9553.8,1702706400.0,0.0021441856,15,0.50080216,1703023200.0,0.06678104,24,0.49971968,1703023200.0,0.0022453077,20,0.4989533,1702770600.0,0.0,Benign,Benign
0.0,32.040485,1702665600.0,1703023200.0,20,31.924677,1702488800.0,1702399400.0,32,32.0,1702781200.0,0.0,32,1180,1702816400.0,-0.99982005,28.961971,15.970438,1702645800.0,0.0,32.0,0.0,1703023200.0,0.0,32.0,0.0,1702731500.0,0.0,16,0.99976206,1702813400.0,0.02173753,32,0.00052108936,1702625500.0,0.0010397098,32,1.0,1702605800.0,0.0,Benign,Benign
0.0044610933,32.00975,85468.586,1702910700.0,34,31.941177,0.0,1702927200.0,32,32.0,-1.1920929e-06,1701686900.0,20,65535,0.0,-0.99975455,26.476267,17136.998,275539.47,0.059206795,26.0,10793.527,421573.34,0.0,20.0,10160.673,1702817400.0,0.0,42,0.50001293,1703023200.0,0.14290997,32,0.5003643,1703005800.0,0.0029481626,32,0.49928832,1702730400.0,0.02028384,Benign,Benign
0.0,24.011694,1702443900.0,1702442600.0,20,23.988522,1702781800.0,1702473000.0,24,24.0,1702581000.0,172644.45,24,65522,1702942600.0,-1.0,24.000198,1.5861028,1702435200.0,0.009370849,24.0,0.0,1702490100.0,0.66898793,24.0,0.46152857,1702366100.0,0.0043848734,20,0.99971944,1702306700.0,0.0,24,0.0,1702647200.0,0.0,24,1.0,1702595300.0,0.0,Benign,Benign
0.0,20.000498,1703023200.0,1702607400.0,20,20.016214,1702853600.0,1703023200.0,20,20.0,1702550900.0,0.0,20,68,1702898700.0,-1.0,20.0,25.486757,1702876900.0,0.0016435932,20.0,0.0,1703023200.0,0.0,20.0,7.49612,1702485900.0,0.0,18,0.00020548567,1702850600.0,0.057052165,20,0.0006589825,1703023200.0,0.016021857,20,8.705442e-05,1702697000.0,0.012651876,Attack,Attack-TCP-Flag-SYN-ACK
0.0074879467,32.721336,0.0,1702191000.0,109,24.130394,377864.78,1702504400.0,52,52.0,128938.15,1702475800.0,20,29347,666261.06,-1.0,35.760674,10965.459,0.0,0.23096384,36.0,2600.3806,322691.66,0.0,20.0,0.0,1702362100.0,0.008166757,44,0.49954215,1702672400.0,0.20961344,52,0.4997216,1702789200.0,0.0017500588,52,0.5005061,1702573800.0,0.04820236,Suspicious,Suspicious
0.0,20.005222,318448.16,1702910000.0,22,19.992064,0.0,1703023200.0,20,20.0,449358.62,1702926200.0,20,1085,0.0,-0.99976736,20.007198,20366.229,186238.06,0.02854706,20.0,10322.452,380750.2,2.150548,20.0,9989.709,1702648400.0,0.0,9,0.50067323,1702885100.0,0.07116328,20,0.49980116,1703001300.0,0.0,20,0.49939367,1702583400.0,0.0,Benign,Benign
0.0,19.99523,1703023200.0,1703023200.0,20,19.984692,1703023200.0,1702829800.0,20,20.0,1702872600.0,0.0,20,177,1702832400.0,-1.0,20.0,0.0,1702977900.0,0.0,20.0,2.8370488,1703023200.0,0.0,20.0,5.531645,1702715400.0,0.0,13,0.0007839446,1703023200.0,0.006322824,20,0.0007504859,1703023200.0,0.0039903843,20,2.473717e-05,1702906900.0,0.018214969,Attack,Attack-TCP-Flag-SYN-ACK
0.0,40.015434,53229.574,1702821400.0,78,40.006016,0.0,1703001100.0,40,40.0,181254.28,0.0,20,29265,660678.6,-0.9998692,22.670801,40674.75,0.0,0.014653031,30.0,45196.855,0.0,1.9164951,40.0,19411.85,1702693100.0,0.01604085,38,0.6669052,1702910000.0,0.023310622,40,0.3332023,1702933400.0,0.030055938,40,0.33313218,1702882700.0,0.0,Attack,Attack-TCP-Flag-SYN-TIME
0.0,40.012867,1702491600.0,1702894100.0,43,40.007523,1702694100.0,1702868700.0,40,40.0,1703023200.0,0.0,40,64278,1703023200.0,-0.999944,40.002808,10.29627,1702539500.0,0.0,40.0,6.407573,1702737300.0,0.0,40.0,3.517025,1702638300.0,0.00034763437,51,0.9997648,1703023200.0,0.0,40,5.4609376e-05,1702986200.0,0.0,40,1.0,1702911700.0,0.019916262,Attack,Attack-TCP-BYPass-V1
0.003192818,40.048546,0.0,0.0,141,24.130297,0.0,0.0,36,36.0,-1.1920929e-06,1701498200.0,20,29059,290708.34,-1.0,32.0741,35357.45,20955.436,0.123307064,36.0,17016.252,624807.4,0.0,36.0,33565.164,0.0,0.0,82,0.6739172,692057.25,0.0,36,0.32947206,-9.536743e-07,0.0,36,0.67493916,163077.88,0.15270008,Benign,Benign-Telnet
20.141142,0.38631907,0.0,0.0,372,32.056324,299322.53,0.0,32,32.0,-1.1920929e-06,0.0,20,8608,0.0,-0.9996258,30.248838,0.0,0.0,212.07585,32.0,0.0,561472.7,48.14145,32.0,0.0,0.0,0.2224914,232,0.9971679,96054.055,1.0676646,32,0.0011209602,914248.4,111.30866,28,0.3368134,0.0,0.26093882,Benign,Benign-Web_Browsing_HTTP-S
0.00013373325,20.000145,1702846800.0,1702862800.0,20,19.988062,1703023200.0,1702453100.0,20,20.0,1702698800.0,0.0,20,208,1702507000.0,-0.99990314,20.0,0.0,1702772500.0,0.0,20.0,0.0,1702908900.0,0.0,20.0,0.0,1702568700.0,0.0,0,0.0,1702830300.0,0.021268804,20,0.00065987883,1702686700.0,0.0,20,0.00058830786,1702764000.0,0.010283913,Benign,Benign-Web_Browsing_HTTP-S
0.0,32.720215,1702911900.0,1702756000.0,20,20.101654,1702914300.0,1702918100.0,32,32.0,1703012600.0,0.0,32,309,1702534500.0,-0.99806994,37.164524,0.0,1702421200.0,0.03546274,36.0,11.357253,1702913900.0,5.55466,32.0,0.0,1702828800.0,0.0023776393,18,0.0032444145,1702731400.0,0.058439538,32,0.99830383,1703003900.0,0.050510284,32,6.147221e-05,1702404500.0,0.0,Suspicious,Suspicious
0.00052719354,39.783672,1702219900.0,1702721400.0,20,0.4058046,1701818500.0,1702491600.0,28,28.0,1702073700.0,30072.148,28,1191,1702819600.0,-1.0,26.221727,0.0,1702294100.0,0.045887604,28.0,0.0,1702706600.0,0.0,28.0,0.0,1702291000.0,0.0,0,1.0,1702752600.0,0.0,28,0.000504649,1702730900.0,0.0,28,0.99963564,1702527400.0,0.0,Benign,Benign
0.00035900265,39.971527,1702870000.0,1702711200.0,20,39.99447,1702641500.0,1702875000.0,40,40.0,1703019500.0,44655.504,40,64254,1703023200.0,-0.9999791,39.994366,16.161955,1702675500.0,0.0,40.0,2.0879054,1702957200.0,0.0,40.0,0.0,1702520600.0,0.00624923,41,1.0,1702800600.0,0.003470465,40,8.0465325e-05,1702580700.0,0.0063305744,40,0.99966294,1702724700.0,0.014546429,Attack,Attack-TCP-BYPass-V1
0.1386033,19.981518,940657.94,0.0,51,20.005308,240563.98,479065.3,20,20.0,-1.1920929e-06,0.0,20,1037,393858.12,-0.99960226,20.0,60.083538,264163.25,114.03241,20.0,17.924892,0.0,7.9831257,20.0,22.347605,0.0,0.057306606,18,0.501051,396746.66,114.694115,20,0.0,603852.94,0.06978383,20,0.49923858,700504.6,111.694084,Attack,Attack-TCP-Flag-RST-ACK
0.0,40.005554,19545.45,1702767700.0,20,39.964832,54275.824,1703018400.0,40,40.0,409415.97,1701849300.0,20,65419,0.0,-1.0,30.01406,20942.824,0.0,0.13229619,30.0,7694.568,384926.4,0.0,20.0,7872.5933,1702946200.0,0.0,31,0.49976876,1703023200.0,0.11872379,40,0.49962607,1703023200.0,0.0,40,0.49992394,1702945900.0,0.0035870462,Suspicious,Suspicious
0.008082325,0.0,1703023200.0,0.0,25,0.003011684,1703023200.0,150160.55,20,0.0,1702764500.0,1702356700.0,20,0,1702838500.0,-0.9999831,20.0,0.0,1702611300.0,0.0,20.0,0.0,1702633600.0,0.0,20.0,0.0,0.0,0.0,12,0.0,0.0,0.0332631,0,0.9990737,-9.536743e-07,0.0,0,0.0,81500.03,0.0,Suspicious,Benign
0.0,40.016594,1702818000.0,1702939400.0,20,40.010204,1702737500.0,1702845600.0,40,40.0,1703023200.0,0.0,40,64234,1702689000.0,-1.0,40.006245,0.0,1702845700.0,0.02391749,40.0,2.0538151,1702620900.0,1.6897427,40.0,0.0,1702870800.0,0.020206438,37,1.0,1703023200.0,0.0,40,0.0001502325,1702880800.0,0.0,40,1.0,1702983300.0,0.027140414,Attack,Attack-TCP-BYPass-V1
0.0010150858,19.98675,1702786400.0,1702880400.0,126,19.994623,1702829400.0,1702532400.0,20,20.0,1702400300.0,0.0,20,189,1702749000.0,-0.99973917,20.00254,4.5305433,1702543400.0,0.0,20.0,16.460333,1703023200.0,0.0,20.0,0.0,1702642800.0,0.01831633,27,0.00011980227,1702764800.0,0.0,20,0.9940446,1702838900.0,0.0,20,0.000117659736,1702766000.0,0.022026882,Attack,Attack-TCP-Flag-OSYNP
0.0,20.008993,1703023200.0,1702909600.0,55,20.006077,1702638700.0,1702961500.0,20,20.0,1702758400.0,0.0,20,144,1702573800.0,-0.9999835,20.00112,19.849861,1703023200.0,0.0,20.0,11.733062,1702883700.0,0.0,20.0,7.008408,1702447500.0,0.0,16,0.0,1702562600.0,0.0,20,0.00023092296,1703023200.0,0.0,20,0.0,1702775200.0,0.0,Attack,Attack-TCP-Flag-SYN-ACK
0.00094885664,40.00787,1702746000.0,1703023200.0,20,39.981983,1702808700.0,1702740000.0,40,40.0,1703023200.0,0.0,40,64257,1703023200.0,-0.9999521,40.004055,0.0,1702735400.0,0.003177006,40.0,0.7392625,1702891100.0,0.0,40.0,0.0,1702744300.0,0.006803414,42,0.99958867,1702853000.0,0.026337707,40,3.8371447e-05,1702911200.0,0.0,40,1.0,1703023200.0,0.029975247,Attack,Attack-TCP-BYPass-V1
0.0032782198,0.0009270267,1702821900.0,74488.41,23,0.0,1702797300.0,285613.62,20,0.0,1702414100.0,1702860500.0,20,0,1702570600.0,-1.0,20.005827,0.0,1702328700.0,0.033034205,20.0,0.0,1702986200.0,0.0,20.0,0.0,0.0,0.0,2,0.0,0.0,0.064718015,0,1.0,276149.22,0.02928752,0,0.00065388484,0.0,0.0,Benign,Benign-Systemic
0.0,20.000889,0.0,1702577700.0,69,19.991032,0.0,1702861700.0,20,20.0,-1.1920929e-06,1701878400.0,20,1187,40949.895,-0.9995416,20.002712,17771.086,0.0,0.0,20.0,12267.472,828290.1,4.308049,20.0,10472.702,1702540400.0,0.025715053,46,0.500419,1703023200.0,0.022090355,20,0.49991035,1702905600.0,0.0,20,0.49936518,1702619500.0,0.0,Benign,Benign
0.0,23.98864,1702478100.0,1702942700.0,20,24.00277,1702489600.0,1702735000.0,24,24.0,1702538600.0,0.0,24,1072,1703011500.0,-1.0,24.005552,0.0,1702555000.0,0.0,24.0,0.0,1702824200.0,0.0,24.0,6.5076966,1702683100.0,0.0,14,0.99986535,1702856600.0,0.015479758,24,0.00016274772,1702934500.0,0.007109996,24,0.99991345,1702651000.0,0.015688943,Benign,Benign
0.0031909812,20.003973,1703023200.0,1702792400.0,56,19.992567,1702824400.0,1702900700.0,24,20.0,1703023200.0,0.0,20,1087,1702725600.0,-0.9999888,23.997248,0.0,1702867800.0,0.0,20.0,0.0,1702925200.0,0.0,20.0,5.802497,1702585000.0,0.0,0,0.0,1702921700.0,0.031452738,20,0.0004307141,1703023200.0,0.0,20,0.0,1702642300.0,0.0,Benign,Benign-Web_Browsing_HTTP-S
0.0,19.979092,1703023200.0,1702880800.0,20,19.996767,1702925700.0,1702626200.0,20,20.0,1703023200.0,0.0,20,1152,1702980200.0,-0.99989563,20.0,0.0,1702576100.0,0.0,20.0,3.6213136,1703023200.0,0.0,20.0,0.0,1702807700.0,0.025554083,23,0.0,1703023200.0,0.0,20,0.0,1703023200.0,0.0,20,8.7650675e-05,1702778800.0,0.010944177,Suspicious,Suspicious
0.002785484,24.001213,0.0,0.0,44,24.020407,0.0,30505.412,24,24.0,470917.44,1703023200.0,20,1039,418688.4,-1.0,22.66499,35151.266,0.0,0.059016634,24.0,9991.49,345002.84,0.9935974,24.0,9204.986,0.0,0.08066524,35,0.666469,142216.97,0.011045067,24,0.33423397,734053.0,0.0,24,0.666989,0.0,0.035433386,Benign,Benign
0.0,32.34227,0.0,0.0,20,32.19018,0.0,399870.6,32,32.0,-1.1920929e-06,1702146800.0,20,0,155225.67,-1.0,27.88713,43263.92,502664.9,0.07712998,32.0,15027.649,772428.9,27.063448,32.0,44836.707,0.0,0.13300599,0,0.6707362,0.0,0.021820342,32,0.33480528,641887.06,0.06364504,32,0.6655968,0.0,0.1407794,Benign,Benign-Systemic
0.00015408194,39.982323,1702774700.0,1702839900.0,27,39.993443,1702629900.0,1702927200.0,40,40.0,1702994700.0,0.0,40,64246,1702506000.0,-1.0,40.006775,22.045134,1702635500.0,0.0,40.0,2.7646952,1702835000.0,0.0,40.0,0.0,1702779800.0,0.0,59,1.0,1702824700.0,0.012082514,40,0.0,1702919700.0,0.0014705745,40,0.9999091,1702676200.0,0.0075666015,Attack,Attack-TCP-BYPass-V1
0.1267329,0.00023650391,0.0,274907.94,42,0.039652955,344852.06,850860.0,20,0.0,-1.1920929e-06,0.0,20,0,857777.44,-0.99975526,20.0,0.0,148941.02,116.12302,20.0,15.029833,0.0,0.0,20.0,3.509721,0.0,0.010664976,37,0.0,486390.72,113.29542,0,0.4997689,600243.75,110.24872,0,0.0,750676.06,0.0,Attack,Attack-TCP-BYPass-V1
0.003774467,0.0,0.0,353092.62,59,0.02241811,45799.992,0.0,20,0.0,1702666600.0,217560.83,20,0,0.0,-1.0,20.000586,0.0,0.0,109.6708,20.0,10.047795,0.0,0.0,20.0,0.0,0.0,0.003148877,18,0.0,0.0,0.027879054,0,0.5008129,-9.536743e-07,109.77632,0,0.0,0.0,0.0,Benign,Benign-Web_Browsing_HTTP-S
0.0021661986,24.00135,0.0,387451.88,100,24.027742,420114.06,678433.9,24,24.0,32393.338,1702434400.0,20,1023,400027.44,-0.99993676,22.646849,38074.04,0.0,0.015346924,24.0,10894.629,241944.66,3.494555,24.0,29277.438,0.0,0.044635016,61,0.66662866,637207.2,0.0,24,0.33363533,167142.08,0.0,24,0.6669961,0.0,0.010857545,Benign,Benign
0.0,19.996138,1702800800.0,1702602100.0,20,19.98566,1702544900.0,1702431400.0,20,20.0,1702673900.0,74321.04,20,1219,1703023200.0,-1.0,20.0,0.0,1702813600.0,0.010456683,20.0,0.0,1703023200.0,0.4080904,20.0,0.0,1702581600.0,0.0035316348,0,0.0,1702937500.0,0.010266936,20,0.0,1702511200.0,0.0,20,0.0,1702782600.0,0.0037570097,Benign,Benign
0.0,0.0,1702868900.0,79653.94,20,0.0,1702860800.0,0.0,20,0.0,1702617100.0,1702249900.0,20,42,1703023200.0,-0.9999572,20.0,0.0,1702422700.0,0.009468691,20.0,0.0,1702820100.0,0.0,20.0,0.0,0.0,0.0,0,0.0,509493.4,0.009416084,0,1.0,356092.62,0.012672587,0,0.00062697945,0.0,0.0,Benign,Benign
0.0,31.97582,1702837900.0,1703023200.0,20,31.852318,1702931500.0,1702841200.0,32,32.0,1702386800.0,115212.234,32,392,1702960000.0,-0.99926096,29.978863,0.0,1702611200.0,0.0,32.0,0.0,1703023200.0,0.0,32.0,0.0,1702663200.0,0.0020643652,21,0.0007954869,1702857000.0,0.050296854,32,0.9972919,1703023200.0,0.0019195963,32,0.0,1702350300.0,0.027437506,Suspicious,Suspicious
0.0,40.002808,1702591900.0,1702751400.0,20,40.016712,1702677600.0,1702668000.0,40,40.0,1703023200.0,0.0,40,64157,1702983800.0,-1.0,40.00695,2.702071,1702887600.0,0.0,40.0,10.044621,1702731400.0,1.9227109,40.0,2.8225055,1702764800.0,0.0,37,1.0,1702971500.0,0.00446838,40,0.0,1703020400.0,0.0,40,0.99996966,1702943700.0,0.0153017,Attack,Attack-TCP-BYPass-V1
0.054876227,0.4147806,40536.195,0.0,811,19.966516,92974.81,13035.847,56,20.0,47595.926,0.0,20,64206,0.0,-0.99602973,35.877632,18940.326,0.0,0.061841525,20.0,18202.717,1113667.1,15.811695,20.0,5262.956,264572.22,0.22130579,323,0.0008101611,2490254.2,0.0,56,0.995835,-9.536743e-07,0.026451558,20,0.0005716597,295795.38,0.029534413,Benign,Benign-Web_Browsing_HTTP-S
0.0,40.003914,1702656100.0,1702871300.0,20,39.99073,1702638100.0,1702980600.0,40,40.0,1702867600.0,0.0,40,64182,1703023200.0,-1.0,40.001328,11.512165,1702764300.0,0.0,40.0,5.3699,1702786400.0,0.62191534,40.0,0.0,1703023200.0,0.0,35,1.0,1702806000.0,0.00096045854,40,0.0,1703023200.0,0.0033461188,40,1.0,1702733800.0,0.0029111758,Attack,Attack-TCP-BYPass-V1
0.0,40.00497,1703023200.0,1702971500.0,39,39.98563,1703023200.0,1702899500.0,40,40.0,1702753700.0,0.0,40,64250,1703010000.0,-0.9999484,39.98873,15.035977,1702741100.0,0.0,40.0,5.3232455,1703023200.0,0.0,40.0,2.679482,1702898700.0,0.0,40,1.0,1702939400.0,0.0,40,0.0005966464,1703023200.0,0.0,40,0.9999963,1702890900.0,0.026098391,Attack,Attack-TCP-BYPass-V1
36.54493,24.130264,0.0,0.0,631,24.130442,253784.84,597428.8,44,44.0,-1.1920929e-06,0.0,28,65535,963491.7,-0.99984443,44.0,0.0,685932.2,123.22055,44.0,0.0,440331.78,48.15636,44.0,15.230709,0.0,0.22249195,327,1.0,859084.3,2.178899,44,0.0034675766,1616147.8,0.0,28,0.9993322,565612.75,0.2606696,Benign,Benign-SSH
0.0027770442,20.00443,1702614300.0,1702607000.0,52,19.997175,830104.06,1702649600.0,20,20.0,1702888200.0,0.0,20,65535,66442.984,-0.9999774,20.0,5153.8296,0.0,0.046969756,20.0,3842.4678,1702502500.0,0.0,20.0,0.0,1702518500.0,0.011524504,30,0.49999556,1702902000.0,0.040600605,20,0.00014711168,1703023200.0,0.011269188,20,0.5003152,1702657300.0,0.015062129,Benign,Benign
0.1850493,19.945343,0.0,0.0,132,19.988884,95076.73,142819.25,20,20.0,-1.1920929e-06,66958.67,20,1016,102123.234,-0.9996586,20.0,65.31482,0.0,113.29926,20.0,10.896833,0.0,3.562956,20.0,43.330967,0.0,0.015481006,96,0.50004315,0.0,111.37551,20,0.0,612414.5,0.0,20,0.4994073,1114983.0,109.68301,Attack,Attack-Killall-v2
0.0068346,24.022518,1702680600.0,0.0,145,23.993336,194008.19,0.0,24,24.0,-1.1920929e-06,190231.72,24,1013,0.0,-1.0,24.008278,7658.987,0.0,0.052597508,24.0,0.0,0.0,4.5513434,24.0,0.0,0.0,0.08399632,70,0.9998257,311763.47,0.08864442,24,0.00021738904,-9.536743e-07,0.0,24,1.0,646923.8,0.096799485,Benign,Benign
0.0,31.887978,1702585000.0,1702984700.0,20,31.990932,1702965400.0,1702679800.0,32,32.0,1702716200.0,35746.797,32,290,1702499800.0,-0.99990755,30.952469,0.0,1702930600.0,0.0,32.0,0.0,1703001100.0,2.2586823,32.0,3.4275994,1702503000.0,0.0009541131,36,0.0,1703023200.0,0.017084215,32,1.0,1702858200.0,0.0,32,0.0,1702821500.0,0.012810128,Benign,Benign-SSH
0.0023454055,19.99367,0.0,0.0,32,19.999487,274752.66,474646.06,20,20.0,-1.1920929e-06,0.0,20,941,0.0,-0.99976546,20.00198,8117.0054,68820.16,0.18488058,20.0,2.3243768,132328.0,0.0,20.0,8740.683,0.0,0.16736493,66,1.0,1104056.1,0.1803239,20,0.00048990105,475879.16,0.010331079,20,0.99944454,0.0,0.20210147,Benign,Benign
0.0,23.974918,1702722400.0,1703023200.0,20,23.99053,1703023200.0,1702767500.0,24,24.0,1702872600.0,0.0,24,65535,1702824800.0,-1.0,23.990183,0.0,1702392300.0,0.0,24.0,0.0,1702988000.0,1.4865894,24.0,5.5609226,1702767600.0,0.00043017155,25,0.9998462,1702913700.0,0.009703359,24,0.00054603827,1703023200.0,0.0,24,1.0,1703023200.0,0.0,Attack,Benign-Systemic
12.660211,0.41427386,0.0,1041945.25,108,31.983162,213656.1,662042.94,32,32.0,-1.1920929e-06,158888.6,20,64333,0.0,-1.0,32.868107,0.0,0.0,219.33179,32.0,0.0,107480.93,47.704475,32.0,10.05153,0.0,0.22217354,113,0.0030008,48971.363,10.472807,32,0.9926205,422705.88,0.05065193,32,0.33693847,0.0,0.25883847,Suspicious,Suspicious
0.008916247,19.99856,450924.38,0.0,106,19.98008,0.0,300932.9,20,20.0,325140.66,1702892700.0,20,1207,0.0,-0.99959326,20.0,20186.006,0.0,0.11488491,20.0,9615.98,668250.75,8.736846,20.0,8242.72,0.0,0.12862994,86,0.66575044,822355.8,0.11681483,20,0.3336436,847606.9,0.0,20,0.6673321,445933.0,0.08651958,Benign,Benign
0.0047092563,0.024096152,208623.52,0.0,74,0.061437495,31414.586,907523.9,20,0.0,61556.652,0.0,20,75,0.0,-1.0,28.065903,35722.105,0.0,0.074132554,26.0,44987.06,0.0,0.0,20.0,0.0,0.0,0.0,1,0.49908105,0.0,0.07157909,0,0.50179243,143407.81,0.061637323,0,0.0010735474,0.0,0.0035319603,Benign,Benign-Systemic
0.0,0.0,1702921100.0,1253245.0,20,0.0,1703023200.0,0.0,20,0.0,1702572300.0,1702927600.0,20,52,1702785700.0,-1.0,20.00364,0.0,1702529900.0,0.0,20.0,0.0,1702657300.0,0.0,20.0,0.7872729,0.0,0.0,0,0.0,161155.34,0.0,0,0.9995619,581689.75,0.0,0,7.276357e-05,153260.52,0.0051043252,Benign,Benign
0.0,39.99857,1702581400.0,1703023200.0,20,39.978336,1702680000.0,1702817000.0,40,40.0,1703003300.0,0.0,40,64183,1703023200.0,-0.9999571,40.003857,16.38548,1702824300.0,0.0,40.0,4.8586464,1702622700.0,0.0,40.0,0.0,1702525800.0,0.0010993263,36,0.9999632,1703023200.0,0.0012423422,40,0.0,1702892800.0,0.0,40,1.0,1702946600.0,0.020215979,Attack,Attack-TCP-BYPass-V1
0.0071456735,19.992418,1703023200.0,1703023200.0,36,19.980694,1703023200.0,1702778000.0,20,20.0,1703023200.0,0.0,20,1188,1702870100.0,-1.0,20.0,6.4024777,1702937100.0,0.0,20.0,0.0,1702764200.0,1.9420443,20.0,9.35567,1702962600.0,0.016765026,28,0.0,1703023200.0,0.0,20,0.0005053943,1703023200.0,0.0051504313,20,0.0007254083,1702930600.0,0.0,Attack,Attack-TCP-Flag-RST-ACK
0.0031790745,23.998133,0.0,1702944800.0,70,23.98459,100880.91,1702858500.0,24,24.0,-1.1920929e-06,1702597400.0,20,65353,0.0,-0.9997715,21.994896,8900.161,0.0,0.17063026,22.0,3244.1902,147850.11,1.3525511,20.0,3484.4702,1702659700.0,0.0,34,0.4998706,1703008000.0,0.150496,24,0.5004737,1702931200.0,0.0,24,0.50012463,1702876700.0,0.0,Benign,Benign
0.0020389585,20.002691,205052.38,1702893200.0,58,19.992146,496962.53,1702851100.0,20,20.0,360176.94,1703023200.0,20,65498,712115.5,-0.9999107,20.0,2901.7734,0.0,0.8429221,20.0,1647.0024,0.0,0.0,20.0,2278.2378,1702880100.0,0.036048513,7,0.5001314,1703023200.0,0.88206744,20,0.4998582,1703023200.0,0.0,20,0.49990663,1702793200.0,0.006970214,Benign,Benign
0.002995744,0.044380974,1702777500.0,0.0,20,0.0,1702776200.0,0.0,20,0.0,1702742000.0,1702647400.0,20,0,1702581800.0,-0.9999345,20.000637,0.0,1702731600.0,0.0,20.0,1.651281,1702553600.0,0.0,20.0,3.0945346,0.0,0.0,0,0.0,0.0,0.03625712,0,1.0,162291.3,0.0352402,0,0.0,363793.94,0.0,Benign,Benign-Web_Browsing_HTTP-S
17.0903,39.783527,0.0,256720.11,139,39.802773,0.0,0.0,28,28.0,241497.47,0.0,20,8359,283321.38,-0.9998331,28.69648,0.0,475403.03,169.2034,28.0,0.0,872364.75,45.65894,28.0,24.641428,0.0,0.2206413,111,0.6672969,537010.8,12.93377,28,0.3354244,691083.6,0.10569809,28,0.6634367,1267182.1,0.23971722,Benign,Benign-Systemic
0.0,23.99635,1702791300.0,1703023200.0,20,23.985523,1702919800.0,1702411000.0,24,24.0,1702790000.0,0.0,24,943,1703023200.0,-0.99978846,24.002052,0.0,1702282100.0,0.0,24.0,0.0,1702589600.0,0.0,24.0,0.0,1702762000.0,0.029532554,37,1.0,1703023200.0,0.0,24,0.0,1703023200.0,0.00480565,24,1.0,1702730000.0,0.03694508,Suspicious,Suspicious
0.0007342946,40.011837,1703023200.0,1702955900.0,64,40.004208,1702513400.0,1702602600.0,40,40.0,1703023200.0,0.0,40,64213,1703023200.0,-0.9997252,40.00254,0.0,1702879100.0,0.009657029,40.0,0.0,1702776300.0,3.7652574,40.0,0.0,1702817500.0,0.024181332,62,1.0,1702834400.0,0.015613831,40,0.00019111078,1703023200.0,0.005703543,40,1.0,1702886000.0,0.0,Attack,Attack-TCP-BYPass-V1
0.0035079997,23.984468,1703023200.0,1702855300.0,20,23.986689,1703023200.0,1702584000.0,24,24.0,1702870700.0,0.0,24,1084,1702657500.0,-1.0,23.997025,0.11989988,1703023200.0,0.0,24.0,2.7890525,1703007600.0,1.6571771,24.0,0.0,1702568600.0,0.0010229619,8,1.0,1702971100.0,0.0,24,0.00014739158,1702649600.0,0.0,24,0.99965215,1702603000.0,0.004377278,Benign,Benign
0.001503353,23.996067,1702933200.0,1702438100.0,20,23.998144,1702535600.0,1702479600.0,24,24.0,1703013000.0,0.0,24,65447,1702843600.0,-1.0,24.002289,0.0,1702668500.0,0.0,24.0,1.730308,1702804100.0,0.0,24.0,0.0,1702558700.0,0.0,4,0.9995124,1702700900.0,0.0,24,0.00018892535,1702658000.0,0.00095425977,24,1.0,1702541700.0,0.0,Benign,Benign
0.013737711,32.645397,0.0,1702549600.0,61,24.129549,0.0,1702966900.0,52,40.0,-1.1920929e-06,1702713900.0,20,30000,496652.53,-0.99989724,37.565174,10800.508,0.0,0.12928534,36.0,8841.674,0.0,8.320667,20.0,4133.2925,1702423200.0,0.04732229,27,0.49966186,1702479100.0,0.094835036,52,0.5000129,1703023200.0,0.0,52,0.50037897,1702780000.0,0.005554752,Suspicious,Suspicious
0.0,23.990282,0.0,1702794000.0,20,23.995565,0.0,1702939600.0,24,24.0,-1.1920929e-06,0.0,20,1006,169739.11,-1.0,22.66457,105056.37,0.0,0.08501569,22.0,65131.48,150604.52,0.0,24.0,39625.992,1702704400.0,0.015398749,0,0.66663426,1702844400.0,0.051210046,24,0.33347103,1702859600.0,0.01341841,24,0.3334546,1702752400.0,0.004722364,Benign,Benign
0.0,0.4163087,0.0,0.0,69,39.99137,0.0,488893.84,28,28.0,-1.1920929e-06,1701863000.0,20,8768,28673.297,-0.9998639,26.869135,35374.02,0.0,0.03536997,28.0,14481.7,223183.75,0.00601996,28.0,29144.43,0.0,0.030004494,56,0.66620684,1140802.8,0.06452886,28,0.33378017,-9.536743e-07,0.0,28,0.66626614,0.0,0.0,Benign,Benign-Systemic
0.0033066627,20.005222,1702579100.0,1702738200.0,20,19.992117,1702901400.0,1702320400.0,20,20.0,1702835700.0,205019.47,20,1142,1702895700.0,-1.0,20.0,2.3567598,1702607700.0,0.0,20.0,0.7554421,1703023200.0,0.04906308,20.0,0.0,1702587100.0,0.0,0,0.0,1702933900.0,0.0,20,0.0,1702699000.0,0.0,20,0.0,1702808200.0,0.0077335797,Benign,Benign-Web_Browsing_HTTP-S
0.003311534,40.04052,1702707500.0,1702867100.0,20,39.978283,1702744600.0,1702564600.0,40,40.0,1703023200.0,0.0,40,64262,1702713600.0,-0.99978894,40.009293,0.0,1703023200.0,0.0,40.0,0.0,1702915800.0,0.0,40.0,0.0,1702731000.0,0.0,30,1.0,1702895900.0,0.029296849,40,0.00014754638,1702715300.0,0.0033709637,40,1.0,1702937700.0,0.022245198,Attack,Attack-TCP-BYPass-V1
